query,counter,visits,visitors
цифра ижевск,50863157,135,0
типография цифра ижевск,50863157,128,0
цифра,50863157,122,0
цифра типография ижевск,50863157,102,0
типография цифра,50863157,94,0
типография ижевск,50863157,89,0
цифра типография,50863157,47,0
удмуртская республика ижевск 7-я подлесная улица 34 цифра,50863157,45,0
типография цифра ижевск официальный сайт,50863157,45,0
цифра ижевск печатный салон,50863157,40,0
печать визиток ижевск,50863157,24,0
цифра ижевск типография,50863157,20,0
цифра 18 ижевск,50863157,19,0
визитки ижевск заказать,50863157,18,0
цифра 18,50863157,16,0
визитки ижевск,50863157,15,0
типографии ижевск,50863157,14,0
удмуртская республика ижевск 7-я подлесная улица 34 циfrа,50863157,13,0
уф печать ижевск,50863157,13,0
еврофлаер размер в см,50863157,12,0
изготовление табличек ижевск,50863157,10,0
широкоформатная печать ижевск,50863157,10,0
изготовление визиток ижевск,50863157,10,0
еврофлаер размеры,50863157,10,0
печать на кружках ижевск,50863157,9,0
ижевск цифра,50863157,8,0
типография ижевск официальный сайт,50863157,8,0
евро флаер размеры стандарт,50863157,8,0
category_id:(184107180),50863157,8,0
печать на холсте ижевск,50863157,7,0
еврофлаер размеры макета,50863157,7,0
ижевск типография,50863157,7,0
цифра печатный салон,50863157,7,0
печать на футболках ижевск,50863157,6,0
ооо цифра ижевск,50863157,6,0
еврофлаер размер,50863157,6,0
цифра печать,50863157,6,0
цифра сарапул официальный сайт,50863157,6,0
печать на ручках ижевск,50863157,6,0
печать баннеров ижевск,50863157,6,0
печать а3 ижевск,50863157,6,0
визитки ижевск заказать дешево,50863157,6,0
изготовление значков ижевск,50863157,5,0
брендирование авто ижевск,50863157,5,0
еврофлаер размеры для печати,50863157,5,0
цветная печать а4 ижевск,50863157,5,0
баннеры ижевск,50863157,5,0
печать на пенокартоне,50863157,5,0
печать листовок ижевск,50863157,5,0
евро флаер размеры,50863157,5,0
цифра 18 типография,50863157,5,0
печать на пенокартоне ижевск,50863157,5,0
печать на ткани флаг ижевск,50863157,4,0
печать фото на пенокартоне ижевск,50863157,4,0
уф печать,50863157,4,0
еврофлаер размер для печати,50863157,4,0
цифра 18 рф,50863157,4,0
цифра рекламное агентство,50863157,4,0
изготовление флагов ижевск,50863157,4,0
изготовление стендов ижевск,50863157,4,0
печать постеров,50863157,4,0
цифра печать ижевск,50863157,4,0
печатный салон ижевск,50863157,4,0
полиграфия ижевск,50863157,4,0
цифра сервис ижевск официальный сайт ижевск,50863157,4,0
дтф печать ижевск,50863157,4,0
лазерная гравировка в ижевске,50863157,4,0
печать,50863157,4,0
типография,50863157,4,0
печатный салон,50863157,4,0
izhcifra@yandex.ru,50863157,4,0
цифра сайт,50863157,4,0
печать флагов ижевск,50863157,4,0
типография в ижевске,50863157,4,0
заказать визитки,50863157,3,0
печать лекал ижевск,50863157,3,0
изготовление баннеров ижевск,50863157,3,0
изготовление флагов в ижевске,50863157,3,0
изготовление магнитов ижевск,50863157,3,0
сувенирная продукция ижевск,50863157,3,0
изготовление наклеек ижевск,50863157,3,0
евро флаер размер,50863157,3,0
уф печать на пластике,50863157,3,0
печать баннера ижевск,50863157,3,0
"{""text"":""широкоформатная печать"",""what"":[{""attr_name"":""category_id"",""attr_values"":[""184107120""]}]}",50863157,3,0
типография ижевск цены,50863157,3,0
печать на чехлах для телефонов ижевск,50863157,3,0
евро флаеры,50863157,3,0
печать на самоклеящейся бумаге,50863157,3,0
печатный салон цифра,50863157,3,0
печать наклеек ижевск,50863157,3,0
печать на файлах,50863157,3,0
типография ижевск визитки,50863157,3,0
лифлет а4 2 фальца размеры,50863157,3,0
печать на прозрачной пленке,50863157,3,0
уф печать в ижевске,50863157,3,0
dtf печать ижевск,50863157,3,0
гравировка ижевск,50863157,3,0
типография ижевск цифра,50863157,3,0
лазерная гравировка ижевск,50863157,3,0
фотообои в ижевске каталог и цены,50863157,3,0
заказать пазл по фото ижевск,50863157,3,0
баннер ижевск,50863157,3,0
изготовление бейджей,50863157,3,0
печать на бутылках для воды ижевск,50863157,3,0
ручки с логотипом на заказ ижевск,50863157,2,0
рекламные материалы из пластика,50863157,2,0
печать на папках лавсановых,50863157,2,0
печать картины,50863157,2,0
плоттерная резка ижевск типография,50863157,2,0
производство пвх табличек ижевск,50863157,2,0
брендирование папки,50863157,2,0
пленка бекфлик печать на,50863157,2,0
печать на термосах ижевск,50863157,2,0
сканирование чертежей а0 ижевск,50863157,2,0
квартальный календарь на 2025 год,50863157,2,0
постер на пластике,50863157,2,0
флаги ижевск,50863157,2,0
квартальный календарь 2025,50863157,2,0
печать на футболках,50863157,2,0
шоколад 5 гр с логотипом,50863157,2,0
копии документов ижевск,50863157,2,0
цифра типографи,50863157,2,0
печать ижевск,50863157,2,0
термокружка с логотипом на заказ ижевск,50863157,2,0
типографии,50863157,2,0
"{""text"":""полиграфические услуги"",""what"":[{""attr_name"":""category_id"",""attr_values"":[""184107124""]}]}",50863157,2,0
печать на постерной бумаге ижевск,50863157,2,0
печать наклеек в ижевске,50863157,2,0
хенгеры заказать ижевск,50863157,2,0
евролистовка размер,50863157,2,0
ижцифра,50863157,2,0
бейдж ламинированный,50863157,2,0
печать на ежедневниках,50863157,2,0
ручки с принтом на заказ,50863157,2,0
изготовление флагов,50863157,2,0
пакеты с логотипом на заказ ижевск,50863157,2,0
печать на ватмане цена ижевск,50863157,2,0
брендированные ежедневники с логотипом ижевск,50863157,2,0
изготовление сувенирной продукции ижевск,50863157,2,0
печать на карандашах,50863157,2,0
цифровая печать ижевск,50863157,2,0
флаг на заказ,50863157,2,0
ручки с логотипом ижевск,50863157,2,0
распечатать лекало ижевск,50863157,2,0
прозрачные визитки,50863157,2,0
печать флага ижевск,50863157,2,0
типография цифра 18,50863157,2,0
изготовление информационных табличек в ижевске,50863157,2,0
уф печать на пластике ижевск,50863157,2,0
"типография ""цифра""",50863157,2,0
печать фотообоев ижевск,50863157,2,0
цифровое фольгирование,50863157,2,0
цветная печать,50863157,2,0
ручки с логотипом на заказ,50863157,2,0
визитки ижевск цена,50863157,2,0
переплет на пластиковую пружину цена,50863157,2,0
бутылки для воды с нанесением логотипа,50863157,2,0
заказать печать флага,50863157,2,0
магниты на заказ ижевск,50863157,2,0
печать на ткани ижевск,50863157,2,0
типографии ижевска,50863157,2,0
наручные часы под заказ ижевск,50863157,2,0
рекламные агентства,50863157,2,0
http://цифра18.рф,50863157,2,0
изготовление медалей ижевск,50863157,2,0
магнитные закладки на заказ с логотипом,50863157,2,0
печать календарей ижевск,50863157,2,0
печать книг,50863157,2,0
печать на пластике ижевск,50863157,2,0
типография цифры,50863157,2,0
нанесение уф печати на лдсп ижевск,50863157,2,0
плоттерная резка ижевск,50863157,2,0
цифра ручки ижевск,50863157,2,0
лавсановая папка,50863157,2,0
материалы для полиграфии конверты перламутровые,50863157,2,0
печать на обоях ижевск,50863157,2,0
бейджи на заказ,50863157,2,0
"Цифра 7-я Подлесная ул., 34 Отзывы",50863157,2,0
ручки на заказ с логотипом ижевск,50863157,2,0
печать постеров ижевск,50863157,2,0
типография цифра ижевск официальный,50863157,2,0
ижевск печать визиток,50863157,2,0
что такое печать на пенокартоне,50863157,2,0
печать книги ижевск,50863157,2,0
изготовление пресс вола ижевск,50863157,2,0
печатные салоны ижевск,50863157,2,0
распечатать а3 в ижевске,50863157,2,0
заказать визитки ижевск,50863157,2,0
ручка с логотипом заказать ижевск,50863157,2,0
ламинирование фото цена,50863157,2,0
пресс волл ижевск,50863157,2,0
печать на баннере ижевск,50863157,2,0
печать на футболках ижевск цены,50863157,2,0
визитки,50863157,2,0
печать визиток стоимость за 100 штук,50863157,2,0
ламинирование листов а4 цена,50863157,2,0
печать на чехле для телефона ижевск,50863157,2,0
фотопечать на мдф ижевск,50863157,2,0
цифра печатный салон ижевск,50863157,2,0
фотообои на заказ ижевск,50863157,2,0
печать на магнитных закладках,50863157,2,0
кубик с фотографиями на заказ ижевск,50863157,2,0
цифра18.рф,50863157,2,0
печатный салон цифра ижевск,50863157,2,0
типографии в ижевске,50863157,2,0
брендированные ручки ижевск,50863157,2,0
печать табличек ижевск,50863157,2,0
печать на файлах для документов,50863157,2,0
печать на баннере ижевск цена,50863157,2,0
цветная печать ижевск а4,50863157,2,0
футболки с логотипом на заказ ижевск,50863157,2,0
печать чертежей ижевск,50863157,2,0
печать лекал в якутске,50863157,2,0
заказать визитки в ижевске,50863157,2,0
"печать на флажной сетке, двусторонняя зеркальная печать, 5 люверсов с левой стороны.",50863157,2,0
печать на пленке самоклеящейся ижевск,50863157,2,0
ооо цифра,50863157,2,0
закатные значки на заказ,50863157,2,0
типография иж цифра,50863157,2,0
ризограф ижевск,50863157,2,0
ламинирование формата а2 ижевск,50863157,2,0
евро флаер,50863157,2,0
ижевск изготовление коробок из картона,50863157,2,0
цифра компания по печати,50863157,2,0
печать на бутылках ижевск,50863157,2,0
цифра18 ижевск,50863157,2,0
"карманы из пэт о,7",50863157,2,0
бейдж ижевск Заказать вк,50863157,1,0
ижевск двусторонняя цветная печать,50863157,1,0
конфеты с фото на заказ ижевск,50863157,1,0
печать фа3 ижевск,50863157,1,0
печать фирменных ручек ижевск стоимость,50863157,1,0
распечатать самоклеящуюся этикетку А5 ижевск,50863157,1,0
заламинировать плакат,50863157,1,0
печать на плоттере ижевск,50863157,1,0
печать фотографий,50863157,1,0
Типография,50863157,1,0
визитки вип ижевск,50863157,1,0
визитки софт тач,50863157,1,0
изготовление пакетов пвд с логотипом,50863157,1,0
купить штендер бу в ижевске,50863157,1,0
ооо цифра,50863157,1,0
печать картины на холсте в ижевске,50863157,1,0
печать квартальных календарей,50863157,1,0
сделать футляр для ручки и распечатать,50863157,1,0
сувенирная продукция с логотипом на заказ ижевск,50863157,1,0
футляры для ручек из бумаги для учителя своими руками,50863157,1,0
циfra ижевск,50863157,1,0
визитки прозрачные,50863157,1,0
изготовление лент и значков ижевск,50863157,1,0
календарь настенный стандарт 1/18,50863157,1,0
календарь цифра ижевск,50863157,1,0
квартальный календарь 2025 год,50863157,1,0
ролл апп зенон,50863157,1,0
стенд госсимволика на заказ ижевск,50863157,1,0
фигурные магниты на заказ,50863157,1,0
шоколад с лого ижевск,50863157,1,0
браслет силиконовый 180х12х2 белый,50863157,1,0
печать на пакетах где разместить инфо,50863157,1,0
полноцветная печать на пленке,50863157,1,0
полупрозрачные визитки ижевск,50863157,1,0
типография сделать календарь,50863157,1,0
тиснение на ежедневниках,50863157,1,0
фотообои на заказ в ижевске,50863157,1,0
цена уф печати метра квадратного,50863157,1,0
https://цифра18.рф/catalog/mobilnye-stendy/,50863157,1,0
заламинировать лист а4 цена,50863157,1,0
изготовление сувенирной рекламной продукции ижевск,50863157,1,0
карандашами где печатать,50863157,1,0
нанесение уф печати в ижевске,50863157,1,0
печать визиток премиум класса,50863157,1,0
печать на дереве ижевск,50863157,1,0
дтф печать заказать,50863157,1,0
календарь рассчитать типография,50863157,1,0
открытки с шоколадом с вашим логотипом,50863157,1,0
печать в ижевске,50863157,1,0
печать на мдф панели,50863157,1,0
печать на мдф панели ижевск,50863157,1,0
плакетка ламинированная а4,50863157,1,0
плотный метериал на который можно разместить плакат,50863157,1,0
ролап заказать ижевск,50863157,1,0
ролапы заказать ижевск,50863157,1,0
салон цифра,50863157,1,0
типография печать на футболках,50863157,1,0
фотопечать на камнях идевск,50863157,1,0
где в ижевске печатают выпуклые визитки,50863157,1,0
как быстро оклеит борт газели,50863157,1,0
распечатать баннеры ижевск,50863157,1,0
фото на кружке заказать ижевск,50863157,1,0
рекламный штендер изготовить в ижевске,50863157,1,0
рекламный штендер купить Ижевск,50863157,1,0
сделать печать чтобы ставить на коробку,50863157,1,0
Стенд ижевск,50863157,1,0
"обложка 4+0 верхняя, нижняя без печати., бумага 250 гр. внутренний блок без печати, вхи 80 гр, 40 листов.",50863157,1,0
описание услуги по ламинирования документов,50863157,1,0
печатные салоны ижевск цифра,50863157,1,0
печать почтовых конвертов,50863157,1,0
печать роллапа типография цифра,50863157,1,0
фотообои распечатать в ижевске,50863157,1,0
шоколад 5 гр с логотипом\,50863157,1,0
евробуклет 210*99,50863157,1,0
конструкция для пресс волла купить ижевск,50863157,1,0
на чем печатают в роллап бэклит,50863157,1,0
напечатать флаг на заказ ижевск,50863157,1,0
напечатать футболку со своим принтом ижевск,50863157,1,0
печать блокнотов,50863157,1,0
рекламные стойки ижевск,50863157,1,0
цифра ижевск вакансии,50863157,1,0
цифровая полиграфия цифра ижевск,50863157,1,0
Типографии цифра,50863157,1,0
лента для бейджа русал,50863157,1,0
распечатка на плоттере ижевск,50863157,1,0
сертификат в открытке описание,50863157,1,0
стикерпак на заказ печать,50863157,1,0
цифра ипография,50863157,1,0
где заказать ручку с логотипом в ижевске,50863157,1,0
ижевск изготовление флагов,50863157,1,0
изготовление ежедневников с логотипом,50863157,1,0
копировальный цетр цифра,50863157,1,0
купить шоколад 5 грамм в россий,50863157,1,0
печать плакат ижевск,50863157,1,0
стоимость распечатки листа а4 черно белая,50863157,1,0
"сувенирная продукция ао иэмз ""купол""",50863157,1,0
уф печать ижевск недорого,50863157,1,0
флаги на заказ ижевск,50863157,1,0
цены на разработку логотипа в студии цифра ижевск,50863157,1,0
Креативная презентация вещами кубики трансформеры и тд,50863157,1,0
бумажные ручки с нанесением ижевск,50863157,1,0
ижевск дизайн настольного перекидного календаря стоимость,50863157,1,0
изготовление ежедневников с логотипом в ижевске,50863157,1,0
изготовление табличек с адресом ижевск,50863157,1,0
набор для брендирования кофе и шоколад,50863157,1,0
печать визиток 1000 шт.,50863157,1,0
сколько стоит горячая ламинация пленки услуга,50863157,1,0
стоимость уф печати на флешках,50863157,1,0
типографий цифра ижевск,50863157,1,0
3д печать на заказ в ижевске,50863157,1,0
Ультрафиолетовая печать на металле таблички,50863157,1,0
где в ижевске можно напечатать на а 2,50863157,1,0
удмуртская республика ижевск удмуртская улица 214 грифель,50863157,1,0
изготовление конвертов с логотипом в ижевске,50863157,1,0
информационные таблички на заказ ижевск,50863157,1,0
лазерная гравировка ижевск прайс,50863157,1,0
напечатать пазл в ижевске,50863157,1,0
папка уголок прозрачная лавсановая,50863157,1,0
печать больших форматов в ижевске,50863157,1,0
печать на футболке 128р,50863157,1,0
печать стикеров на самоклеющейся бумаге в ижевске,50863157,1,0
проклейка баннера ижевск,50863157,1,0
распечатать листовки ижевск а5 формат,50863157,1,0
состав папки уголка из лавсана,50863157,1,0
визитка прозрачная пластиковая,50863157,1,0
ижевск магнитные закладки,50863157,1,0
печать на пвх,50863157,1,0
фальцовка a3,50863157,1,0
цифра типография ижевск официальный сайт,50863157,1,0
шоколад с логотипом,50863157,1,0
"0,85х2 роллап cdr",50863157,1,0
"баннер с логотипом проекта 7,2 *4,8*3,5 печать в удмуртии",50863157,1,0
брендированный квартальный календарь 2025,50863157,1,0
изготовление баннера ижевск,50863157,1,0
изготовление календаря ижевск,50863157,1,0
ламинирование а0,50863157,1,0
листовка 210*99,50863157,1,0
печать логотипа на ручках в ижевске,50863157,1,0
производство лавсановых папок,50863157,1,0
цифра18рф,50863157,1,0
бутылка для воды mystik 700мл,50863157,1,0
железные бейджики для медперсонала ижевск,50863157,1,0
заказать кружку с логотипом ижевск,50863157,1,0
заказать ручку шариковую с надписью ижевск,50863157,1,0
закатной значок с уф печатью,50863157,1,0
изготовление ручек с логотипом ижевск,50863157,1,0
изготовление табличек на дверь ижевск,50863157,1,0
календарь квартальный три в одном,50863157,1,0
непримитивные подарки корпоративные,50863157,1,0
оцифровка картины ижевск,50863157,1,0
печать баннера 2х3 цена,50863157,1,0
печать цифровая ижевск цена,50863157,1,0
резка sra3 плоттер,50863157,1,0
сувениры с уф печатью,50863157,1,0
футболки с принтом на заказ ижевск,50863157,1,0
шоколадки с логотипом,50863157,1,0
бумажный чехол для ручек,50863157,1,0
заказать брендированные шоперы ижевск,50863157,1,0
именная кружка ижевск,50863157,1,0
кубарик трансформер,50863157,1,0
кубик-трансформер под нанесение,50863157,1,0
ламинирование листов ижевск,50863157,1,0
печать баннера 2х3 цена ижевск,50863157,1,0
печать на пленке плюс резка ижевск,50863157,1,0
пэт карманы на стенд описание,50863157,1,0
цифровая  печать на самоклейке цена,50863157,1,0
что такое самосборное дно,50863157,1,0
магниты виниловые 15х21,50863157,1,0
дизайн магнитных закладок,50863157,1,0
крафт пакеты с логотипом ижевск,50863157,1,0
пазлы по фото на заказ ижевск официальный сайт,50863157,1,0
типография цифра ижевск подлесная,50863157,1,0
УФ печать на пластиковую деталь в Ижевске,50863157,1,0
бейджи с логотипом,50863157,1,0
сувениры с уф печатью купить,50863157,1,0
типография цифрп,50863157,1,0
шоколад 5гр в коробке с логотипом,50863157,1,0
деревянные пазлы с фото человека,50863157,1,0
изготовление бейджиков,50863157,1,0
пот карманы с прозрачным скотчем,50863157,1,0
реклама на автомобиле в ижевске,50863157,1,0
суаенирные крудки с печатью ижевсе,50863157,1,0
фотообои ижевск производители,50863157,1,0
цифра типография рекламно-производственная компания,50863157,1,0
часовщик ижевск изготовление часов,50863157,1,0
шоколад 5гр в коробке книга с лого,50863157,1,0
штамп картонного футляра для сувенирной ручки скачать,50863157,1,0
визитка изготовление,50863157,1,0
для и чего использовать роликовый стенд,50863157,1,0
пермь рулонное ламинирование формата 455мм,50863157,1,0
пластиковая визитка 0.46,50863157,1,0
плоттер ижевск производство,50863157,1,0
прессволы ижевск,50863157,1,0
рекламные агентства ижевск,50863157,1,0
рекламный баннер в ижевске,50863157,1,0
ризограф в ижевске,50863157,1,0
цена уф печать на пластике ижевск,50863157,1,0
Коробка-открытка с шоколадом с логотипом ижевск,50863157,1,0
изготовление медалей и кубков в ижевске,50863157,1,0
коммерческое предложение на услуги по переплету,50863157,1,0
ламинировать а4 цена,50863157,1,0
спортивная бутылка с логотипом на заказ,50863157,1,0
фотокубик заказать в ижевске,50863157,1,0
фотопечать на стену,50863157,1,0
цена печати формата а6 матовой миелиновой бумаги с горячим ламинированием 1500шт.,50863157,1,0
"цифра 7-я подлесная ул., 34 отзывы",50863157,1,0
чехол для ручки распечатать для врача,50863157,1,0
печать карточек цена ижевск,50863157,1,0
печать на металле типография,50863157,1,0
стенды торговое оборудование,50863157,1,0
коробки для шоколада ижевск,50863157,1,0
листовки для рекламы цена,50863157,1,0
флешка с логотипом на заказ ижевск,50863157,1,0
dtf ижевск,50863157,1,0
заказать листовки,50863157,1,0
изготовление медалей в ижевске,50863157,1,0
логотип на шоколаде ижевск,50863157,1,0
производство магнитиков ижевск,50863157,1,0
таблички ижевск,50863157,1,0
"Цифра 7-я Подлесная ул., 34, Ижевск Отзывы",50863157,1,0
Шоколад с логотипом 5 грамм - PREMIUM купить,50863157,1,0
баннеры пресс волы изготовление,50863157,1,0
брендированная шоколадка размеры,50863157,1,0
визитки с тиснением фольгой,50863157,1,0
возможно ли нанесение логотипа на софт-тач поверхность,50863157,1,0
где сделать баннер для наружной рекламы игра удмуртия,50863157,1,0
ежедневники из натуральной кожи под печать ижевск,50863157,1,0
ижевск печать на чехлах для телефонов,50863157,1,0
изготовление и монтаж баннеров ижевск,50863157,1,0
картина интерьерная на холсте на заказ идевск,50863157,1,0
печать А3 двухстороняя печать,50863157,1,0
где можно в ижевске найти стенд для детского сада размерами 100х190,50863157,1,0
евробуклет на 1 фальц,50863157,1,0
ижевск создание пазла на заказ,50863157,1,0
"изготовление визиток,буклетов, брошюр, цена",50863157,1,0
изготовление фирменной кружки-термоса стоимость ижевск,50863157,1,0
компании по изготовлению открыток с 4 шоколадными плитками,50863157,1,0
листовка в формате евро флаер,50863157,1,0
нанесение до 50см^2,50863157,1,0
производство блокнотов ижевск,50863157,1,0
рекламный полноцветный планшет,50863157,1,0
цена медалей из металла в идевске у рекламщиков,50863157,1,0
шоколад с логотипом заказать в ижевске,50863157,1,0
шоколад с логотипом на заказ 5 г 1 шт цена,50863157,1,0
bpujnjdktybt dbpbnjr b;tdcr,50863157,1,0
Холщовая сумка шоппер (нанесение — полноцветная печать DTF на одной стороне). Цвет: белый. Размеры: 350х390х3 мм; высота ручки: 35 см;длина ручки: 70 см. Материал: 100% экологически чистый хлопок(диагональное плетение). Плотность материала: не менее 230 - 240 гр/м2.,50863157,1,0
баннерная печать 2 на 3,50863157,1,0
брендирование шоколада ижевск,50863157,1,0
где можно распечатать на а2 ижевск цветной принтер,50863157,1,0
ижевск печать на кружках,50863157,1,0
календари с логотипом ижевск,50863157,1,0
пакеты фирменные заказать,50863157,1,0
переплет календаря,50863157,1,0
распечатка а3 цветная ижевск,50863157,1,0
таблички с накаткой,50863157,1,0
фальцовка а4 цена,50863157,1,0
фальцовка листа в а4 цена,50863157,1,0
"цветная печать d 'ktrnhjnt[ybrb d ,sne d ижевскt",50863157,1,0
бейджики с логотипом,50863157,1,0
белые блокноты под нанесение купить типография,50863157,1,0
изготовление информационные стенды ижевск,50863157,1,0
изготовление календаря на заказ цена,50863157,1,0
калькированные конверты ижевск,50863157,1,0
купить конверты перламутр,50863157,1,0
магнитные закладки 35х150мм на заказ с логотипом,50863157,1,0
накатка пленки на пластик с загибами цифра,50863157,1,0
печатаете на папке уголок ?,50863157,1,0
печать на термопленке для ткани,50863157,1,0
размер лифлета в 2 фальца рулон 320 470,50863157,1,0
рассчитать стримость баннеров ижевск,50863157,1,0
сколько стоит сделать визитку ижевск около улицы свобода,50863157,1,0
термокружки с логотипом на заказ,50863157,1,0
типография цифра блокноты на пружине,50863157,1,0
типография эксперт магнит ижевкс,50863157,1,0
фотопостер ижевск,50863157,1,0
title промо,50863157,1,0
аренда пресс волла ижевск,50863157,1,0
вырезка из картона ижевск,50863157,1,0
где в ижевске есть недорогая цветная печать на принтере,50863157,1,0
ижевск изготовить пазлы из фотографий,50863157,1,0
кубарик,50863157,1,0
печать листовок ижевск дешево,50863157,1,0
печать на бумажных пакетах ижевск,50863157,1,0
сколько стоит печать пластиковой карты,50863157,1,0
дизайнерский картон виды,50863157,1,0
как сшить самому рф флаг,50863157,1,0
ленты для бейджей с логотипом на заказ,50863157,1,0
пакеты брендированные ижевск,50863157,1,0
пакеты на заказ с логотипом,50863157,1,0
рекламные флаги для помещений,50863157,1,0
термокружка с логтоипом ижгту,50863157,1,0
"типография, ижевск, печать на метализированном самоклеящемся пластике",50863157,1,0
футболки с принтом ижевск петровский,50863157,1,0
ижевск печатный салон,50863157,1,0
производство карандашей печать на карандашах картин,50863157,1,0
крепление для холста картинки,50863157,1,0
фрески печать,50863157,1,0
пластик для визиток матовый прозрачный,50863157,1,0
цифра ижевск сайт,50863157,1,0
Ижевск ламинирование 50х70,50863157,1,0
брендирование газели Ижевск,50863157,1,0
изготовление наручных часов с фотографией на заказ ижевск,50863157,1,0
какой винил подойдет для изготовления магнитных закладок для книги,50863157,1,0
календари на заказ ижевск,50863157,1,0
квартальный календарь на 2025 год с рекламой,50863157,1,0
коробка конверт с логотипом спб,50863157,1,0
папка лавсановая с уф печатью,50863157,1,0
печать логотипа на ручках в ижевске от 1 штуки,50863157,1,0
печать на лавсановых папках ижевск,50863157,1,0
печать на термокружках в одном экземпляре с символикой в ижевске,50863157,1,0
сколько стоит распечатать лист а4,50863157,1,0
цифра / цифра 18 официальный сайт,50863157,1,0
цифра 18.рф,50863157,1,0
эко ручки ижевск,50863157,1,0
Цветная печать на формате а1,50863157,1,0
бархатные зелёные конверты,50863157,1,0
заказать ежедневники с логотипом компании в ижевске,50863157,1,0
заказать стенды в ижевске,50863157,1,0
изготовление фрески на стену ижевск,50863157,1,0
информационные таблички заказать в ижевске,50863157,1,0
обои фотопечать на стену под заказ в школу ижевск,50863157,1,0
основание настольного календаря домик самосборный,50863157,1,0
печать бейджиков ижевск,50863157,1,0
печать на прозрачной пленке ижевск,50863157,1,0
сканирование а1 и а2 ижевск,50863157,1,0
уф печать на эко ручках,50863157,1,0
флаг болельщика заказать с логотипом ижевск,50863157,1,0
цифра + ижевск,50863157,1,0
цифра сувенирка,50863157,1,0
конверты из кальки оптом,50863157,1,0
магниты с логотипом на заказ,50863157,1,0
мурманск песать на повербар,50863157,1,0
печать на материале заказчика,50863157,1,0
разработка лекал ижевск,50863157,1,0
футляр для ручки бумажный,50863157,1,0
цена визитки в идевске,50863157,1,0
Печать заказать для крафтовых пакетов самостоятельно в Ижевске,50863157,1,0
заказать печать конвертов ижевск,50863157,1,0
подарочные наборы с логотипом компании как у bork у кого еще шоколад дарят,50863157,1,0
услуги ризографа,50863157,1,0
заказать табличку ижевск,50863157,1,0
ролл апп ижевск,50863157,1,0
power bank под заказ с лого ижевск заказать,50863157,1,0
акриловые брелки ижевск,50863157,1,0
бэклит печать цена,50863157,1,0
вывеска из пленки купить ижевск,50863157,1,0
заказать табличку,50863157,1,0
заказать чехол на телефон со своим дизайном ижевск,50863157,1,0
изготовление стендов информации ижевск,50863157,1,0
изготовление сувениров из акрила в ижевске,50863157,1,0
производство и печать на шопперах ижевск,50863157,1,0
сколько стоит пластиковая карта в ижевске,50863157,1,0
уголок для документов фирменный,50863157,1,0
уф печать на папках уголок а4,50863157,1,0
флешки с логотипом на заказ,50863157,1,0
фотообои печать на заказ ижевск,50863157,1,0
баннер ролл-ап 1м/2м рязань,50863157,1,0
"ламинация, формата а3 в ижевске",50863157,1,0
печать по металлу ижевск,50863157,1,0
печать рисунка на карандаше,50863157,1,0
средняя цена за квадратный метр уф печати ижевск,50863157,1,0
типография бумажки для шоколадок 5 гр,50863157,1,0
где в ижевске можно распечатать на принтере а бумагу а 3,50863157,1,0
заказать чехол со своим принтом на телефон ижевск,50863157,1,0
коробки крышка дно на заказ в чебоксарах,50863157,1,0
печать газеты ижевск,50863157,1,0
печать на сумках шопперах,50863157,1,0
сувенирная продукция заказать ижевск,50863157,1,0
сувениры корпоративные ижевск,50863157,1,0
термокружка с логотипом ижевск,50863157,1,0
типография листы,50863157,1,0
услуги печати плоской поверхности,50863157,1,0
цифра Ижевск,50863157,1,0
цифра календари,50863157,1,0
изготовление эко ручек ижевск,50863157,1,0
сканирование а1 цена,50863157,1,0
типографии ижевска печать каледнарей,50863157,1,0
уф печать на usb-флешки,50863157,1,0
фото что это такое печать листовок А5,50863157,1,0
эко ручки ижевск купить,50863157,1,0
брендирование автомобиоя реклама ижевск,50863157,1,0
где недорого в ижевске сделать визитки,50863157,1,0
готовые голографические наклейки купить,50863157,1,0
евробуклет формат листовки,50863157,1,0
ламинирование а2 в ижевске,50863157,1,0
печать картин тжевск,50863157,1,0
фотопостер на пенркарионе,50863157,1,0
вода с логотипом на заказ ижевск,50863157,1,0
разработка и печать календаря ижевск,50863157,1,0
стоимость баннера 2 на 4,50863157,1,0
кружки с логотипом на заказ,50863157,1,0
фото на пенокартон ижевск цена,50863157,1,0
category_id:(184107134),50863157,1,0
индивидуальный отрывной календарь,50863157,1,0
печать на постерной бумаге,50863157,1,0
печать упаковки из ручки,50863157,1,0
пигментная печать,50863157,1,0
сделать пазлы ижевск,50863157,1,0
таблички уличные из пвх на заказ удмуртия,50863157,1,0
"календарь ""домик с перекидными листами"" ульяновск",50863157,1,0
макет чехла бумажного под ручку,50863157,1,0
медали под заказ ижевск,50863157,1,0
папки уголки как нанести логотип,50863157,1,0
печать на greyback,50863157,1,0
распечатать пазл удмуртии,50863157,1,0
сделать крерокомию документов в ижевске сколько стоит?,50863157,1,0
стенды в ижевске доставка,50863157,1,0
типография сувениры,50863157,1,0
цифра агентство,50863157,1,0
баннер заказать цена,50863157,1,0
брошюровка ижевск,50863157,1,0
где в кирово чепецке купить голографические наклейки,50863157,1,0
ижевск брендирование авто,50863157,1,0
изготовим на заказ таблички с номерами квартиры любой сложности,50863157,1,0
интерьерная печать на прозрачной пленке,50863157,1,0
кубик - трансформер лучшие варианты,50863157,1,0
плитки шоколад с логотипом,50863157,1,0
распечатать на сублимацию в ижевске,50863157,1,0
сделать флаг в ижевске,50863157,1,0
цена на сублимационную печать ижевск,50863157,1,0
ццветная печать,50863157,1,0
7 подлесная типография,50863157,1,0
дорхолдеры цена,50863157,1,0
ижевск ежедневники с логотипом,50863157,1,0
сувенирная продукция с логотипом для детей ижевск,50863157,1,0
уличные стенды на заказ ижевск,50863157,1,0
уф печать на дереве в ижевске,50863157,1,0
что можно напечатать на самоклеющейся для рукоделокбумаге,50863157,1,0
bpujnjdktybt pyfxrjd d b;tdcrt,50863157,1,0
Печать на плоттере ижевск,50863157,1,0
"Сканирование документов А2, А1 копирование А1, А2 Ижевск",50863157,1,0
брендированные подарки для партнеров,50863157,1,0
гравировка на термокружке ижевск,50863157,1,0
инженерная печать ижевск,50863157,1,0
кортонная открытка визитка на перёвочке 5*7 см,50863157,1,0
переплести дипломную работу в ижевске на карте,50863157,1,0
печать баннера на картоне,50863157,1,0
печать выкроек на плоттере ижевск,50863157,1,0
ручка с логотипом ижевск,50863157,1,0
сканирование а1 ижевск,50863157,1,0
цифра ижевск значок,50863157,1,0
бумажные ручки,50863157,1,0
печать лист в цвете ижевск,50863157,1,0
ручки из бумаги с логотипом заказать в ижевске,50863157,1,0
заклеить будку на газели виниловой плёнкой,50863157,1,0
магазин цифра ижевчк,50863157,1,0
магазин цифра можга сколько стоит распечатка фото,50863157,1,0
нанесение логотипа на папка-планшет а4 в спб,50863157,1,0
фотопечать для бра,50863157,1,0
изготовление торговый островков в г. Ижевск,50863157,1,0
календарь на магните с логотипом ижевск,50863157,1,0
печать на футболках ижевск коммерческое предложение,50863157,1,0
распечатать а1 формат ижевск,50863157,1,0
сертификат а6,50863157,1,0
уличные стенды купить ижевск 18,50863157,1,0
уф-печать по радиусу,50863157,1,0
фото характеристик квартального календаря мини,50863157,1,0
брошюра а5 с разворотом,50863157,1,0
ежедневник на заказ со своим дизайном ижевск,50863157,1,0
ижевск цифра пазлы,50863157,1,0
изготовление производственных стендов,50863157,1,0
печатная продукция ижевск,50863157,1,0
печать на баннере,50863157,1,0
печать на хлопке ижевск,50863157,1,0
плакетки купить ижевск,50863157,1,0
сайт цифра,50863157,1,0
сканирование а0 ижевск,50863157,1,0
термопленка на одежду на заказ,50863157,1,0
изготовим часы ижевск,50863157,1,0
печать дтф ижевск,50863157,1,0
плоттерная резка 1.6 метра,50863157,1,0
производство рекламных материалов листовок ижевск,50863157,1,0
стенд sqdcm купить ижевск,50863157,1,0
сублимация ижевск,50863157,1,0
типография ижевск дизайн сертификата,50863157,1,0
уф печать на пакетах пвд,50863157,1,0
ижевск коммерческие предложения для изготовления табличек для поликлиники,50863157,1,0
магнитная закладка сделать на заказ один экземпляр,50863157,1,0
мини буклет 99x210,50863157,1,0
пластик под бейдж размером 86х54 мм,50863157,1,0
пресс волл баннер заказать ижевск,50863157,1,0
реклама на баннере ижевск,50863157,1,0
сумка шопперы черные пошив ижевск,50863157,1,0
услуги сканирования формата А3 в Ижевске,50863157,1,0
установка рекламных баннеров ижевск,50863157,1,0
футляр бумажный для ручки и карандаша двойной,50863157,1,0
брелки на заказ в ижевске,50863157,1,0
еврофлаер размер в пикселях,50863157,1,0
как фальцевать а1 до а3,50863157,1,0
лавсановая папка а 4,50863157,1,0
печать баннера цена,50863157,1,0
печать монохром уф,50863157,1,0
печать рабочей тетради ижевск цена,50863157,1,0
баннеры сделать цены,50863157,1,0
подарочная упаковка для алкогольной бутылки изготовление ижевск,50863157,1,0
евро листовка размер в пикселях,50863157,1,0
надпись на карандаше где можно заказать,50863157,1,0
сделать блокнот с цитатами ижевск,50863157,1,0
типография циф,50863157,1,0
брошюровка стоимость,50863157,1,0
визитки в ижевске,50863157,1,0
изготовление табличек ижевск\,50863157,1,0
информационные таблички в ижевске заказать,50863157,1,0
печать 1440 dpi на прозрачной виниловой плёнке oracal ижевск,50863157,1,0
печать на самоклеящейся пленке ижевск,50863157,1,0
планшет цифра 18 с ламинацией,50863157,1,0
резка по меткам на листовом плоттере sra3,50863157,1,0
стоимость изготовления заламинированной фотографии а3 формата в удмуртии,50863157,1,0
шоколад с именным фото ижевск,50863157,1,0
баннер цены 2*3 ижевск,50863157,1,0
изготовление прессвола ижевск стоимость,50863157,1,0
изготовление ручек фирменного ижевск,50863157,1,0
коробка для футболки,50863157,1,0
кубик с фотографиями на заказ,50863157,1,0
нанесение маркировки на ручки ижевск,50863157,1,0
печать на флге ижевск,50863157,1,0
печать этикеток в рулоне на самоклеющейся бумаге в ижевске,50863157,1,0
принты на ручки в ижевске,50863157,1,0
сделать визитки в ижевске,50863157,1,0
уличная доска для объявлений заказать в ижевске,50863157,1,0
цифра в ижевске,50863157,1,0
брендирование Дастера стоимость ижевск,50863157,1,0
заказ медалей для соревнований ижевск,50863157,1,0
ижцифра ижевск,50863157,1,0
календарь 2025 квартальный,50863157,1,0
коробки для маек,50863157,1,0
уф печать на стальном листе ижевск,50863157,1,0
виды бумаги для визиток,50863157,1,0
ламинация а4 цена за лист,50863157,1,0
плакметалл купить ижевск,50863157,1,0
производство пластиковых карт ижевск,50863157,1,0
трц петровский ижевск магазин фотопечать футболки шоперы,50863157,1,0
брендирование ежедневников,50863157,1,0
виниловые магниты ижевск,50863157,1,0
напечатать подарочные сертификаты хохряки типография,50863157,1,0
печать а2 цветная ижевск,50863157,1,0
печать на бумаге 80г метр,50863157,1,0
распечатать а1 формат,50863157,1,0
распечатка лекал ижевск,50863157,1,0
типография цифра официальный сайт,50863157,1,0
чехол со своим фото заказать ижевск,50863157,1,0
изготовление табличек на кабинеты ижевск,50863157,1,0
печать лаборатория ижевск,50863157,1,0
распечатать ижевск,50863157,1,0
сканировать а2 ижевск,50863157,1,0
картины с фотографии большие в ижевске,50863157,1,0
печать на акриле ижевск,50863157,1,0
"резка под индивидуальный размер тонировочная пленка черная матовая окон шириной 1,83 м в ижевске",50863157,1,0
фотообои бесшовные заказать ижевск,50863157,1,0
101 x 212 мм coplfnm,50863157,1,0
Принт на кружке,50863157,1,0
баннерная печать цена за метр,50863157,1,0
нанесение логотипа на папки пвх для документов,50863157,1,0
напечатать комикс ижевск,50863157,1,0
оргстекло ижевск брендирование,50863157,1,0
печать на лдсп,50863157,1,0
печать наклеек на самоклеющейся бумаге ижевск,50863157,1,0
плоттерная резка бумаги,50863157,1,0
сколько стоит ламинация листа а4,50863157,1,0
стенд с кармашками заказать ижевск,50863157,1,0
цифровая печать листовка а5,50863157,1,0
где в ижевске можно сделать фотообои на заказ по своей фотографии в ижевске цена,50863157,1,0
ип корнеев визитки ижевск,50863157,1,0
календарь на заказ,50863157,1,0
квартальный календарь 3в1 стоимость,50863157,1,0
печать а0 ижевск,50863157,1,0
пластиковые визитки ижевск,50863157,1,0
поклейка наклеек в офис ижевск,50863157,1,0
стенды ролл ап 88007005310,50863157,1,0
уф печать на софт тач кружке,50863157,1,0
учебные информационные стенды ижевск,50863157,1,0
nbgjuhfabz wbahf,50863157,1,0
roll up baner ижевск,50863157,1,0
Кто делает конверты и открытки в ижевске,50863157,1,0
брошюровка документов ижевск,50863157,1,0
"визитки 4+4, мел. 300 гр. с ламинацией софт тач и с фольгированием с одной стороны",50863157,1,0
изготовление подарочных сертификатов на софт-тач ижевск,50863157,1,0
как подготовить макет для плоттерной резки,50863157,1,0
коробка для упаковки календаря,50863157,1,0
кружки аврорки смотреть,50863157,1,0
печать календа,50863157,1,0
печать стендов в ижевске цены,50863157,1,0
работа в печатный салон ижевск циыра,50863157,1,0
тейблтенты,50863157,1,0
уф-печать,50863157,1,0
фотокубик заказать спб,50863157,1,0
цифра а2 в ижевске,50863157,1,0
акция на печать визиток,50863157,1,0
где можно заказать фотообои со своей фотографией в ижевске,50863157,1,0
заламинировать листы сколько стоит ижевск,50863157,1,0
какая нормальная цена за печать на самоклеющейся бумаге,50863157,1,0
повербанк свой полиграфия ижевск,50863157,1,0
ультрафиолетовая печать на дереве ижевск,50863157,1,0
шоколад с брендом напечатать,50863157,1,0
ижевск печать на ручках,50863157,1,0
стоимость визиток ижевск,50863157,1,0
цифра ижевск печать футболки,50863157,1,0
шоколад 5гр с индивидуальным дизайном,50863157,1,0
документы на стену,50863157,1,0
заказать стенд для школьного кабинета труда в ижевске,50863157,1,0
офсетная печать визиток ижевск,50863157,1,0
пазлы на заказ в ижевске,50863157,1,0
печать блокнотов на заказ по индивидуальному проекту,50863157,1,0
печать флага,50863157,1,0
фольгирование в полиграфии,50863157,1,0
кубик рубик из фотографий заказать в ижевске,50863157,1,0
печать евробуклетов ижевск,50863157,1,0
ежедневник с логотипом на заказ ижевск,50863157,1,0
календари премиального качества,50863157,1,0
календари типография ижевск,50863157,1,0
печать для кружки ижевск,50863157,1,0
печать на термокружках ижевск,50863157,1,0
печать софт тач гравировка в ижевске,50863157,1,0
распечатать а4 в цвете ижевск,50863157,1,0
сделать голограмму ижевск,50863157,1,0
5 гр шоколад сотрудничество,50863157,1,0
двухсторонняя печать флага,50863157,1,0
ксерокопия сколько стоит ижевск,50863157,1,0
печать билетов на мероприятие,50863157,1,0
пластик для визиток,50863157,1,0
wbahf b;tdcr,50863157,1,0
заказать фотопанно на дереве ижевск,50863157,1,0
кружки с принтом в ижевске цифра,50863157,1,0
ламинирование листа а1 в ижевск,50863157,1,0
напечатать билеты на концерт ижевск,50863157,1,0
печать баннеров ижевск стоимость,50863157,1,0
печать белым тонером,50863157,1,0
печать на термос ижевск,50863157,1,0
печать фото на самоклеющейся пленке,50863157,1,0
полистирол баннер,50863157,1,0
прошить документы ижевск,50863157,1,0
рекламные стендыижевск,50863157,1,0
цифра печать телефон,50863157,1,0
ежедневники с логотипом на заказ,50863157,1,0
инженерная типогрфия ижевск,50863157,1,0
наклейки печать ижевск,50863157,1,0
напечатать календарь со своим дизайном,50863157,1,0
печатный салон заказать роллап ижевск,50863157,1,0
пластиковые карты печать ижевск,50863157,1,0
сделать стенд в ижевске,50863157,1,0
стенд переносной,50863157,1,0
шоколадки 5 грамм ижевск,50863157,1,0
изготовление конвертов с5 ижевск,50863157,1,0
коробка бумажная для духов ручка,50863157,1,0
печать на крафт бумаге ижевск,50863157,1,0
сколько стоит рулонная ламинация услуга,50863157,1,0
"{""text"":""типография"",""what"":[{""attr_name"":""category_id"",""attr_values"":[""184107134""]}]}",50863157,1,0
лазерные печати в ижевске,50863157,1,0
наклейки в ижевске заказать,50863157,1,0
печать визиток в городе Ижевске,50863157,1,0
сколько стоит печать на пауэрбанке,50863157,1,0
формат а3 распечатать ижевск,50863157,1,0
ижевск где заказать шоколадку чтобы подписали надписью,50863157,1,0
распечатать цветной а1 в ижевске,50863157,1,0
уф печать на пвх,50863157,1,0
шоколад горький 5гр брендированный,50863157,1,0
баннер 2 на 2 с ценой ижевск,50863157,1,0
заламинировать а4 в ижевске,50863157,1,0
"крепление для картин и постеров, петля поворотная для пенокартона.",50863157,1,0
сколько стоит заказать визитки в ижевске,50863157,1,0
"сколько стоит распечатка на а 3 формате в ""цифре"" в юрге",50863157,1,0
цифра 18. рф,50863157,1,0
штендер рекламный или ролап,50863157,1,0
ижевск изготовление кружек с логотипом,50863157,1,0
изготовление мобильного стенда двустороннего roll-up 1мх2м,50863157,1,0
печать на баннерах ижевск,50863157,1,0
печать на флаге ижевск,50863157,1,0
печать фото на стеклянной кружке ижевск,50863157,1,0
рекламная печать на файле,50863157,1,0
брендирование файликов,50863157,1,0
печать на блокноте а5 30 листов на пружине,50863157,1,0
печать на лазерном принтере с белым тонером заказать,50863157,1,0
печать на ручках в ижевске,50863157,1,0
таблички на кабинет пластик накатка,50863157,1,0
таблички оптом ижевск,50863157,1,0
хенгер вес 1шт,50863157,1,0
как делают нанесение цветного логотипа на блокнот,50863157,1,0
нанести уф лак печать цены,50863157,1,0
печать на пакетах,50863157,1,0
пресс волл ижевск аренда,50863157,1,0
цветная печать а4 ижевск на плотной бумаге,50863157,1,0
ежедневники с логотипом на заказ ижевск,50863157,1,0
иевск печать на блокнот,50863157,1,0
изготовление баннеров ролапов ижевск,50863157,1,0
изготовление значков на заказ в ижевске,50863157,1,0
печать на кружка 772712,50863157,1,0
срочная широкоформатная печать,50863157,1,0
типография заказать бейджи ижевск,50863157,1,0
дорхолдеры дешево заказать москва,50863157,1,0
печать картины на холсте по фото ижевск,50863157,1,0
расписать флаг ижевск,50863157,1,0
наклейка на упаковку товара с логотипом,50863157,1,0
ролап ижевск,50863157,1,0
купить прессвол ижевск с печатью,50863157,1,0
печать баннера,50863157,1,0
печать фото на ватмане,50863157,1,0
подарки ижевск,50863157,1,0
заказать уголки со своим штрифтом,50863157,1,0
изготовление ролл-апов в ижевске,50863157,1,0
календарь квартальный 2025,50863157,1,0
нанесение логотипа на бутылки для воды ижевск,50863157,1,0
дтф печать.ижевск,50863157,1,0
лазерная печать а4 цена,50863157,1,0
стенд 1*1 купить ижевск,50863157,1,0
где можно напечатать по заказу обои,50863157,1,0
сделать свой флаг в ижевске,50863157,1,0
а 2 печать цветом цена в ижевске,50863157,1,0
конверты из кальки на заказ,50863157,1,0
ремонт стеллы ижевск,50863157,1,0
цифра на подлесной ижевск,50863157,1,0
офсетная печать,50863157,1,0
сканнер а2 в ижевске,50863157,1,0
ижевск печать,50863157,1,0
ижевск печать формат а3,50863157,1,0
печать визиток в ижевске,50863157,1,0
x баннер с печатью ижевск,50863157,1,0
аналог фотокубика,50863157,1,0
еврофлаер это,50863157,1,0
печать визиток ижевск стоимость,50863157,1,0
печать на клеевой основе ижевск,50863157,1,0
сколько стоит напечатать визитки в ижевске,50863157,1,0
брендированная продукция ижевск,50863157,1,0
где можно заламинировать бумагу в ижевске,50863157,1,0
ижевск изготовление роллапа,50863157,1,0
печать на ручках,50863157,1,0
печать на шопперах ижевск,50863157,1,0
прессвол с баннером купить ижевск 3х2 м,50863157,1,0
стоимость уф печати,50863157,1,0
таблички баблы ижевск,50863157,1,0
информационный стенд 70×110,50863157,1,0
печать на блокнотах ижевск,50863157,1,0
печать на шоперах ижевск,50863157,1,0
"цифра 7-я подлесная ул., 34, ижевск",50863157,1,0
беджи на заказ ижевск,50863157,1,0
блокнот а5 с дизайном ижевск,50863157,1,0
блокнот а6 4+0,50863157,1,0
ижевск распечатка рекламных баннеров,50863157,1,0
изготовление баннеров ижевск 3 на 2,50863157,1,0
организация цифра ижевск,50863157,1,0
печать на самоклеющейся бумаге а3 идевск,50863157,1,0
печать на футболке,50863157,1,0
печать ролапа ижевск,50863157,1,0
печать ролл апа ижевск,50863157,1,0
прайс на изготовление мерча в удмуртии,50863157,1,0
прозрачные визитки ижевск,50863157,1,0
распечатать упаковку на шоколадку ижевск,50863157,1,0
ролл-апп для привлечения студентов в компанию,50863157,1,0
сувенирка с покрытием soft touch без нанесения,50863157,1,0
типография цифра тжевск,50863157,1,0
уф печать на пвх ижевск,50863157,1,0
шоперы ижевск однотон,50863157,1,0
пазл на заказ по фотографии,50863157,1,0
печать билетов с перфорацией в ижевске,50863157,1,0
печать выкроек на плоттере в ижевске,50863157,1,0
печать подарочного пакета,50863157,1,0
сделать пластиковые визитки ижевск,50863157,1,0
содержание проектной работы по изготовлению пвх табличек с qr-кодом для сада,50863157,1,0
уф печать сколько стоит,50863157,1,0
печатный салон qr сбп ижевск,50863157,1,0
печать на папках уголках,50863157,1,0
стенд,50863157,1,0
стенд на стену с установкой заказать ижевск,50863157,1,0
упаковка для свитера,50863157,1,0
уф печать в ижевске на фанере,50863157,1,0
фотосалон ижевск фото на чехол телефона,50863157,1,0
бесшовные обои для стен ижевск,50863157,1,0
блокноты а6 с логотипом на заказ цена на пружинке,50863157,1,0
визитка цифра цена,50863157,1,0
печать изображения на ткани на флаг,50863157,1,0
печать лекала,50863157,1,0
печать стикерпаков в ижевске,50863157,1,0
ролл-ап в ижевске,50863157,1,0
таблички на оргстекле изготовление ижевск,50863157,1,0
уф печать купить,50863157,1,0
уф печать на фанере ижевск,50863157,1,0
Где сделать надпись на ручку в ижевске,50863157,1,0
брендирование крафт коробок в ижевске,50863157,1,0
изготовление пластикового бейджа,50863157,1,0
печать а4 цветная печать цена,50863157,1,0
печать на папке с кнопкой,50863157,1,0
печать фото ижевск на баннерах,50863157,1,0
фото на конверте из кальки,50863157,1,0
евробуклет стоимость,50863157,1,0
ижевск сканирование больших лекал,50863157,1,0
печать на баннерной ткани ижевск цена,50863157,1,0
печать на мелованной бумаге ижевск,50863157,1,0
плоский настенный карман купить ижевск,50863157,1,0
распечатать на самоклеющейся бумаге цена а4,50863157,1,0
упаковка для футболок,50863157,1,0
типография «цифра»,50863157,1,0
широкоформатная печать баннеров,50863157,1,0
аврора кружки тгк,50863157,1,0
изготовление бейджей с логотипом ижевск,50863157,1,0
изготовление ролл апа,50863157,1,0
изготовлерие пресс вола в идевске,50863157,1,0
картина на пластике купить,50863157,1,0
печать листовок а6 цена,50863157,1,0
табличка стол занят купить в ижевске,50863157,1,0
таблички номера из стеклопластика,50863157,1,0
типография ижевск распечатать сертификат а4,50863157,1,0
удмуртская республика ижевск улица 10 лет октября 53 флаги на заказ,50863157,1,0
услуги принтера А3,50863157,1,0
цифровая печать 1+1 а3 цена ижевск,50863157,1,0
"6.4.1.1. бейдж – материал пластик, формат а6",50863157,1,0
soft touchкарандаши под брендирование,50863157,1,0
брендирование авто пленкой цена ижевск,50863157,1,0
бумага визиток названия,50863157,1,0
голограммы заказать в ижевске,50863157,1,0
евро буклеты,50863157,1,0
евробуклет печать,50863157,1,0
информационный стенд в ижевске,50863157,1,0
информационный стенд с карманами а4 купить в ижевске,50863157,1,0
стоимость печати флагов 90х135 в ижевске,50863157,1,0
табличка фасадная из оргстекла для госучреждения ижевск,50863157,1,0
термобутылояка печать идевск,50863157,1,0
флешка закать свой текст,50863157,1,0
заламинировать карту большого формата в ижевске,50863157,1,0
изготовление рисунка на лдсп,50863157,1,0
купить с логотипом ижевск,50863157,1,0
пазлы с нанесением,50863157,1,0
печать баннеров для фотозоны,50863157,1,0
печать картин втипографии,50863157,1,0
сделать визитки срочно ижевск,50863157,1,0
"брошюровка степлером на 2 скобы, цена",50863157,1,0
картины на заказ печать на синтетическом холсте,50863157,1,0
контурная резка цена за лист,50863157,1,0
лифлер с 2 фальцами размер,50863157,1,0
наклейки с голограммой ижевск,50863157,1,0
печать силиконовых бирок в ижевске,50863157,1,0
ручка изготовление ижевск,50863157,1,0
ручки на заказ с печатью,50863157,1,0
титл ш1 ручка,50863157,1,0
уф dtf печать ижевск,50863157,1,0
шоколадки с лого ижевск,50863157,1,0
бутылка с печатью 1000р,50863157,1,0
кубок наградной купить ижевск,50863157,1,0
купить в ижевске памятные сувениры для награждения команды по волейболу,50863157,1,0
мобильныц стенд ролл ап ижевск,50863157,1,0
скрепление брошюры степлером-брошюровщиком цена,50863157,1,0
большой магнит сделать в ижевске,50863157,1,0
печатать выкроек на плоттере ижевск,50863157,1,0
печать а1 цветная цена идевс,50863157,1,0
печать этикеток наклеек в ижевске,50863157,1,0
баннер в школу первые ижевск цены интернет магазины,50863157,1,0
кубик типография ижевск,50863157,1,0
печать бирок ижевск,50863157,1,0
ручка с нанесением ижевск,50863157,1,0
ручки с логотипом заказать ижевск,50863157,1,0
уф печать на плашке из pla пластика,50863157,1,0
баннер на стену в формате а1,50863157,1,0
блок листов для записей 500 листов с печатью,50863157,1,0
напечатать бирки в ижевске 1000 шт,50863157,1,0
пвх для печати,50863157,1,0
производство пвх бейджей с печатью,50863157,1,0
производство стильной упаковки для трикотажа,50863157,1,0
сделать футляр для ручки из бумаги,50863157,1,0
стенды в ижевск,50863157,1,0
фото на керамической плитке ижевск,50863157,1,0
цифраижевск,50863157,1,0
sticky note case mockup,50863157,1,0
изготовление блокнотов на пружине ижевск,50863157,1,0
изготовление бумажных пакетов с печатью,50863157,1,0
изготовление одной папки из переплетного картона в типографии цена,50863157,1,0
папка уголок лавсановая,50863157,1,0
печать закладок 150х60,50863157,1,0
печать лазерная а4,50863157,1,0
сколько стоит печать баннера,50863157,1,0
типография цифра в ижевске,50863157,1,0
уф печать на овале,50863157,1,0
izhcifra,50863157,1,0
"{""text"":""рекламное агентство"",""what"":[{""attr_name"":""category_id"",""attr_values"":[""184107180""]}]}",50863157,1,0
ижевск дизайн и печать баннеров ролап,50863157,1,0
изготовить стенд в ижевске,50863157,1,0
лазерная гравировка на заказ срочно ижевск,50863157,1,0
лист баннерный Ижевск купить,50863157,1,0
"стенд переносной 2*1,8",50863157,1,0
ультрофиолетовая печать ижевск,50863157,1,0
УФ печать цена,50863157,1,0
заказать плакаты самоклеющиеся цветные в ижевске,50863157,1,0
изготовление папки ижуевск,50863157,1,0
лифлет мел 115гр 2 фальца,50863157,1,0
мерч ижевск,50863157,1,0
наградная печатная продукция коммерческое предложение ижевск,50863157,1,0
печать на тейбл тенты в ижевске,50863157,1,0
стоимость распечатки чертежа a1,50863157,1,0
термокружка с фотографией на заказ ижевск,50863157,1,0
формат -еврофлаер односторонний,50863157,1,0
листовки Ижевск типография,50863157,1,0
печать карандашом,50863157,1,0
изготовление блокнотов а5,50863157,1,0
карманы прозрачные для рекламных акций,50863157,1,0
открытка с фольгированием а6,50863157,1,0
печать на чехле,50863157,1,0
распечатка флаеров в ижевске,50863157,1,0
уф печать стоимость квадратного метра,50863157,1,0
"бейдж: бумага 115 г\м2, 4+4, ламинация. размер – 105х137 мм; лента с двусторонней полноцветной печатью длина каждой не менее 80 см.",50863157,1,0
кубик-трансформер 80*80 брендирование для мероприятия,50863157,1,0
листовки ижевск,50863157,1,0
печать на шоколадке ижевск,50863157,1,0
распечатать на цветном принтере цена а4 в ижевске,50863157,1,0
Лекала в plo ижевск,50863157,1,0
заламинировать лист а3 ижевск,50863157,1,0
"ижевск, ксерокопии документов - тарифы на услугу",50863157,1,0
изготовление табличек на входную группу ижевск,50863157,1,0
кружка с логотипом на заказ ижевск,50863157,1,0
печать плёнки по собственному дизайну в ижевске,50863157,1,0
софт тач визитки ижевск,50863157,1,0
шоколад с логотипом на заказ ижевск,50863157,1,0
"ижевск, оклейка газели",50863157,1,0
кружка печать на заказ,50863157,1,0
оклейка авто брендирование,50863157,1,0
печать блэклит ижевск,50863157,1,0
пластиковые карты,50863157,1,0
ручки на заказ балезино,50863157,1,0
термокружка miora,50863157,1,0
"фаспринт что делает,ижевск",50863157,1,0
шоперы ижевск,50863157,1,0
брендированные пакеты на заказ ижевск,50863157,1,0
брошюровка на металлическую пружину цена,50863157,1,0
обертки на шоколад с фото ижевск,50863157,1,0
распечатка визиток цена,50863157,1,0
цветная карточка 1 лист а4 сколько стоит в ижевске,50863157,1,0
заказать изготовление пазлов ижевск,50863157,1,0
напечатать стикер пак,50863157,1,0
нанесение надписи на ручку ижевск,50863157,1,0
пленка самоклеющаяся на заказ,50863157,1,0
баннеры виды и размеры заказать,50863157,1,0
"изготовление press-wall 2*3м с логотипом, цена в ижевске",50863157,1,0
изготовление картин Ижевск,50863157,1,0
надпись на кружке,50863157,1,0
пазл по фото на заказ,50863157,1,0
папка вырубная а4 картонная с логотипом,50863157,1,0
печать логотипа на файлах-вкладышах для документов,50863157,1,0
печать на листе плотностью 300,50863157,1,0
постеры печать,50863157,1,0
прошивка на степлер стоимость,50863157,1,0
цифра mail@cf18.ru,50863157,1,0
баннер на заказ,50863157,1,0
визитки заказать в центре города ижевск,50863157,1,0
где заказать визитки ижевск недорого,50863157,1,0
корпоративные наборы на 23 февраля 8 марта с логотипами компании,50863157,1,0
ламинирование документов ижевск,50863157,1,0
печать на кружках и футболках ижевск,50863157,1,0
печать на самоклеющейся бумаге ижевск,50863157,1,0
резка пленки самоклеющаяся ижевск,50863157,1,0
ролап 1х2 м цена,50863157,1,0
фотопечать на кружках ижевск,50863157,1,0
изготовление табличек на дверь кабинета ижевск,50863157,1,0
кубик печать на заказ,50863157,1,0
мерч надпись на карандаше,50863157,1,0
печать постеров на заказ,50863157,1,0
печать фото на чехле для телефона ижевск,50863157,1,0
принтфото ижевск,50863157,1,0
цветная двусторонняя печать а4 стоимость,50863157,1,0
Папки картонные производители в удмуртской республике,50863157,1,0
баннер ижевск стоимость,50863157,1,0
баннер цена за квадратный метр,50863157,1,0
брендирование повербанков ижевск,50863157,1,0
прейскурант печать чертежей а2 ижевск цена,50863157,1,0
пресс вол ижевск сделать,50863157,1,0
размер еврофлаера,50863157,1,0
ультрафиолетовая печать уф ширина 800 мм высота 150,50863157,1,0
широкоформатная печать пленка на стекла ижевск,50863157,1,0
эффект голограммы печать ижевск,50863157,1,0
изготовить пакеты с логотипом своей фирмы недорого,50863157,1,0
ламинация а 4,50863157,1,0
мобильные стенды и выставочные конструкции,50863157,1,0
развертка упаковки для пишущей ручки,50863157,1,0
распечатка а1 в цвете цена,50863157,1,0
стоимость распечатки 1 листа ижевск,50863157,1,0
цена распечатать карточки для блокноты ижевск,50863157,1,0
где заказать рекламу на банерную ткать в ижевске?,50863157,1,0
заказать рекламу на авто ижевск,50863157,1,0
цифра типография ижевк,50863157,1,0
"{""text"":""цифра банк, отделения"",""what"":[{""attr_name"":""chain_id"",""attr_values"":[""162889973724""]}]}",50863157,1,0
Часы с фотопечатью Ижевск,50863157,1,0
ламинирование формат а1 ижевск,50863157,1,0
печать на ватмане а1 цена,50863157,1,0
сколько стоит сделать баннер ижевск,50863157,1,0
цены на широкоформатную интерьерную печать,50863157,1,0
заказать флаеры в ижевске,50863157,1,0
изготовить галограммы ижевск,50863157,1,0
изготовление папки уголка а4,50863157,1,0
папка планшет с нанесением логотипа,50863157,1,0
печать на светорассеивающей пленке ижевск,50863157,1,0
прессволл ижевс,50863157,1,0
сделать флаг ижевск,50863157,1,0
шоперы с логотипом на заказ ижевск,50863157,1,0
бейдж на ленте ламинированный,50863157,1,0
буклеты а5 печать ижевск,50863157,1,0
где сделать именной ежедневник в ижевске,50863157,1,0
изготовление баннера с люверсами ижевск,50863157,1,0
изготовление баннера цена ижевск,50863157,1,0
изготовление истендлв июевск,50863157,1,0
изготовление шопперов с нанесением изображения в ижевске,50863157,1,0
лифлет 2 фальца а4 горизонтальный размеры,50863157,1,0
печать на полиэфирной пленке ижевск,50863157,1,0
печать надписи на стеклянной бутылке для воды ижевск,50863157,1,0
типография метталупг,50863157,1,0
футляр для ручки самосборный развертка,50863157,1,0
"kfvbybhjdfyysq ,tl; ajnj",50863157,1,0
где в ижевске можно сделать наклейки с именами на свои кружки,50863157,1,0
заказать печать баннер литой ижевск,50863157,1,0
пермь изготовление магнитов ижевск,50863157,1,0
печать баннера Ижевск,50863157,1,0
печать карточек на заказ а6,50863157,1,0
печать на пакетах ижевск,50863157,1,0
печать пазлов на заказ,50863157,1,0
печать стенда в ижевске,50863157,1,0
футляр для ручки из бумаги шаблон 8 марта,50863157,1,0
шоколадка с вашим фото ижевск,50863157,1,0
экоручка ижевск стоимость,50863157,1,0
бирки картонные ижевск,50863157,1,0
пазлы с фотографией на заказ ижевск,50863157,1,0
печать листовок мелованная бумага а5 заказать,50863157,1,0
печать на фотолюминесцентной бумаге ижевск,50863157,1,0
принт дтф в ижевске,50863157,1,0
ролап 1.2 на 2 зенон,50863157,1,0
тейбл тент в ижевске,50863157,1,0
футболка с принтом купить ижевск,50863157,1,0
цифра буклеты,50863157,1,0
press rall ижевск купить,50863157,1,0
акрил резка печать ижевск,50863157,1,0
изготовление визиток в ижевске,50863157,1,0
изготовление информационных досок ижевск,50863157,1,0
печать цветного листа а4 цена,50863157,1,0
плакетка ижевск,50863157,1,0
распечатка визиток ижевск,50863157,1,0
реклама на а5,50863157,1,0
ролл ап сертификаты,50863157,1,0
стенду от ижевск где продают,50863157,1,0
типография точка ижевск,50863157,1,0
бейджики на заказ,50863157,1,0
печать баннеров,50863157,1,0
пресс волл изготовление ижевск,50863157,1,0
https://planart18.ru/produkciya/mobilnyie-stendyi/press-voll-joker-(3*2-m),50863157,1,0
заказать визитки в ижевске с доставкой,50863157,1,0
паззлы на заказ,50863157,1,0
принт на чехол для телефона ижевск,50863157,1,0
"сшивка книг, переплетные работы пружинкой цена в ижевске",50863157,1,0
где сделать адрес поздравительный,50863157,1,0
как сделать чехол для ручки из картона,50863157,1,0
печать изображения на ручке ижевск,50863157,1,0
шоколадки с именем на заказ ижевск,50863157,1,0
листовки распечатать ижевск,50863157,1,0
ооо артпизготовление ролапа ижевскласт,50863157,1,0
производство фоторамок алюминий в ижевске,50863157,1,0
сколько стоит напечатать постер в типографии ижевск,50863157,1,0
сколько стоит папка уголок а4 с логотипом,50863157,1,0
типаграфия цифра,50863157,1,0
бейдж брендированный,50863157,1,0
бумажные крафт ручки,50863157,1,0
где в ижевске заказать флаг,50863157,1,0
нанесение логотипа на ручки ижевска,50863157,1,0
печать на папке уголке,50863157,1,0
печать флагов 18,50863157,1,0
ролл ап 2х3 метра,50863157,1,0
фотостена ижевск,50863157,1,0
ижевск попова анна пресс вол,50863157,1,0
картина 220х110 в ижевске,50863157,1,0
красный флаг полотно 50х40см в ижевске,50863157,1,0
ламинация и перфорация прайса ижевск,50863157,1,0
ламинирование а2 ижевск,50863157,1,0
магнитные закладки на заказ,50863157,1,0
мини шоколад 5 г брендированный лого сахалина тз,50863157,1,0
печать на бесшовных обоях,50863157,1,0
печать на грей бэке,50863157,1,0
пресс вол ижевск,50863157,1,0
производство сувениров ижевск,50863157,1,0
типография уф печать ижевск,50863157,1,0
типография цивра,50863157,1,0
характеристики еврофлаера,50863157,1,0
цифра печать  ижевск,50863157,1,0
картонный чехол для ручки своими,50863157,1,0
пвх панели для типографии,50863157,1,0
печать табличка на дверь ижевск,50863157,1,0
подарок на юбилей с надписью сделать в ижевске,50863157,1,0
табличка в туалет ижевск,50863157,1,0
фото документа на сканере на принтере,50863157,1,0
фото сувенирная продукция ижевск,50863157,1,0
б⁠t​qдж͏и на за⁠ка‍з с л‍о͏г͏отипом,50863157,1,0
где делают надписи на футболках в ижевске,50863157,1,0
печать холст по нашему макету ижевск,50863157,1,0
цифра 8 подлесная,50863157,1,0
чехол со своим принтом Ижевск,50863157,1,0
винил ижевск на авто,50863157,1,0
евробуклет 210ч99мм,50863157,1,0
как называется рекламный раздвижной баннер складной для мероприятий,50863157,1,0
разные чехлы для ручек из бумаги,50863157,1,0
изготовление кружек,50863157,1,0
печать баннеров ижевск цены,50863157,1,0
печать закладок для книг на заказ ижевск,50863157,1,0
печать пластиковых визиток Ижевск,50863157,1,0
типография ижевск термоклеевая прошивка,50863157,1,0
фото на кружку ижевск цены,50863157,1,0
цифра цены печать,50863157,1,0
бумажные ручки ижевск,50863157,1,0
кто изготавливает брендированные ручки ижевск,50863157,1,0
печать баннера в ижевске расчет цены,50863157,1,0
цифры ижевск,50863157,1,0
блокнот печать,50863157,1,0
гравировка термосе цена ижевск,50863157,1,0
держатель для пенокартона,50863157,1,0
конверты бархатные купить,50863157,1,0
сколько стоит подшить диплом в ижевске цена,50863157,1,0
термокружка печать ижевск,50863157,1,0
типография печать на ручки ижевск,50863157,1,0
изготовление баннеров,50863157,1,0
печать фото на кружках в ижевске,50863157,1,0
часы с надписью ижевск,50863157,1,0
Распечатка в фомате а0 в ижевске,50863157,1,0
акриловые брелоки на заказ ижевск,50863157,1,0
уф дтф ижевск,50863157,1,0
цветная печать а3 ижевск,50863157,1,0
качественная печать на кружках в ижевске,50863157,1,0
печать баннеров в ижевске,50863157,1,0
сканер а 0 в ижевске,50863157,1,0
услуги распечатки выкройки в полном объеме ижевск,50863157,1,0
Широкоформатная печать услугами,50863157,1,0
картину заказать на холсте ижевск,50863157,1,0
напечатать фотообои на заказ ижевск,50863157,1,0
рекламные конструкции на тросике стекло в ижевске,50863157,1,0
сколько стоит ламинирование а4 формата,50863157,1,0
стенды для фотовыставки ижевске,50863157,1,0
стоимость плоттерной резки sra3,50863157,1,0
сувенирная продукция печать,50863157,1,0
пазлы по фото в ижевск,50863157,1,0
ручка senator с нанесением логотипа купить в ижевске,50863157,1,0
2025 год календарь квартальный,50863157,1,0
где в ижевске делают фотообои,50863157,1,0
значок закатной с логотипом,50863157,1,0
изготовить стенд на заказ в ижевске,50863157,1,0
картина из пазлов обработка в рамку ижевск,50863157,1,0
ламинирование каталога,50863157,1,0
печать этикеток в ижевске,50863157,1,0
производство печатных баннеров в ижевске,50863157,1,0
сделать пазл в ижевске,50863157,1,0
сколько стоит брюшировать диплом ижевск,50863157,1,0
стоимость печати а 4,50863157,1,0
виниловые и бумажные наклейки,50863157,1,0
значки изготовление на заказ ижевск,50863157,1,0
ижевск печать чехла на телефон,50863157,1,0
"плотернаярезка 1,6 метра",50863157,1,0
стоимость печати + ламинация интерьерная печать,50863157,1,0
таблички на улицу для отеля ижевск,50863157,1,0
фото на виниловом магните хто как,50863157,1,0
заказать пазл по фото в ижевске,50863157,1,0
кружка с логотипом заказать ижевск,50863157,1,0
наклейки на заказ ижевск,50863157,1,0
пазлы из фото на заказ в ижевске,50863157,1,0
печать флагов на ткани ижевск,50863157,1,0
сканирование А0 формата,50863157,1,0
уф печать цена за м2,50863157,1,0
фотосувениры ижевск,50863157,1,0
футляр для ручки бумажный макеты,50863157,1,0
гравировка qr кода ижевск,50863157,1,0
лазерная цветная печать а4 цена ижевск,50863157,1,0
печать аз ижевск,50863157,1,0
печать на кружках ижевк,50863157,1,0
печать на футболке а2,50863157,1,0
корероака фресок ижевск,50863157,1,0
печать на флешках можно,50863157,1,0
+ижевск изготовление вывесок из оргстекла,50863157,1,0
инфо стенд ижевск,50863157,1,0
премиум календарь,50863157,1,0
скан книг ижевск,50863157,1,0
сканирование на большом сканере в Ижевске,50863157,1,0
типография ижевск печать баннеров,50863157,1,0
файл-вкладыш с логотипом хабаровск изготовить,50863157,1,0
цифра реклама,50863157,1,0
блоки для записей оптом ижевск,50863157,1,0
купить стенд с баннером в ижевске,50863157,1,0
ламинирование карточек цена,50863157,1,0
"печати на футболки, кружки, сувенирку ижевск",50863157,1,0
печать визиток на чёрном картоне,50863157,1,0
печать на кружках сублимацией ижевск,50863157,1,0
уф печать на чехол на телефон,50863157,1,0
фальцовка стоимость услуги,50863157,1,0
флаг с логотипом ижевск,50863157,1,0
цифра типография онлайн,50863157,1,0
чехол с моим принтом ижевск,50863157,1,0
брошюровка 500 листов,50863157,1,0
заказать корпоративный подарок в ижевске,50863157,1,0
изготовление офисных табличек (печать+пластик+накатка) (пластик 5 мм) 300х100,50863157,1,0
печать на самоклеющейся бумаге а4 цена листа в ижевске,50863157,1,0
плоттерная резка sra3 стоимость,50863157,1,0
типографии+ижевска,50863157,1,0
типография офсет,50863157,1,0
описание корпоративной сувенирной продукции для заказчиков,50863157,1,0
полиграфические услуги ижевск,50863157,1,0
сколько стоит распечатка 1 листа а4 черно-белый,50863157,1,0
типографии печать брелков акриловых,50863157,1,0
фото на пенокартоне ижевск,50863157,1,0
цифра принт 18,50863157,1,0
шоколад корпоративный,50863157,1,0
ижевск типография бессольвентная ламинация,50863157,1,0
нанесение логотипа на флешку,50863157,1,0
печать и ламинирование ижевск любых размеров,50863157,1,0
распечать проект дома идевск,50863157,1,0
типография ижевск печать на футболках,50863157,1,0
заказать ручку из бумаги с qr-кодом,50863157,1,0
пазл по фото ижевск,50863157,1,0
пазл по фотографии ижевск,50863157,1,0
печать на чехле телефона ижевск,50863157,1,0
виниловый магнит ижевск,50863157,1,0
услуги сканирования документов цены,50863157,1,0
флаг на заказ в ижевске,50863157,1,0
salafan paket,50863157,1,0
Сколько стоит переплет на пружинку ижевск,50863157,1,0
кружка с фото в ижевске,50863157,1,0
ксерокопия а3,50863157,1,0
размер 99 на 210,50863157,1,0
ролап 3 метра высота,50863157,1,0
ролл ап ижевск заказать,50863157,1,0
футболка с сублимацией сделать цена,50863157,1,0
изготовление информационных табличек на заказ ижевск,50863157,1,0
печать лекал в ижевске,50863157,1,0
принт на футболке в удмуртии,50863157,1,0
типография цифра ижевск адрес,50863157,1,0
фотопечать изба ижевск,50863157,1,0
шоколад с логотипом ижевск,50863157,1,0
DTF печать в ижевске,50863157,1,0
бортик по периметру стенда информация,50863157,1,0
файлы нанесение логотипа,50863157,1,0
цыфровая печать а3,50863157,1,0
press wall заказать в ижевске,50863157,1,0
изготовление фото на керамике и металле в ижевске,50863157,1,0
ксерокопии ижевск дешевле,50863157,1,0
лифлет,50863157,1,0
распечатать а2 ижевск дёшево,50863157,1,0
распечатать а3 ижевск,50863157,1,0
стоимость вывески из поликарбоната 6мм,50863157,1,0
оцифровка 18.рф,50863157,1,0
шаблон для футболки с питбайком 12 оклок,50863157,1,0
заказать флаг со своим логотипом ижевск,50863157,1,0
печать на кальке ижевск,50863157,1,0
сувенирное оформление алкогольной продукции в ижевске,50863157,1,0
Ижевск печать на холсте,50863157,1,0
аренда сканеров а3,50863157,1,0
печать на футболках в ижевске,50863157,1,0
сувенирная продукция типография,50863157,1,0
цветная печать с флешки в йошкар -оле,50863157,1,0
изготовление фото на часы,50863157,1,0
передвижная конструкция с логотипом,50863157,1,0
пэт производство россия карманы,50863157,1,0
сколько стоит распечатать визитки в типографии ижевск,50863157,1,0
типография визитки за час,50863157,1,0
фотосалон ижевск делают печать на флешке,50863157,1,0
шоперы на заказ ижевск,50863157,1,0
бейджи на заказ с логотипом в идевске,50863157,1,0
где оклеить кузов грузовой газели рекламной пленкой в ижевске,50863157,1,0
изготовление бейджей с логотипом на заказ,50863157,1,0
изготовление информационных стендов,50863157,1,0
лифлет гармошка 2 фальца размеры,50863157,1,0
лифлет размеры 2 фальца,50863157,1,0
печать листовок а6,50863157,1,0
уф печать на металле удмуртия,50863157,1,0
фотокубик трансформер. материал: пластик. размер: 6х6см.,50863157,1,0
этикетка на шоколадку печать ижевск,50863157,1,0
ижевск изготовление информационной таблички из ПВХ,50863157,1,0
нанести логотип на ручку,50863157,1,0
печать логотипа на бейджей ижевск,50863157,1,0
печать фотокартин на пенокартоне иркутск,50863157,1,0
резка рулонной бумаги в ижевске,50863157,1,0
сдеалть на заказ ролл ап в ижевске,50863157,1,0
типография цифра ижвск,50863157,1,0
бейджи на заказ ижевск,50863157,1,0
печать на крафтовой бумаге,50863157,1,0
печать на формате а2 цена,50863157,1,0
распечатка чертежей в формате а2 в ижевске,50863157,1,0
ролл-ап 2*3 м,50863157,1,0
широкоформатный виниловые магниты,50863157,1,0
ижевск фото печать на обоях,50863157,1,0
изготовление сувенирных табличек в ижевске,50863157,1,0
печать на самоклеющаяся пленка,50863157,1,0
печать чб а4 цена за лист,50863157,1,0
типография печать а4,50863157,1,0
цифра печать идевск,50863157,1,0
бейджики ижевск на заказ,50863157,1,0
где сделать печать на столешницу,50863157,1,0
печать на пленке прозрачной идевск,50863157,1,0
цена уф дтф печати ижевск,50863157,1,0
печать на пленке прозрачной,50863157,1,0
кто делает флаги в ижевске с печатью,50863157,1,0
печатные салоны ижевска сувенирная продукция,50863157,1,0
печатный салон ижевск официальный сайт,50863157,1,0
печать на сумках шопперах ижевск цена,50863157,1,0
принт на кружки термосы ижевск,50863157,1,0
реклама пленкой на авто ижевск,50863157,1,0
шоколадки 5 гр оптом,50863157,1,0
"roll up 1,2*2",50863157,1,0
как называется конструкция выдвижная для баннера,50863157,1,0
квартальные календари 1 блок (1 рекламное поле),50863157,1,0
крупноформатная печать чертежей,50863157,1,0
стоимость гравировки на чашке с софт тач,50863157,1,0
табличка пластиковая название компании на кабинет купить ижевск,50863157,1,0
заказать ручки с лого ижевск,50863157,1,0
закатные значки,50863157,1,0
можно ли напечатать на карандашах в 2 цвета логотип,50863157,1,0
стоимость стендов,50863157,1,0
типография ижевск ручки блокноты,50863157,1,0
фаворит полноцветная печать формат ватман ижевск,50863157,1,0
шокоалда 5 гр,50863157,1,0
антикризисное предложение на печать,50863157,1,0
гравировка на покрытие софттач,50863157,1,0
петров ав типография визитка,50863157,1,0
печать визиток офсет ижевск,50863157,1,0
печать на backlit ижевск,50863157,1,0
распечатка проектной документации ижевск,50863157,1,0
цифрал типография ижевск официальный сайт ижевск,50863157,1,0
ижевский производитель визитных карточек,50863157,1,0
печать а3 и а1 ижевск,50863157,1,0
печать бирок и открыток в ижевске,50863157,1,0
печать открытки а6 с фольгированием,50863157,1,0
бейджик на заказ,50863157,1,0
может ли быть роллап 2 на 3 метра,50863157,1,0
ламинация листов а3 ижевск,50863157,1,0
коробки самосборные купить в ижевске,50863157,1,0
ламинирование бумаги,50863157,1,0
печать на пвх 5 мм ижевск,50863157,1,0
печать фотообоев на заказ км1,50863157,1,0
стоимость баннера за м2,50863157,1,0
стоимость печати листовки а5,50863157,1,0
уф-принтер напечатать в ижевске фирма адрес,50863157,1,0
флаеры а6 ижевск сколько стоят,50863157,1,0
цифра ролл ап,50863157,1,0
баннер раздвижной ижевск,50863157,1,0
печать на ручках бумажных,50863157,1,0
удмуртская республика ижевск улица максима горького 90 корп 1 типография аксион,50863157,1,0
ижевск производство пакетов пвд,50863157,1,0
принт для карандаша узора,50863157,1,0
ролл ап ижевск,50863157,1,0
табличка гербовая 500*700 пластик 4мм,50863157,1,0
типографии «цифра»,50863157,1,0
usb визитки ижевске купить,50863157,1,0
изготовить футляр для ручки,50863157,1,0
изготовлени полиграфической продукции ижевск,50863157,1,0
распечатать фото на документы,50863157,1,0
шоколад на заказ ижевск,50863157,1,0
"bpujjdktybt nf,kbxtr b;tdcre",50863157,1,0
гравировка на термосе ижевск,50863157,1,0
заказ банеера ижевск,50863157,1,0
ижевск печать на плотной бумаге,50863157,1,0
картины на заказ ижевск на холсте,50863157,1,0
ламинирование ижевск а4 цена,50863157,1,0
уф печать на камне,50863157,1,0
фрески на стену ижевск,50863157,1,0
цена за визитки ижевск,50863157,1,0
где в ижевске изготовить баннер?,50863157,1,0
кубки ижевск купить,50863157,1,0
напечатать картину на принтере в ижевске,50863157,1,0
Печать выкройки на плоттере ижевск,50863157,1,0
изготовление сувенирной продукции с логотипом ижевск,50863157,1,0
информационный столб изготовить ижевск,50863157,1,0
карты пластиковые печать,50863157,1,0
печать дтф наклеек ижевск,50863157,1,0
роллерный стенды ижевск,50863157,1,0
стоимость нанесения картинки на лонгслив в ижевске,50863157,1,0
иж-цифра,50863157,1,0
как распечатать в ижевске а2 лист,50863157,1,0
календарь дизайн ижевск домик перекидной,50863157,1,0
магниты виниловые 5х5 с лого 1000 шт цена,50863157,1,0
флаги изготовление на заказ ижевск,50863157,1,0
цены на изготовление стеда,50863157,1,0
аспечатать на цветном принтере на а4,50863157,1,0
печать на самоклеющейся пленке с нанесением ее на пластик,50863157,1,0
пресвол изготовление в ижевске,50863157,1,0
Заказать стойку пресс вол с логотипом ижевск,50863157,1,0
напечатать конверт e65 почта россии,50863157,1,0
ручки со своим логотипом на заказ ижевск,50863157,1,0
ручки софт тач с логотипом на заказ москва,50863157,1,0
сколько стоит ламинирование бумаги а4 цена,50863157,1,0
+79894304741,50863157,1,0
ижевск сброшюровать,50863157,1,0
ижевск типография прайс,50863157,1,0
ип данилов к.л. типография цифра,50863157,1,0
печать бейджей на пластике ижевск,50863157,1,0
изготовление крутых фотографий на пластике,50863157,1,0
заказать свой флаг в ижевске,50863157,1,0
онлайн типография заказ,50863157,1,0
печать наклеек uv dtf,50863157,1,0
сколько стоит в салоне заламинировать а4 лист,50863157,1,0
uv-печать ижевск,50863157,1,0
баннерная печать ижевск,50863157,1,0
ижевск печать акриловых брелоков,50863157,1,0
ижевск печать формата а3 цена,50863157,1,0
конфеты изготовить с логотипом ижевск,50863157,1,0
на толстый степлер скрепить сколько стоит в типографии,50863157,1,0
печать на мебельных фасадах ижевск,50863157,1,0
печать на черной буиаге белым цветом ижевск,50863157,1,0
резка пазлов ижевск,50863157,1,0
сделать флаг на заказ ижевск,50863157,1,0
цифра ооо ижевск,50863157,1,0
cnjbvjcnm визитки ижевск,50863157,1,0
компании по изготовлению цифр в подъезды ижевск,50863157,1,0
резка пленки ижевск,50863157,1,0
рекламные баннеры ижевск 032 б,50863157,1,0
рекламные мобильные конструкции в аренду ижевск,50863157,1,0
сколько стоит ламинирование листа а4 в ижевске,50863157,1,0
сувенирка с логотипом на заказ ижевск,50863157,1,0
типография ижевск флаг-виндор,50863157,1,0
где сделать визитки в ижевске,50863157,1,0
гравировка софттач,50863157,1,0
ижевск сканировать А1,50863157,1,0
ламинирование бейджиков ижеаск,50863157,1,0
ламинированные наклейки ижевск,50863157,1,0
оклейка пленкой будки на газели ?,50863157,1,0
пейджики на заказ ижевск,50863157,1,0
типография распечатка фото на пенопласте,50863157,1,0
уф печать ижевск цена,50863157,1,0
уф печать фототна стекле удмуртия стоимость,50863157,1,0
уф-принтер ижевск печать,50863157,1,0
фотопечать в ижевске на флешках,50863157,1,0
фотопечать ижевск термос,50863157,1,0
цифра печать информационных стендов,50863157,1,0
Баннер 18 идевск,50863157,1,0
заказать рисунок на самоклеющейся бумаге,50863157,1,0
печать визиток маленький тираж,50863157,1,0
печать ижевск памфлет,50863157,1,0
печать на термосе ижевск,50863157,1,0
"печать плакатов 1,5х1,5 м",50863157,1,0
Печать бирок,50863157,1,0
кубики трансформер с 12 фото в ульяновске,50863157,1,0
печать на пвх ткани адлер сириус,50863157,1,0
распечатать один лист бумаги ижевск,50863157,1,0
wbahf 18b;tdcr,50863157,1,0
визитка сделать в ижевске,50863157,1,0
выкройка на печать,50863157,1,0
стенды ижевска,50863157,1,0
что такое soft touch покрытие на чехле флекс принт мск,50863157,1,0
где в ижевске распечатать лекала,50863157,1,0
изготовление штендера в ижевске,50863157,1,0
печать цифр на футболках ижевск,50863157,1,0
уф печать на металле Ижевск,50863157,1,0
переплет на пружину цена Ижевск,50863157,1,0
печать визиток soft touch ижевск,50863157,1,0
печать цветных листов ижевск,50863157,1,0
сделать кружку с принтом на заказ ижевск,50863157,1,0
сувениры ижевск с печатью,50863157,1,0
типограыфия цифра четать бейджей,50863157,1,0
фольгирование визиток,50863157,1,0
Оклейка авто под рекламму ижевск,50863157,1,0
где можно заламинировать картон,50863157,1,0
ижевск печать на пластике,50863157,1,0
изготовление самоклеющейся пленки ижевск,50863157,1,0
печать на флешках ижевск,50863157,1,0
уф печать на папках уголках,50863157,1,0
"цифра 7-я подлесная ул., 34, ижевск отзывы",50863157,1,0
брендирование одежды в ижевске,50863157,1,0
печать на матовой прозрачной пленке цена,50863157,1,0
принт на шоколад,50863157,1,0
цветная печать ижевск,50863157,1,0
печать надписи на флешке ижевск,50863157,1,0
плоттерная резка листовок заказать,50863157,1,0
брендирование автомобиля ижевск,50863157,1,0
макет печать и для карандаша,50863157,1,0
открытка с фольгированием а4 стоимость,50863157,1,0
печать баннера  ижевск,50863157,1,0
печать на самоклеющейся бумаге в один цвет ижевск,50863157,1,0
печать холсты ижевск,50863157,1,0
пресс вол на заказ ижевск,50863157,1,0
распечатать чертеж а1 ижевск день в день,50863157,1,0
тайбл тент ижевск,50863157,1,0
цифра мастер ижевск,50863157,1,0
Кружка с рисунком при нагреве с моим рисунком ижевск,50863157,1,0
визитки на дизайнерском картоне,50863157,1,0
ижевск таблички на дверь изготовить,50863157,1,0
ламинирование а4 цена,50863157,1,0
сувенирка на заказ ижевск,50863157,1,0
backlit-плёнка с печатью,50863157,1,0
Печать флаеров Ижевск,50863157,1,0
брелоки на заказ в ижевске,50863157,1,0
брендирование зонта-трости ижевск,50863157,1,0
заказать печать на фасадах мебели,50863157,1,0
ижевск изготовление постеров из алюмокомпозитных панелей на заказ,50863157,1,0
изготовление бейджей на заказ,50863157,1,0
ламинирование плакатов цена,50863157,1,0
пвх пленка типография,50863157,1,0
печать белым цветом ижевск,50863157,1,0
печать фотографий ижевск,50863157,1,0
распечатать документ ижевск недорого,50863157,1,0
роллап конструкции,50863157,1,0
"услуги вырезать из прозрачной плёнки 0,1мм по чертежу",50863157,1,0
флаг заказать ижевск,50863157,1,0
Визитки недорого ижевск,50863157,1,0
еврофлаер 99х210мм 4+4 105 гр/м2 цена краснодар,50863157,1,0
лазерная печать цветная формат ф 4,50863157,1,0
мини кружки печать ижевск,50863157,1,0
обновление фасадов магазинов,50863157,1,0
торговый дом ижевск печать на клеевую,50863157,1,0
услуги ризографа ижевск,50863157,1,0
размер лифлет 2 фальц размер,50863157,1,0
где можно расписать флешку,50863157,1,0
информационные стенды,50863157,1,0
лифлет а4 два фальца сколько символов войдёт,50863157,1,0
можно заламинировать полватмана ижевск,50863157,1,0
сколько стоит сделать надпись на стеклянной кружке,50863157,1,0
Смета для переплета на пружинку,50863157,1,0
бейджи металлические,50863157,1,0
"если блокнот с вырубкой, то как оформить макет",50863157,1,0
кто напечатает баннер для ролл апа в ижевске,50863157,1,0
низкие цены высечная продукция типография,50863157,1,0
печать на пленке оракал ижевск,50863157,1,0
печать на самоклеющейся пленке ижевск,50863157,1,0
ролап купить ижевск,50863157,1,0
салон печатный,50863157,1,0
силиконовые браслеты на заказ ижевск,50863157,1,0
типография пакеты ижевск,50863157,1,0
а-4 печать цветная печать цена,50863157,1,0
баннер мобильного раздвижного металлического стенда,50863157,1,0
где сделать брошюрование  ижевск,50863157,1,0
новокузнецк на backlit плёнке,50863157,1,0
новокузнецк на backlit плёнке цифра,50863157,1,0
печать uf а4,50863157,1,0
пчать на конверте с6 ижевск,50863157,1,0
стоимость плаката баннер,50863157,1,0
флаг на заказ со своим логотипом ижевск,50863157,1,0
авито ижевск купить штендер уличный металлический,50863157,1,0
баннер купить в ижевске,50863157,1,0
заказ печати на карандашах,50863157,1,0
изготовление баннера 2 на 3 метра,50863157,1,0
копия а2 изевск,50863157,1,0
пазлы в ижевскегде заказать изготовить,50863157,1,0
печать на бутылке ижевск,50863157,1,0
печать на фотообоях ижевск,50863157,1,0
печать на чехле ижевск,50863157,1,0
рекламный стенд ижевск,50863157,1,0
сделать визитку в ]ижевске,50863157,1,0
сколько стоит порезать  плоттером лист СРА3,50863157,1,0
Где отсканирлвать формат а2,50863157,1,0
кармашек пэт производство Ижевск,50863157,1,0
ролл апп 2х3 описание,50863157,1,0
себестоимость закатного значка ижевск,50863157,1,0
сувениры с фото ижевск,50863157,1,0
брендирование товаров ижевск,50863157,1,0
где отсканировать а2 формат в ижевске,50863157,1,0
конверты из бархата,50863157,1,0
ламинирование а4 цена ижевск,50863157,1,0
"настенный календарь 2026г иэмз""купол""",50863157,1,0
распечатка на пенокартоне 1000 на 700 мм ижевск,50863157,1,0
сканирование а2 формата ижевск,50863157,1,0
сканирование ф а1 цена,50863157,1,0
типография полиграфия в ижевске - печать каплевидных ролл апов,50863157,1,0
цифровая печать белым тонером,50863157,1,0
печать цифра ижевск,50863157,1,0
визитки за один день ижевск,50863157,1,0
аренда стойки для баннера ижевск,50863157,1,0
пазлы изготовление в ижевске,50863157,1,0
предприятия удмуртской республики изготовливающие флаг,50863157,1,0
ламинирование документов ижевск цена,50863157,1,0
мобильные стенды roll up,50863157,1,0
печать на флагах ижевск,50863157,1,0
печать на чехлах ижевск,50863157,1,0
цифра пакеты,50863157,1,0
site:цифра18.рф,50863157,1,0
какая средняя стоимость распечатки баннеров в типографии,50863157,1,0
распечатать лекала ижевск,50863157,1,0
распечатать с двух сторон листа цена,50863157,1,0
сколько стоит отсканировать лист а4,50863157,1,0
стенд для печатной продукции ижевск,50863157,1,0
уф печать на светоотражающей пленке ижевск,50863157,1,0
широкоформатная уф печать ижевск,50863157,1,0
ижевск печать билетов,50863157,1,0
образцы печати на карандашах,50863157,1,0
сколько стоит цветная печать,50863157,1,0
ижевск+печать+на+холсте,50863157,1,0
ра ижевск сувенирная продукция,50863157,1,0
"распечатать чертеж на а2, ижевск",50863157,1,0
"типография,цифра дзен ижевск",50863157,1,0
визитки в ижевске в день,50863157,1,0
ламинация документов в ижевске,50863157,1,0
приват ижевск,50863157,1,0
распечатать на самоклеющейся бумаге,50863157,1,0
"брошюровка, ламинирование ижевск",50863157,1,0
изготовление пакетов пвд,50863157,1,0
лифлеты стоимость,50863157,1,0
печать на циферблате настенных часов ижевск,50863157,1,0
широкоформатное ламинирование ижевск,50863157,1,0
квадратные закатных значки,50863157,1,0
печать визиток на полилите,50863157,1,0
распечатать электросхему в типографии сколько стоит,50863157,1,0
схема коробки футляра для ручки,50863157,1,0
цтфра типография,50863157,1,0
Цифра типография и цифра,50863157,1,0
дтф печать погонными метрами ижевск,50863157,1,0
как понять бейджик ламинированный,50863157,1,0
компания цифра ижевск,50863157,1,0
типографии цифра ижевск,50863157,1,0
ижевск дтф,50863157,1,0
таблички указатели заказать ижевск,50863157,1,0
фальцовка документов,50863157,1,0
банер на заказ ижевск,50863157,1,0
вогнутый мобильный ролл ап стенд 3х2 м с баннером,50863157,1,0
ижевск полиграфия,50863157,1,0
изготовление мобильных стендов в ижевске,50863157,1,0
как называется печать ра флешке,50863157,1,0
сколько стоит распечатать 1 лист а2,50863157,1,0
бархатный конверт с6,50863157,1,0
удмуртская республика ижевск снайперская улица 23 mainprit,50863157,1,0
где можно подшить чертежи и сложить в ижевске,50863157,1,0
изготовление ролапов ижевск,50863157,1,0
оклейка авто рекламой ижевск,50863157,1,0
печать на пластике ижевск цифра,50863157,1,0
тпограия цифра,50863157,1,0
цветная печать а4 ижевск цена,50863157,1,0
цифра  ижевск официальный сайт ижевск,50863157,1,0
цифра баннер ижевск,50863157,1,0
цифра ижевск официальный сайт,50863157,1,0
вырубные изделия типография 300гр,50863157,1,0
изготовление буклетов ижевск,50863157,1,0
печать визиток на прозрачном пластике,50863157,1,0
распечатать на цветном принтере листовки ижевск,50863157,1,0
типография ролл ап в ижевске,50863157,1,0
уф печать с тактильным лаком слыт тач,50863157,1,0
заказать инфостенды ижевск,50863157,1,0
печать на кружках ижевск со сменой цвета,50863157,1,0
реклама печать на пленке расценка,50863157,1,0
широкоформатное сканирование ижевск,50863157,1,0
лифлет а4 2 фальца сколько сторон,50863157,1,0
пакетная пленка для ламинирования а4 услуга,50863157,1,0
Печать на стекле Ижевск,50863157,1,0
распечатать документы ижевск,50863157,1,0
высокочувствительный инженерный сканер для чертежей формата до а0 купит,50863157,1,0
x баннер ижевск,50863157,1,0
билет с перфорацией и нумерацией ижевск,50863157,1,0
ижевск услуги на изготовление информационной таблички 500*300 мм на пластике на дверь,50863157,1,0
изготовление стендов и информационных табличек ижевск,50863157,1,0
магнитные закладки брендированные на заказ,50863157,1,0
оклейка фур ижевск,50863157,1,0
печать билетов с нумерацией и перфорацией ижевск,50863157,1,0
печать на самоклеющейся плёнке,50863157,1,0
сколько стоит печать на пластике ижевск цифра,50863157,1,0
фото магнит виниловый 10*15 стоимость,50863157,1,0
агентство цифра,50863157,1,0
сшить листы пружиной ижевск,50863157,1,0
фотокубик трансформер заказать москва,50863157,1,0
виниловые магниты,50863157,1,0
кружка ижевск свой дизайн,50863157,1,0
печать на бутылках,50863157,1,0
печать на картоне ижевск,50863157,1,0
печать проектной документации ижевск расценки,50863157,1,0
где можно сделать копии документов в ижевске,50863157,1,0
где расспечатать на самоклеющаяся плёнку,50863157,1,0
копии формат а2,50863157,1,0
ручка шариковая title м купить,50863157,1,0
типография цифра кружки,50863157,1,0
фальцовка чертежей в формат а3,50863157,1,0
изготовление магнитные бейджей ижевск,50863157,1,0
как проходит ламинирование бумаги,50863157,1,0
пазлы ижевск по фото на заказ,50863157,1,0
распечатка на бумажных мешках в ижевске,50863157,1,0
"ролл ап 0,85*2м изготовить череповец",50863157,1,0
цифра полиграфические услуги,50863157,1,0
что означает ламинирование от а до о,50863157,1,0
ижевск заказать значки с печатью,50863157,1,0
ижевск типография арт черри,50863157,1,0
информационные плакаты печать на пластиковой подложке,50863157,1,0
распечатать флайеры в ижевске,50863157,1,0
рулонная ламинация ижевск,50863157,1,0
ручка шариковая title м,50863157,1,0
изготовление флагов с логотипом на заказ ижевск,50863157,1,0
услуга ламинирование бумаги а4 цена,50863157,1,0
ижевск типография цифра,50863157,1,0
информационные баннеры переносные ижевск,50863157,1,0
информационный фриз из сотового поликарбоната изготовить ижевск,50863157,1,0
каталог стендов ижевск sqdcm,50863157,1,0
магнитная закладка на заказ 50х180мм,50863157,1,0
печать а3 цветная цена,50863157,1,0
печать лекал на плоттере ижевск,50863157,1,0
печать стендов ижевск,50863157,1,0
уф печать на стекле ижевск,50863157,1,0
цифра сайт иж,50863157,1,0
Печать наклеек ижевск,50863157,1,0
веа печать ижевск,50863157,1,0
ламинировать плакат,50863157,1,0
печать на матовой самоклейкt sra3,50863157,1,0
презентационный щит для диплома где распечатать,50863157,1,0
табличка на стекле с уф печатью ижевск,50863157,1,0
dtf печать глазов,50863157,1,0
баннер 2 на 3 с индивидуальным оформлением ижевск,50863157,1,0
информация купить в ижевске,50863157,1,0
цифра полиграфия,50863157,1,0
101 x 212мм еврофлаер,50863157,1,0
700 мл бутылка для воды размер макета на печать,50863157,1,0
ижевск сканировать лист а2,50863157,1,0
изготовление баннеров ижевск стоимость,50863157,1,0
магнит виниловый с фото 7*10,50863157,1,0
печать листовок ижевс,50863157,1,0
полиграфия ижевск цены,50863157,1,0
цифра печатный салон сервис ижевск,50863157,1,0
где в ижевске малой пурге или агрызе изготовить стенды для музея из оргстекла,50863157,1,0
печатный центр цифра ижевск,50863157,1,0
печать проектной документации в ижевске,50863157,1,0
фотокубик трансформер 200 * 200 заказать спб,50863157,1,0
где можно заказать пазл по своему размеру,50863157,1,0
где можно сшить книгу  в ижевске,50863157,1,0
максимальный размер упаковки который печатают в пеште ижевск,50863157,1,0
ручка сувенирная ижевск логотипом,50863157,1,0
термос с логотипом на заказ ижевск,50863157,1,0
типография цифра идеаск,50863157,1,0
уф печать на стекле цена,50863157,1,0
Типографии ижевск,50863157,1,0
ижевск оклейка коммерческого авто,50863157,1,0
ламинирование листа а4 цена за лист,50863157,1,0
сколько стоит распечатать а3 цветной,50863157,1,0
стоимость баннера в ижевске,50863157,1,0
цифра иж3,50863157,1,0
баннер с широкоформатной печатью печатать в ижевске цены,50863157,1,0
ижевск печать на холсте,50863157,1,0
изготовление табличка для оплаты с qr кодом / платежная табличка воронеж,50863157,1,0
лента для бейджа газпром нефть,50863157,1,0
пазл на заказ,50863157,1,0
печать банера в ижевске цена,50863157,1,0
виниловый магнит производство,50863157,1,0
заламинировать а2 в ижевске,50863157,1,0
изготовление изделий из оргстекла на заказ ижевск,50863157,1,0
цифра бумажные пакеты,50863157,1,0
цифра рекламное агенство,50863157,1,0
шаблон бумажные чехлы для ручек вектор,50863157,1,0
18 уифра типография,50863157,1,0
где в ижевске можно обклеить карту,50863157,1,0
изготовление баннеров в ижевске на заказ,50863157,1,0
услуги копирова на плоттере,50863157,1,0
бейдж из акрила с уф печатью,50863157,1,0
бейджи ламинированные,50863157,1,0
кружка с печатью,50863157,1,0
ламинирование документов ижевск формат а 1,50863157,1,0
баннер за 1 день ижевск,50863157,1,0
прошить книгу ижевск,50863157,1,0
старая купавна типографии квартальники,50863157,1,0
изделия из оргстекла ижевск,50863157,1,0
пазлы на заказ,50863157,1,0
печать на кружках,50863157,1,0
фотопечать ижевск а2,50863157,1,0
бейджи из оргстекла на заказ ижевск,50863157,1,0
печать стенда на оргстекле в ижевске большого размера,50863157,1,0
раскладка упаковка для ручки картон,50863157,1,0
салон печати цифра,50863157,1,0
типография цифра в городе ижевск,50863157,1,0
флексопечать в ижевске,50863157,1,0
напечатать картину на холсте цена,50863157,1,0
"цифра 7-я подлесная ул., 34",50863157,1,0
nbgjuhfabz b;tdcr,50863157,1,0
цена заламинировать лист а4,50863157,1,0
корпоративные пазлы ижевск,50863157,1,0
печать на пвх пленке ижевск,50863157,1,0
"""ижевск"" типография",50863157,1,0
визитки с софт тач ламинацией екатеринбург купить,50863157,1,0
магнитные закладки на заказ ижевск,50863157,1,0
печать лекал в волхове,50863157,1,0
распечатка ижевск,50863157,1,0
арочный штендер мокап,50863157,1,0
горячая ламинация оренбург плакатов 1000*700,50863157,1,0
дтф ижевск,50863157,1,0
заказать бейджик ижевск врач,50863157,1,0
заказать значок со своим дизайном ижевск,50863157,1,0
плоттерная резка самоклеящихся пвх пленок,50863157,1,0
бумажные ручки с логотипом на заказ ижевск,50863157,1,0
печать на большом полотне,50863157,1,0
печать полотна ижевск,50863157,1,0
типография акриловые брелки ижевск,50863157,1,0
цифра плюс ижевск,50863157,1,0
ижевск изготовление визиток 4*4 см,50863157,1,0
сколько стоит распечатать один лист а4 цветной,50863157,1,0
фольгированный текст визитки ижевск,50863157,1,0
обои 18 ижевск каталог с ценами ижевск,50863157,1,0
цыфра18.рф,50863157,1,0
штендер 2х сторонний изготовление стоимость ижевск,50863157,1,0
макет футляр под ручку из картона,50863157,1,0
печатный салон с самообслуживанием,50863157,1,0
печать наклеек серебром или золотом,50863157,1,0
типография на красногеройской 18,50863157,1,0
нанесение рисунка на пвх плёнку,50863157,1,0
нанесение рисунка на пвх плёнку ижевск,50863157,1,0
оклейка тента ижевск,50863157,1,0
производители конверты из кальки,50863157,1,0
услуга печать на принтере,50863157,1,0
заказ визиток ижевск,50863157,1,0
ижевск дтф печать,50863157,1,0
ижевск типография для производства,50863157,1,0
открытки с фольгированием,50863157,1,0
печать стикеров в ижевске,50863157,1,0
уф печать на краске,50863157,1,0
визитки на пластике ижевск,50863157,1,0
Ижевск часы на заказ,50863157,1,0
баннер ролл ап,50863157,1,0
конверт из кальки 7х14см купить,50863157,1,0
распечатка и копирование документов ижевск цены,50863157,1,0
услуги ризография,50863157,1,0
уф печать по металлу ижевск,50863157,1,0
цифра ижевс,50863157,1,0
заказать рекламу на роллапе,50863157,1,0
коробка конверт для шоколадки,50863157,1,0
размер еврофлаер,50863157,1,0
упаковка для набора маленьких шоколадок,50863157,1,0
Где в ижевске можно сделать брендированные шоколадки,50863157,1,0
мобильные конструкции купить в ижевске,50863157,1,0
печать фотографий а1 ижевск,50863157,1,0
по сколько сейчас квадратный метр резки пленки на плоттере,50863157,1,0
фотопечать на бутылке для воды ижевск,50863157,1,0
ижевск печать визиток за 1 день,50863157,1,0
"как называется бумага на которой печатают картинку, потом снимают и приклеивают на одежду",50863157,1,0
конверт для свадьбы сделать где можно,50863157,1,0
печать на самоклеющейся бумаге а4 цена,50863157,1,0
печать плакатов A1 ижевск заказать онлайн,50863157,1,0
гравировка на деревянных ручках ижевск,50863157,1,0
как выглядит уф печать на флешке,50863157,1,0
ризограф листовки а6 стоимость 2000 чб,50863157,1,0
фальцовка больших форматов в а3,50863157,1,0
фирма по стенду  в ижевске,50863157,1,0
фреска на usb-панель,50863157,1,0
календари типография,50863157,1,0
ламинация а1 ижевск,50863157,1,0
печать дтф ижевск цифра,50863157,1,0
печать на мдф ижевск,50863157,1,0
где прошивают на железную пружину,50863157,1,0
печать флагов в ижевске,50863157,1,0
печать фото,50863157,1,0
софт тач ламинация ижевск,50863157,1,0
баннер ролл ап в ижевске бу,50863157,1,0
где в ижевске заказать кубик рубик из фото,50863157,1,0
брендирование ручек,50863157,1,0
еврофлаер размеры в пикселях,50863157,1,0
фото на клейкой бумаге,50863157,1,0
«цифра» печать,50863157,1,0
Пазлы типография на заказ,50863157,1,0
магнит виниловый изготовление,50863157,1,0
печать на прозрачных папках,50863157,1,0
Типография «ЦИФРА».,50863157,1,0
гравировка браслетов в ижевске,50863157,1,0
изготовить пластиковые карты ижевск,50863157,1,0
как слепить пенокартон 2 листа,50863157,1,0
магниты на заказ в ижевске,50863157,1,0
уф печать на сувенирке ижевск,50863157,1,0
256 оттенков цвета красного зеленого синего,50863157,1,0
ижевск сион пресс-волл шторный,50863157,1,0
печать картины на металле ижевск,50863157,1,0
плоттерная резка тента,50863157,1,0
цифра сувенирная,50863157,1,0
{печать голографических наклеек ижевск,50863157,1,0
как упаковать футболку для продажи,50863157,1,0
напечатать фотообои ижевск,50863157,1,0
лавсановый уголок что это,50863157,1,0
папка лавсановая с логотипом,50863157,1,0
печать на пластиковых папках ижевск,50863157,1,0
ручки бумажные с логотипом на заказ ижевск,50863157,1,0
трек на стекле цифра 18,50863157,1,0
заказать печать для ооо,50863157,1,0
заламинировать а3 формат ижевск,50863157,1,0
стоимость одной стандартной визитки,50863157,1,0
цифровая печать самоклейки на бумажной основе в г калуга,50863157,1,0
category_id:(184107120),50863157,1,0
Визитки ижевск заказать дешево,50863157,1,0
агентство цифра ижевск,50863157,1,0
напечатать баннер с люверсами ижевск,50863157,1,0
печать на стене в квартире цена ижевск,50863157,1,0
роллап ижевск,50863157,1,0
табличка из оргстекла на фасад ижевск,50863157,1,0
типография печать dtf,50863157,1,0
услуга ламинирование материалов ижевск,50863157,1,0
ижевск рулонный ламинирование,50863157,1,0
изготовление визиток,50863157,1,0
мини флаер,50863157,1,0
можно ли в ижевске сделать свой календарь,50863157,1,0
термостакан с печатью ижевск,50863157,1,0
уф печать на прозрачной пленке логотип с резкой,50863157,1,0
фотокубики трансформеры где изготавливают,50863157,1,0
цифра типография \,50863157,1,0
цифра типография значки,50863157,1,0
гравировка на металле ижевск адреса цены,50863157,1,0
кубик трансформер 2х2 спб типография,50863157,1,0
магнит виниловой,50863157,1,0
минимальный тираж это сколько в ижевске,50863157,1,0
сублимационная печать ижевск,50863157,1,0
флексографическая печать ижевск,50863157,1,0
бэклит печать ижевск,50863157,1,0
изготовление информационного куба 2*2 метра цена удмуртия,50863157,1,0
композитная табличка с заклейкой торцов,50863157,1,0
прошла творческая мастерская чехол для ручки,50863157,1,0
типография цифра ижевск электронная почта,50863157,1,0
ижевск уф печать,50863157,1,0
изготовление изделий из оргстекла ижевск,50863157,1,0
кармашек под техосмотр на стекло,50863157,1,0
картины на заказ на холсте по фотографии,50863157,1,0
печать на мдф,50863157,1,0
печать на шоколадках ижевск,50863157,1,0
типография ижевск блоки для записи,50863157,1,0
услуги печати на этикетка тнт -17 486-3 ижевск,50863157,1,0
цветная распечатка а4 ижевск,50863157,1,0
bpujnjdktybt pyfxjd d b;tdcrt,50863157,1,0
wbahf nbgjuhfabz,50863157,1,0
гравировка на термокружку ижевск,50863157,1,0
ижевск печать манитов,50863157,1,0
печать блокнотов ижевск,50863157,1,0
печать на баннере с люверсами 3 2 цена ижевск,50863157,1,0
стикеры с фигурной резкой ижевск,50863157,1,0
цифра ижевск типография печать фотокниг,50863157,1,0
распечатать выкройку на плоттере ижевск,50863157,1,0
"bpujnjdktybt ,fyythjd d b;tdcrt",50863157,1,0
Изготовление мобильных стендов ижевск,50863157,1,0
заказать брендированный шоколад в ижевске,50863157,1,0
ижевск пластиковый шильдик реклама,50863157,1,0
ламинирование бумаги а3 ижевск,50863157,1,0
цифра 18 .рф,50863157,1,0
изготовление лавсановых папок,50863157,1,0
печать репродукции картины на холсте ижевск,50863157,1,0
на пэт сделать накатку текста к 1 сентября в ижевске,50863157,1,0
нанесение лого на посуду ижевск,50863157,1,0
печать на конвертах на заказ ижевск,50863157,1,0
печать полиграфии на а4 ижевск,50863157,1,0
типография наклейки ижевск,50863157,1,0
типограыия цифра брендированная продукция,50863157,1,0
ижевск печать на самоклеющейся пленке,50863157,1,0
напечатать открытку типография в ижевске,50863157,1,0
печать на кружках оптом,50863157,1,0
Цифра,50863157,1,0
оклейка газели световозвращающими лентами в ижевске,50863157,1,0
лента для бейджа с логотипом рособоронэкспорт,50863157,1,0
отпечатать брендовую продукцию в ижевске,50863157,1,0
печать на клейкой бумаге ижевск,50863157,1,0
распечатать объявления сколько стоит,50863157,1,0
https://xn--18-6kc5a3bxam.xn--p1ai/catalog/poligrafiya/pechat-na-samokleyashchikhsya-materialakh/stikerpaki-na-samokleyushcheysya-bumage/,50863157,1,0
баннер 3*2 заказать,50863157,1,0
календарь на 2027 помесячно,50863157,1,0
печать термонаклеек на одежду ижевск,50863157,1,0
средняя цена напечатать карманный календарь,50863157,1,0
термонаклейки ижевск типография цифра,50863157,1,0
salelib3,50863157,1,0
ижевсксколько стоит напечатать фармат а5,50863157,1,0
оттиск на ежедневнике ижевск,50863157,1,0
печать на холсте ижевск цены,50863157,1,0
плоттерная печать ижевск,50863157,1,0
сколько стоит переплет на металлическую  пружину ижевск,50863157,1,0
цена ламинирования 1 листа а4,50863157,1,0
шоколад оптом 5грамм,50863157,1,0
где можно заламинировать документ ижевск,50863157,1,0
заказать фирменную коробку в типографии цена ижевск,50863157,1,0
календарь квартальный мини,50863157,1,0
переносная стена ижевск,50863157,1,0
Цифра типография,50863157,1,0
лазерная маркировка в ижевске,50863157,1,0
логотип термопленкой на одежде ижевск,50863157,1,0
печать на посуде матирование ижевск,50863157,1,0
производство пакетов пвд ижевск,50863157,1,0
распечатать а3 в цвете ижевск,50863157,1,0
цифровая типография ижевск,50863157,1,0
авито услуги цветной печати,50863157,1,0
квартальный календарь 2027 с рекламой продукции компании,50863157,1,0
объемные шапки календарь шпигель вырубной объемный элемент,50863157,1,0
печать с двух сторон на плотной бумаге а6 цена ижевск,50863157,1,0
печать шильдиков на самоклейке,50863157,1,0
печать фреска ижевск,50863157,1,0
сделать бейдж на заказ ижевск,50863157,1,0
стикерпак в ижевске,50863157,1,0
типография ижевский электромеханический завод купол работает или нет,50863157,1,0
уф печать на ручке,50863157,1,0
цыфра.18,50863157,1,0
Календарь-кубик-трансформер,50863157,1,0
заказать визитки в ижевске недорого,50863157,1,0
ижевск печать плакатов цена,50863157,1,0
печать а5 типография стоимость,50863157,1,0
печать на кружке,50863157,1,0
печать на прозрачном пластике,50863157,1,0
типография ижевск полиграфия,50863157,1,0
Заказать переплет на металлическую пружинку купить,50863157,1,0
баннерная сетка проклейка по периметру типография ижевск,50863157,1,0
картонный конверт для футболки,50863157,1,0
листовки а5 цена ижевск,50863157,1,0
печать логотипов на флажках в ижевске,50863157,1,0
печать на дтф пленке на заказ ижевск,50863157,1,0
печать на пленке поликарбонат,50863157,1,0
упаковка ручек в заводе,50863157,1,0
ч\б печать,50863157,1,0
акриловые брелки изготовление,50863157,1,0
брошюровка документов где сделать ижевск,50863157,1,0
заказ визиток ижевчк,50863157,1,0
ижевск изготовить баннер натяжной на люверсах 150*170,50863157,1,0
ижевск оклейка машин пленкой оракал,50863157,1,0
повесить на кабинет объявление в прозрачном кармашке,50863157,1,0
уф печать на баннере ижевск,50863157,1,0
файл карман,50863157,1,0
цифрал типография,50863157,1,0
Папка на болтах печать,50863157,1,0
изготовление стендов в ижевске,50863157,1,0
интересный настенный календарь,50863157,1,0
календари настенные свежие идеи,50863157,1,0
ламинирование диплома ижевск цена,50863157,1,0
"стенды поликарбонатные передвижные , где можно изготовить в удмуртии",50863157,1,0
типография в ижевске изготовление банковской карт,50863157,1,0
цифра компания ижевск,50863157,1,0
где делают закладки для книг ижевск,50863157,1,0
необычные календари,50863157,1,0
изготовление ролл ап цена,50863157,1,0
уф печать на керамической плитке ижевск,50863157,1,0
3d силиконовый трансфер или puff печать на вещи ижевск,50863157,1,0
изготовление значок акрил ижевск,50863157,1,0
изготовление стенда уличного с оргстеклом ижевск,50863157,1,0
логотип на ручке,50863157,1,0
ижевск быстро сделать закатные значки,50863157,1,0
ижевск изготовление железных уличных закрытых стендов для афиш,50863157,1,0
ижевск печать на прозрачном пластике,50863157,1,0
изготовление печати флаг ижевск,50863157,1,0
календарь 2027 макет для топливной компании,50863157,1,0
цифра ижевск официальный сайт ижевск,50863157,1,0
бейдж на мероприятие печать,50863157,1,0
иж цифра,50863157,1,0
"как называется место, как файлик прозрачный, но пластиковый, туда вставляется обновленная афиша",50863157,1,0
магнит 5*5 см виниловый фото,50863157,1,0
печать на кепке ижевск,50863157,1,0
печать на магнитах ижевск типографии,50863157,1,0
печать этикеток на самоклеящейся пленке ижевск,50863157,1,0
сувенирная продукция ижевск заказать,50863157,1,0
изготовление акриловых брелков,50863157,1,0
ленты для бейджей с логотипом в ижевске,50863157,1,0
печатный салон ижевск цифра,50863157,1,0
печать на металле ижевск,50863157,1,0
печать текста на самоклейке,50863157,1,0
гравировка в ижевске,50863157,1,0
евролистовки ижевск,50863157,1,0
заказать визитки онлайн ижевск,50863157,1,0
операция ламинирование цифра,50863157,1,0
печать премиум визитки ижевск,50863157,1,0
ролл-ап 0.85*2 стоимость в ижевске,50863157,1,0
типография ижевск распечатать листовки,50863157,1,0
нанесение печати на зеркало в ижевске,50863157,1,0
напечатать открытку со своим дизайном ижевск,50863157,1,0
визитки ижевск быстро,50863157,1,0
печать на самоклеящейся пленке,50863157,1,0
ижевск изготовление рамок алюминиевых,50863157,1,0
изготовление конвертов ижевск,50863157,1,0
кубик с гравировкой ижевск,50863157,1,0
нанесение логотипа на табличку круглую больших размеров удмуртия цена,50863157,1,0
пакет подарочный печать,50863157,1,0
печатня типография ижевск,50863157,1,0
"печать на папках пластик, полипропилен",50863157,1,0
сувениры ижевск сделать,50863157,1,0
фотопечать на стекле в ижевске,50863157,1,0
штендер в аренду,50863157,1,0
визитка заказать ижевск,50863157,1,0
каким шрифтом нарисована цифра lego на бумажных пакетах,50863157,1,0
оклейка грузовиков ижевск,50863157,1,0
печать на самоклеющейся пленке,50863157,1,0
рекламное агентство квартальник 2027 цена,50863157,1,0
типограыия цифра,50863157,1,0
Заказать ручки и ракеты с логотипом в ижевске,50863157,1,0
дтф печать на заказ,50863157,1,0
изготовить серебристую наклейку ижевск,50863157,1,0
пазлы из фотографий на заказ ижевск,50863157,1,0
пауэр банк с логотипом на заказ ижевск,50863157,1,0
печать на пазлах,50863157,1,0
производство значков ижевск,50863157,1,0
таблички из оргстекла на заказ изевск,50863157,1,0
изготовление стендов по заказу в удмуртии,50863157,1,0
ксерокопия документов от 100 тыс,50863157,1,0
лазерная гравировка ручки ижевск,50863157,1,0
сделать визитки ижевск,50863157,1,0
типография ижевск уф печать,50863157,1,0
цифра 18.зф <принт> в ижевске типографика,50863157,1,0
штендер рекламный купить ижевск,50863157,1,0
напечатать визитки ижевск,50863157,1,0
печать листовок а7 производство орел офсетная,50863157,1,0
стоимость копии ижевск а4 цена черно белая,50863157,1,0
типография 18,50863157,1,0
dtf печать на одежде ижевск,50863157,1,0
квартальный календарь 2027 миллион открыток элитар стайл,50863157,1,0
печать значков ижевск,50863157,1,0
визитки стоимость,50863157,1,0
квартальные сетки 2027 скачать,50863157,1,0
напечатать листовки на а7 в ижевске,50863157,1,0
печать полиграфии ижевск,50863157,1,0
таблички из оргстекла ижевск,50863157,1,0
уф печать на зеркальном пластике,50863157,1,0
фотопечать на металле большого формата до 2 метров для декорации стен,50863157,1,0
Типография цифра,50863157,1,0
гравировка на маркираторе,50863157,1,0
гравировщик по кружкам в ижевске,50863157,1,0
заказать печать баннера в ижевске,50863157,1,0
календарь домик 2026 печать ижевск,50863157,1,0
квартальный календарь 2027,50863157,1,0
папки на резинке с логотипом на заказ цена ижевск,50863157,1,0
печатный салон около ижгту ижевск,50863157,1,0
печать картин на холсте,50863157,1,0
услуги лазерной гравировки ижевск,50863157,1,0
цифра ижевск типография сайт,50863157,1,0
Печать на пленке backlit,50863157,1,0
изготовениезначков,50863157,1,0
изготовление визиток из дерева ижевск,50863157,1,0
календари с названием фирмы идеи,50863157,1,0
плакетка круглая из оргстекла,50863157,1,0
распечатать рабочую документацию ижевск а3,50863157,1,0
распечатать сертификат ижевск,50863157,1,0
удмуртская республика ижевск улица имени короткова 19а римир,50863157,1,0
цифра печать на одежде,50863157,1,0
цифровая лазерная печать,50863157,1,0
данилов константин леонидович ип,50863157,1,0
заламинировать формат а2,50863157,1,0
календарь 3 d квартальный,50863157,1,0
печать на архитектурной матовой пленке,50863157,1,0
трацифра типография,50863157,1,0
ижевск гравировка на флешке,50863157,1,0
ижевск цветная печать,50863157,1,0
печать а2 цветная цена,50863157,1,0
печать на флаге,50863157,1,0
печать постеров в ижевске типографии ижевск,50863157,1,0
почтовые конверты с логотипом,50863157,1,0
стоимость изготовления роллапа в ижевске,50863157,1,0
Визитки ижевск,50863157,1,0
типографии в ижевске с готовыми документами на продажу,50863157,1,0
что такое ламинирование документов,50863157,1,0
заказать печать форматом ф1 в ижевске,50863157,1,0
изготовление наклеек на самоклеющейся пленке,50863157,1,0
показать листы отпечатанные ризографом цифровой и офсетной печатью,50863157,1,0
