"updateDate","url","httpCode","status","target","lastAccess","title","event"
"20.09.2026","https://xn--18-6kc5a3bxam.xn--p1ai/?attachment_id=423","200","SEARCHABLE","","03.09.2026","Типография Цифра г. Ижевск - цифровая и широкоформатная печать","ADD"
"20.09.2026","https://xn--18-6kc5a3bxam.xn--p1ai/?attachment_id=425","200","SEARCHABLE","","14.12.2025","Типография Цифра г. Ижевск - цифровая и широкоформатная печать","ADD"
"20.09.2026","https://xn--18-6kc5a3bxam.xn--p1ai/?attachment_id=430","200","SEARCHABLE","","13.08.2026","Типография Цифра г. Ижевск - цифровая и широкоформатная печать","ADD"
"20.09.2026","https://xn--18-6kc5a3bxam.xn--p1ai/?attachment_id=439","200","SEARCHABLE","","19.08.2026","Типография Цифра г. Ижевск - цифровая и широкоформатная печать","ADD"
"20.09.2026","https://xn--18-6kc5a3bxam.xn--p1ai/?attachment_id=444","200","SEARCHABLE","","31.07.2026","Типография Цифра г. Ижевск - цифровая и широкоформатная печать","ADD"
"20.09.2026","https://xn--18-6kc5a3bxam.xn--p1ai/?attachment_id=446","200","SEARCHABLE","","18.12.2025","Типография Цифра г. Ижевск - цифровая и широкоформатная печать","ADD"
"20.09.2026","https://xn--18-6kc5a3bxam.xn--p1ai/?attachment_id=514","200","SEARCHABLE","","06.09.2026","Типография Цифра г. Ижевск - цифровая и широкоформатная печать","ADD"
"20.09.2026","https://xn--18-6kc5a3bxam.xn--p1ai/?attachment_id=669","200","SEARCHABLE","","13.01.2026","Типография Цифра г. Ижевск - цифровая и широкоформатная печать","ADD"
"20.09.2026","https://xn--18-6kc5a3bxam.xn--p1ai/?attachment_id=769","200","SEARCHABLE","","18.07.2026","Типография Цифра г. Ижевск - цифровая и широкоформатная печать","ADD"
"20.09.2026","https://xn--18-6kc5a3bxam.xn--p1ai/?attachment_id=772","200","SEARCHABLE","","20.01.2026","Типография Цифра г. Ижевск - цифровая и широкоформатная печать","ADD"
"20.09.2026","https://xn--18-6kc5a3bxam.xn--p1ai/?attachment_id=773","200","SEARCHABLE","","30.05.2026","Типография Цифра г. Ижевск - цифровая и широкоформатная печать","ADD"
"20.09.2026","https://xn--18-6kc5a3bxam.xn--p1ai/?attachment_id=776","200","SEARCHABLE","","24.03.2026","Типография Цифра г. Ижевск - цифровая и широкоформатная печать","ADD"
"20.09.2026","https://xn--18-6kc5a3bxam.xn--p1ai/?attachment_id=804","200","SEARCHABLE","","28.05.2026","Типография Цифра г. Ижевск - цифровая и широкоформатная печать","ADD"
"20.09.2026","https://xn--18-6kc5a3bxam.xn--p1ai/catalog/inzhenernaya-pechat/pechat-chertezhey-proektnoy-dokumentatsii/pechat-chertezhey/","200","SEARCHABLE","","14.09.2026","Цветная печать чертежей в Ижевске | Типография Цифра","ADD"
"20.09.2026","https://xn--18-6kc5a3bxam.xn--p1ai/catalog/poligrafiya/derevyannye-vizitki-/files/pic01.png/","200","SEARCHABLE","","06.09.2026","Каталог","ADD"
"20.09.2026","https://xn--18-6kc5a3bxam.xn--p1ai/catalog/poligrafiya/kalendari/kvartalnye-3v1/","200","SEARCHABLE","","11.09.2026","Квартальный календарь «Мини 3в1» — заказать в Ижевске | Типография Цифра","ADD"
"20.09.2026","https://xn--18-6kc5a3bxam.xn--p1ai/catalog/poligrafiya/kalendari/kvartalnyy-kalendar-premium-3-rekl-polya-prozrachnyy-plastik/","200","SEARCHABLE","","08.09.2026","Каталог","ADD"
"20.09.2026","https://xn--18-6kc5a3bxam.xn--p1ai/catalog/poligrafiya/kalendari/kvartalnyy-kalendar-premium-prozrachnyy-plastik-s-1-rekl-polem/","200","SEARCHABLE","","05.09.2026","Квартальный календарь PREMIUM с 1 рекл. полем — заказать в Ижевске | Типография Цифра","ADD"
"20.09.2026","https://xn--18-6kc5a3bxam.xn--p1ai/catalog/poligrafiya/kalendari/kvartalnyy-kalendar-premium-prozrachnyy-plastik-s-3-rekl-polyami/","200","SEARCHABLE","","06.09.2026","Квартальный календарь PREMIUM с 1 рекл. полем — заказать в Ижевске | Типография Цифра","ADD"
"20.09.2026","https://xn--18-6kc5a3bxam.xn--p1ai/catalog/poligrafiya/konverty-/konverty-bumazhnye-tsvetnye-/","200","SEARCHABLE","","06.09.2026","Каталог","ADD"
"20.09.2026","https://xn--18-6kc5a3bxam.xn--p1ai/catalog/poligrafiya/korobki-vyrubnye/korobki-dlya-alkogolnoy-produktsii/","200","SEARCHABLE","","06.09.2026","Каталог","ADD"
"20.09.2026","https://xn--18-6kc5a3bxam.xn--p1ai/catalog/poligrafiya/kvartalnyy-kalendar-premium-prozrachnyy-plastik-s-1-rekl-polem/","200","SEARCHABLE","","05.09.2026","Квартальный календарь PREMIUM с 1 рекл. полем — заказать в Ижевске | Типография Цифра","ADD"
"20.09.2026","https://xn--18-6kc5a3bxam.xn--p1ai/catalog/poligrafiya/paketnoe-laminirovanie/","200","DUPLICATE","https://xn--18-6kc5a3bxam.xn--p1ai/catalog/poligrafiya/laminirovanie/paketnoe-laminirovanie/","11.09.2026","Пакетное ламинирование документов в Ижевске — типография Цифра","DELETE"
"20.09.2026","https://xn--18-6kc5a3bxam.xn--p1ai/catalog/poligrafiya/paketnoe-laminirovanie5491/","200","SEARCHABLE","","07.09.2026","Каталог","ADD"
"20.09.2026","https://xn--18-6kc5a3bxam.xn--p1ai/catalog/poligrafiya/pakety/kraft-pakety-podarochnye/","200","DUPLICATE","https://xn--18-6kc5a3bxam.xn--p1ai/catalog/poligrafiya/kraft-pakety-podarochnye/","14.09.2026","Крафт-пакеты подарочные в Ижевске — заказать в типографии Цифра","DELETE"
"20.09.2026","https://xn--18-6kc5a3bxam.xn--p1ai/catalog/poligrafiya/pakety/pakety-pvd/","200","SEARCHABLE","","08.09.2026","Каталог","ADD"
"20.09.2026","https://xn--18-6kc5a3bxam.xn--p1ai/catalog/poligrafiya/pechat-na-papkakh-ugolkakh/","200","SEARCHABLE","","06.09.2026","Каталог","ADD"
"20.09.2026","https://xn--18-6kc5a3bxam.xn--p1ai/catalog/poligrafiya/pechat-na-samokleyashchikhsya-materialakh/figurnye-nakleyki-na-samokl-bumage-test4863/","200","SEARCHABLE","","06.09.2026","Каталог","ADD"
"20.09.2026","https://xn--18-6kc5a3bxam.xn--p1ai/catalog/poligrafiya/pechat-na-samokleyashchikhsya-materialakh/figurnye-nakleyki-na-samokleyushcheysya-plenke-zerkalnoe-serebro/","200","DUPLICATE","https://xn--18-6kc5a3bxam.xn--p1ai/catalog/poligrafiya/figurnye-nakleyki-na-samokleyushcheysya-plenke-zerkalnoe-serebro/","14.09.2026","Фигурные наклейки на пленке зеркальное серебро — Ижевск, Цифра","DELETE"
"20.09.2026","https://xn--18-6kc5a3bxam.xn--p1ai/catalog/poligrafiya/pechat-na-samokleyashchikhsya-materialakh/pechat-kruglykh-nakleek1931/","200","SEARCHABLE","","06.09.2026","Каталог","ADD"
"20.09.2026","https://xn--18-6kc5a3bxam.xn--p1ai/catalog/poligrafiya/pechat-na-samokleyashchikhsya-materialakh/stiker-paki-na-samokleyushcheysya-plenke/","200","SEARCHABLE","","06.09.2026","Каталог","ADD"
"20.09.2026","https://xn--18-6kc5a3bxam.xn--p1ai/catalog/poligrafiya/sublimatsionnaya-pechat/","200","SEARCHABLE","","06.09.2026","Каталог","ADD"
"20.09.2026","https://xn--18-6kc5a3bxam.xn--p1ai/catalog/poligrafiya/vizitki/derevyannye-vizitki-/files/pic01.png/","200","SEARCHABLE","","06.09.2026","Каталог","ADD"
"20.09.2026","https://xn--18-6kc5a3bxam.xn--p1ai/catalog/reklama-stendy/izgotovlenie-tablichek-stendov/karman-pet-/","200","SEARCHABLE","","09.09.2026","Каталог","ADD"
"20.09.2026","https://xn--18-6kc5a3bxam.xn--p1ai/catalog/reklama/izgotovlenie-tablichek-stendov/","200","SEARCHABLE","","05.09.2026","Каталог","ADD"
"20.09.2026","https://xn--18-6kc5a3bxam.xn--p1ai/catalog/reklama/shirokoformatnaya-pechat/kartiny-na-kholste/","200","SEARCHABLE","","06.09.2026","Каталог","ADD"
"20.09.2026","https://xn--18-6kc5a3bxam.xn--p1ai/catalog/stendy/tablichki1106/","200","SEARCHABLE","","10.09.2026","Каталог","ADD"
"20.09.2026","https://xn--18-6kc5a3bxam.xn--p1ai/catalog/suvenirnaya-produktsiya/brendirovanie-odezhdy/korobka-dlya-futbolki/","200","DUPLICATE","https://xn--18-6kc5a3bxam.xn--p1ai/catalog/stendy/tablichki1106/","15.09.2026","Каталог","DELETE"
"20.09.2026","https://xn--18-6kc5a3bxam.xn--p1ai/catalog/suvenirnaya-produktsiya/brendirovanie-odezhdy/tubus-brendirovannyy/","200","SEARCHABLE","","06.09.2026","Каталог","ADD"
"20.09.2026","https://xn--18-6kc5a3bxam.xn--p1ai/catalog/suvenirnaya-produktsiya/futbolki/dtf-dtf-pechat/","200","SEARCHABLE","","09.09.2026","Каталог","ADD"
"20.09.2026","https://xn--18-6kc5a3bxam.xn--p1ai/catalog/suvenirnaya-produktsiya/magnity-vinilovye/vinilovye-magnity-21kh30m/","200","SEARCHABLE","","09.09.2026","Каталог","ADD"
"20.09.2026","https://xn--18-6kc5a3bxam.xn--p1ai/catalog/suvenirnaya-produktsiya/medali-kubki-nagradnaya-produktsiya/metallicheskie-medali/","200","DUPLICATE","https://xn--18-6kc5a3bxam.xn--p1ai/catalog/stendy/tablichki1106/","12.09.2026","Каталог","DELETE"
"20.09.2026","https://xn--18-6kc5a3bxam.xn--p1ai/catalog/suvenirnaya-produktsiya/pechat-na-kruzhkakh/belaya-kruzhka-tsvetnaya-ruchka-dno-330ml/","200","SEARCHABLE","","12.09.2026","Печать на кружках с цветной ручкой и дном 330 мл в Ижевске | Типография Цифра","ADD"
"20.09.2026","https://xn--18-6kc5a3bxam.xn--p1ai/catalog/suvenirnaya-produktsiya/pechat-na-kruzhkakh/butylka-dlya-vody-500ml/","200","SEARCHABLE","","08.09.2026","Каталог","ADD"
"20.09.2026","https://xn--18-6kc5a3bxam.xn--p1ai/catalog/suvenirnaya-produktsiya/pechat-na-kruzhkakh/kruzhka-spring-soft-tach/","200","SEARCHABLE","","05.09.2026","Каталог","ADD"
"20.09.2026","https://xn--18-6kc5a3bxam.xn--p1ai/catalog/suvenirnaya-produktsiya/pechat-na-ruchkakh/ruchka-sharikovaya-title-m/","200","SEARCHABLE","","06.09.2026","Каталог","ADD"
"20.09.2026","https://xn--18-6kc5a3bxam.xn--p1ai/catalog/suvenirnaya-produktsiya/ryukzaki-i-sumki/sumka-shopper-belyy/","200","SEARCHABLE","","12.09.2026","Сумка-шоппер белая с принтом в Ижевске — типография Цифра","ADD"
"20.09.2026","https://xn--18-6kc5a3bxam.xn--p1ai/catalog/suvenirnaya-produktsiya/shokolad/shokolad-5gr-v-korobke-24sht-v-korobke6089/","200","SEARCHABLE","","07.09.2026","Каталог","ADD"
"20.09.2026","https://xn--18-6kc5a3bxam.xn--p1ai/catalog/suvenirnaya-produktsiya/sumka-shopper-chernaya-100-khlopok6081/","200","SEARCHABLE","","10.09.2026","Каталог","ADD"
"20.09.2026","https://xn--18-6kc5a3bxam.xn--p1ai/catalog/suvenirnaya-produktsiya/sumka-shopper-chernaya-2287/","200","SEARCHABLE","","08.09.2026","Каталог","ADD"
"20.09.2026","https://xn--18-6kc5a3bxam.xn--p1ai/catalog/suvenirnaya-produktsiya/sumka-shopper/test-sumka-shopper-chernaya-polnotsvetnaya-termotransf-pechat-100-khlopok-3020/","200","SEARCHABLE","","10.09.2026","Каталог","ADD"
"20.09.2026","https://xn--18-6kc5a3bxam.xn--p1ai/catalog/suvenirnaya-produktsiya/test-sumka-shopper-chernaya-polnotsvetnaya-termotransf-pechat-100-khlopok-/","200","SEARCHABLE","","05.09.2026","Каталог","ADD"
"20.09.2026","https://xn--18-6kc5a3bxam.xn--p1ai/catalog/suvenirnaya-produktsiya/zakatnye-znachki/","200","SEARCHABLE","","11.09.2026","Каталог","ADD"
"20.09.2026","https://xn--18-6kc5a3bxam.xn--p1ai/","200","SEARCHABLE","","20.09.2026","Типография Цифра г. Ижевск - цифровая и широкоформатная печать","ADD"
"19.09.2026","https://xn--18-6kc5a3bxam.xn--p1ai/catalog/inzhenernaya-pechat/kserokopiya-a2-a0/","200","DUPLICATE","https://xn--18-6kc5a3bxam.xn--p1ai/catalog/inzhenernaya-pechat/kserokopiya/kserokopiya-a2-a0/","10.09.2026","Ксерокопия и сканирование А2–А0 в Ижевске — Типография Цифра","DELETE"
"19.09.2026","https://xn--18-6kc5a3bxam.xn--p1ai/catalog/inzhenernaya-pechat/pechat-chertezhey-proektnoy-dokumentatsii/pechat-chertezhey7148/","200","SEARCHABLE","","09.09.2026","Печать чертежей ч/б в Ижевске — Типография Цифра","ADD"
"19.09.2026","https://xn--18-6kc5a3bxam.xn--p1ai/catalog/poligrafiya/kalendari/kvartalnyy-kalendar-2024-god-standart-1-reklamnoe-pole/","200","DUPLICATE","https://xn--18-6kc5a3bxam.xn--p1ai/catalog/reklama/","10.09.2026","Каталог","DELETE"
"19.09.2026","https://xn--18-6kc5a3bxam.xn--p1ai/catalog/stendy/tablichki1106/","200","DUPLICATE","https://xn--18-6kc5a3bxam.xn--p1ai/catalog/reklama/","10.09.2026","Каталог","DELETE"
"19.09.2026","https://xn--18-6kc5a3bxam.xn--p1ai/catalog/suvenirnaya-produktsiya/pechat-na-ruchkakh/ruchka-sharikovaya-title-ch/","200","DUPLICATE","https://xn--18-6kc5a3bxam.xn--p1ai/catalog/suvenirnaya-produktsiya/ruchka-sharikovaya-title-ch/","10.09.2026","Ручка шариковая с печатью логотипа в Ижевске | Цифра","DELETE"
"19.09.2026","https://xn--18-6kc5a3bxam.xn--p1ai/catalog/suvenirnaya-produktsiya/pechat-na-ruchkakh/ruchka-sharikovaya-title-p-promo/","200","SEARCHABLE","","09.09.2026","Ручка шариковая с логотипом — печать на ручках в Ижевске | Цифра","ADD"
"19.09.2026","https://xn--18-6kc5a3bxam.xn--p1ai/catalog/suvenirnaya-produktsiya/pechat-na-ruchkakh/ruchka-sharikovaya-title-p/","200","SEARCHABLE","","09.09.2026","Ручка шариковая с логотипом — печать на ручках в Ижевске | Цифра","ADD"
"19.09.2026","https://xn--18-6kc5a3bxam.xn--p1ai/catalog/suvenirnaya-produktsiya/sumka-shopper-chernaya-100-khlopok6081/","200","DUPLICATE","https://xn--18-6kc5a3bxam.xn--p1ai/catalog/reklama/","10.09.2026","Каталог","DELETE"
"19.09.2026","https://xn--18-6kc5a3bxam.xn--p1ai/news/aktsiya-na-shirokoformatnuyu-pechat-na-bannere-plenke/","200","SEARCHABLE","","09.09.2026","АКЦИЯ на широкоформатную печать на баннере, пленке - Блог | Цифра18.рф","ADD"
"15.09.2026","https://xn--18-6kc5a3bxam.xn--p1ai/catalog/detail.php?ID=1243","200","DUPLICATE","https://xn--18-6kc5a3bxam.xn--p1ai/catalog/","08.09.2026","Каталог","DELETE"
"15.09.2026","https://xn--18-6kc5a3bxam.xn--p1ai/catalog/inzhenernaya-pechat/broshyurovka/pereplet-na-metallicheskuyu-pruzhinu-3-1/","200","DUPLICATE","https://xn--18-6kc5a3bxam.xn--p1ai/catalog/inzhenernaya-pechat/pereplet-na-metallicheskuyu-pruzhinu-3-1/","08.09.2026","Переплет на металлическую пружину 3:1 в Ижевске | Типография Цифра","DELETE"
"15.09.2026","https://xn--18-6kc5a3bxam.xn--p1ai/catalog/poligrafiya/kalendari/kvartalnyy-kalendar-premium-1-rekl-pole-svetodiodnyy/","200","SEARCHABLE","","08.09.2026","Квартальный календарь PREMIUM с 1 рекл. полем — заказать в Ижевске | Типография Цифра","ADD"
"15.09.2026","https://xn--18-6kc5a3bxam.xn--p1ai/catalog/poligrafiya/kalendari/kvartalnyy-kalendar-premium4143/","200","DUPLICATE","https://xn--18-6kc5a3bxam.xn--p1ai/catalog/poligrafiya/kalendari/kvartalnyy-kalendar-premium-prozrachnyy-plastik/","08.09.2026","Каталог","DELETE"
"15.09.2026","https://xn--18-6kc5a3bxam.xn--p1ai/catalog/poligrafiya/listovki-ofsetnaya-pechat/pechat-listovok-a6-ofsetnaya-pechat/","200","DUPLICATE","https://xn--18-6kc5a3bxam.xn--p1ai/catalog/poligrafiya/pechat-listovok-a6-ofsetnaya-pechat/","07.09.2026","Печать листовок А6 офсетная печать в Ижевске | Типография Цифра","DELETE"
"15.09.2026","https://xn--18-6kc5a3bxam.xn--p1ai/catalog/poligrafiya/ofsetnaya-pechat-standartnykh-vizitok/","200","SEARCHABLE","","08.09.2026","Офсетная печать визиток в Ижевске — типография Цифра","ADD"
"15.09.2026","https://xn--18-6kc5a3bxam.xn--p1ai/catalog/poligrafiya/pechat-na-samokleyashchikhsya-materialakh/listovaya-pechat-na-samokleyushcheysya-bumage-a3/","200","SEARCHABLE","","08.09.2026","Листовая печать на самоклеющейся бумаге А3+ в Ижевске — Типография Цифра","ADD"
"15.09.2026","https://xn--18-6kc5a3bxam.xn--p1ai/catalog/suvenirnaya-produktsiya/brendirovanie-odezhdy/termoplenka-termotransfer-na-odezhdu/","200","DUPLICATE","https://xn--18-6kc5a3bxam.xn--p1ai/catalog/suvenirnaya-produktsiya/termoplenka-termotransfer-na-odezhdu/","08.09.2026","Термотрансфер на одежду в Ижевске | Термопленка на ткани | Типография Цифра","DELETE"
"15.09.2026","https://xn--18-6kc5a3bxam.xn--p1ai/catalog/suvenirnaya-produktsiya/magnity-vinilovye/vinilovye-magnity-5kh7sm/","200","SEARCHABLE","","07.09.2026","Виниловые магниты 5×7 см в Ижевске — печать на заказ | Типография Цифра","ADD"
"10.09.2026","https://xn--18-6kc5a3bxam.xn--p1ai/catalog/poligrafiya/derevyannye-vizitki-/","200","DUPLICATE","https://xn--18-6kc5a3bxam.xn--p1ai/catalog/poligrafiya/vizitki/derevyannye-vizitki-/","06.09.2026","Визитки на дизайнерском картоне в Ижевске | Типография Цифра","DELETE"
"10.09.2026","https://xn--18-6kc5a3bxam.xn--p1ai/catalog/poligrafiya/kalendari/kvartalnyy-kalendar-premium-prozrachnyy-plastik-s-3-rekl-polyami/","200","DUPLICATE","https://xn--18-6kc5a3bxam.xn--p1ai/catalog/poligrafiya/kvartalnyy-kalendar-premium-prozrachnyy-plastik-s-3-rekl-polyami/","06.09.2026","Квартальный календарь PREMIUM с 1 рекл. полем — заказать в Ижевске | Типография Цифра","DELETE"
"10.09.2026","https://xn--18-6kc5a3bxam.xn--p1ai/catalog/poligrafiya/konverty-/konverty-bumazhnye-tsvetnye-/","200","DUPLICATE","https://xn--18-6kc5a3bxam.xn--p1ai/catalog/poligrafiya/kalendari/kvartalnyy-kalendar-premium-prozrachnyy-plastik/","06.09.2026","Каталог","DELETE"
"10.09.2026","https://xn--18-6kc5a3bxam.xn--p1ai/catalog/suvenirnaya-produktsiya/brendirovanie-odezhdy/tubus-brendirovannyy/","200","DUPLICATE","https://xn--18-6kc5a3bxam.xn--p1ai/catalog/poligrafiya/kalendari/kvartalnyy-kalendar-premium-prozrachnyy-plastik/","06.09.2026","Каталог","DELETE"
"09.09.2026","https://xn--18-6kc5a3bxam.xn--p1ai/?attachment_id=423","200","LOW_DEMAND","","03.09.2026","Типография Цифра г. Ижевск - цифровая и широкоформатная печать","DELETE"
"09.09.2026","https://xn--18-6kc5a3bxam.xn--p1ai/?attachment_id=425","200","LOW_DEMAND","","14.12.2025","Типография Цифра г. Ижевск - цифровая и широкоформатная печать","DELETE"
"09.09.2026","https://xn--18-6kc5a3bxam.xn--p1ai/?attachment_id=430","200","LOW_DEMAND","","13.08.2026","Типография Цифра г. Ижевск - цифровая и широкоформатная печать","DELETE"
"09.09.2026","https://xn--18-6kc5a3bxam.xn--p1ai/?attachment_id=439","200","LOW_DEMAND","","19.08.2026","Типография Цифра г. Ижевск - цифровая и широкоформатная печать","DELETE"
"09.09.2026","https://xn--18-6kc5a3bxam.xn--p1ai/?attachment_id=444","200","LOW_DEMAND","","31.07.2026","Типография Цифра г. Ижевск - цифровая и широкоформатная печать","DELETE"
"09.09.2026","https://xn--18-6kc5a3bxam.xn--p1ai/?attachment_id=446","200","LOW_DEMAND","","18.12.2025","Типография Цифра г. Ижевск - цифровая и широкоформатная печать","DELETE"
"09.09.2026","https://xn--18-6kc5a3bxam.xn--p1ai/?attachment_id=514","200","LOW_DEMAND","","12.03.2026","Типография Цифра г. Ижевск - цифровая и широкоформатная печать","DELETE"
"09.09.2026","https://xn--18-6kc5a3bxam.xn--p1ai/?attachment_id=669","200","LOW_DEMAND","","13.01.2026","Типография Цифра г. Ижевск - цифровая и широкоформатная печать","DELETE"
"09.09.2026","https://xn--18-6kc5a3bxam.xn--p1ai/?attachment_id=769","200","LOW_DEMAND","","18.07.2026","Типография Цифра г. Ижевск - цифровая и широкоформатная печать","DELETE"
"09.09.2026","https://xn--18-6kc5a3bxam.xn--p1ai/?attachment_id=772","200","LOW_DEMAND","","20.01.2026","Типография Цифра г. Ижевск - цифровая и широкоформатная печать","DELETE"
"09.09.2026","https://xn--18-6kc5a3bxam.xn--p1ai/?attachment_id=773","200","LOW_DEMAND","","30.05.2026","Типография Цифра г. Ижевск - цифровая и широкоформатная печать","DELETE"
"09.09.2026","https://xn--18-6kc5a3bxam.xn--p1ai/?attachment_id=776","200","LOW_DEMAND","","24.03.2026","Типография Цифра г. Ижевск - цифровая и широкоформатная печать","DELETE"
"09.09.2026","https://xn--18-6kc5a3bxam.xn--p1ai/?attachment_id=804","200","LOW_DEMAND","","28.05.2026","Типография Цифра г. Ижевск - цифровая и широкоформатная печать","DELETE"
"09.09.2026","https://xn--18-6kc5a3bxam.xn--p1ai/?yandex-source=desktop-maps","200","DUPLICATE","https://xn--18-6kc5a3bxam.xn--p1ai/","03.09.2026","Типография Цифра г. Ижевск - цифровая и широкоформатная печать","DELETE"
"09.09.2026","https://xn--18-6kc5a3bxam.xn--p1ai/catalog/inzhenernaya-pechat/broshyurovka/pereplet-na-skobu/","200","DUPLICATE","https://xn--18-6kc5a3bxam.xn--p1ai/catalog/inzhenernaya-pechat/pereplet-na-skobu/","03.09.2026","Переплет на скобу в Ижевске — Типография Цифра","DELETE"
"09.09.2026","https://xn--18-6kc5a3bxam.xn--p1ai/catalog/inzhenernaya-pechat/pechat-chertezhey-proektnoy-dokumentatsii/pechat-chertezhey/","200","DUPLICATE","https://xn--18-6kc5a3bxam.xn--p1ai/catalog/inzhenernaya-pechat/pechat-chertezhey/","03.09.2026","Цветная печать чертежей в Ижевске | Типография Цифра","DELETE"
"09.09.2026","https://xn--18-6kc5a3bxam.xn--p1ai/catalog/inzhenernaya-pechat/pechat-chertezhey-proektnoy-dokumentatsii/pechat-chertezhey7148/","200","DUPLICATE","https://xn--18-6kc5a3bxam.xn--p1ai/catalog/inzhenernaya-pechat/pechat-chertezhey7148/","02.09.2026","Печать чертежей ч/б в Ижевске — Типография Цифра","DELETE"
"09.09.2026","https://xn--18-6kc5a3bxam.xn--p1ai/catalog/poligrafiya/bloki-dlya-zapisey-kubariki/bloki-dlya-zapisey-1-0-50-100-listov/","200","DUPLICATE","https://xn--18-6kc5a3bxam.xn--p1ai/catalog/poligrafiya/bloki-dlya-zapisey-1-0-50-100-listov/","03.09.2026","Блоки для записей 1+0 в Ижевск — печать от 35 ₽ в типографии Цифра","DELETE"
"09.09.2026","https://xn--18-6kc5a3bxam.xn--p1ai/catalog/poligrafiya/kalendari/kvartalnye-3v1/","200","DUPLICATE","https://xn--18-6kc5a3bxam.xn--p1ai/catalog/poligrafiya/kvartalnye-3v1/","05.09.2026","Квартальный календарь «Мини 3в1» — заказать в Ижевске | Типография Цифра","DELETE"
"09.09.2026","https://xn--18-6kc5a3bxam.xn--p1ai/catalog/poligrafiya/kalendari/kvartalnyy-kalendar-premium-1-rekl-pole-svetodiodnyy/","200","DUPLICATE","https://xn--18-6kc5a3bxam.xn--p1ai/catalog/poligrafiya/kvartalnyy-kalendar-premium-1-rekl-pole-svetodiodnyy/","06.09.2026","Квартальный календарь PREMIUM с 1 рекл. полем — заказать в Ижевске | Типография Цифра","DELETE"
"09.09.2026","https://xn--18-6kc5a3bxam.xn--p1ai/catalog/poligrafiya/kalendari/kvartalnyy-kalendar-premium-3-rekl-polya-prozrachnyy-plastik/","200","DUPLICATE","https://xn--18-6kc5a3bxam.xn--p1ai/catalog/poligrafiya/kalendari/kvartalnyy-kalendar-premium-prozrachnyy-plastik/","03.09.2026","Каталог","DELETE"
"09.09.2026","https://xn--18-6kc5a3bxam.xn--p1ai/catalog/poligrafiya/kalendari/kvartalnyy-kalendar-premium450/","200","DUPLICATE","https://xn--18-6kc5a3bxam.xn--p1ai/catalog/poligrafiya/kalendari/kvartalnyy-kalendar-premium-prozrachnyy-plastik/","03.09.2026","Каталог","DELETE"
"09.09.2026","https://xn--18-6kc5a3bxam.xn--p1ai/catalog/poligrafiya/karty-plastikovye/karty-plastikovye/","200","SEARCHABLE","","05.09.2026","Изготовление пластиковых карт в Ижевске | Типография «Цифра»","ADD"
"09.09.2026","https://xn--18-6kc5a3bxam.xn--p1ai/catalog/poligrafiya/katalogi-broshyury/","200","DUPLICATE","https://xn--18-6kc5a3bxam.xn--p1ai/catalog/poligrafiya/kalendari/kvartalnyy-kalendar-premium-prozrachnyy-plastik/","04.09.2026","Каталог","DELETE"
"09.09.2026","https://xn--18-6kc5a3bxam.xn--p1ai/catalog/poligrafiya/kvartalnye-3v1/","200","SEARCHABLE","","02.09.2026","Квартальный календарь «Мини 3в1» — заказать в Ижевске | Типография Цифра","ADD"
"09.09.2026","https://xn--18-6kc5a3bxam.xn--p1ai/catalog/poligrafiya/kvartalnyy-kalendar-premium-1-rekl-pole-svetodiodnyy/","200","SEARCHABLE","","03.09.2026","Квартальный календарь PREMIUM с 1 рекл. полем — заказать в Ижевске | Типография Цифра","ADD"
"09.09.2026","https://xn--18-6kc5a3bxam.xn--p1ai/catalog/poligrafiya/kvartalnyy-kalendar-premium-prozrachnyy-plastik-s-1-rekl-polem/","200","DUPLICATE","https://xn--18-6kc5a3bxam.xn--p1ai/catalog/poligrafiya/kalendari/kvartalnyy-kalendar-premium-1-rekl-pole-s-figurnoy-rezkoy/","05.09.2026","Квартальный календарь PREMIUM с 1 рекл. полем — заказать в Ижевске | Типография Цифра","DELETE"
"09.09.2026","https://xn--18-6kc5a3bxam.xn--p1ai/catalog/poligrafiya/kvartalnyy-kalendar-premium4143/","200","DUPLICATE","https://xn--18-6kc5a3bxam.xn--p1ai/catalog/poligrafiya/kalendari/kvartalnyy-kalendar-premium-prozrachnyy-plastik/","03.09.2026","Каталог","DELETE"
"09.09.2026","https://xn--18-6kc5a3bxam.xn--p1ai/catalog/poligrafiya/listovki-ofsetnaya-pechat/pechat-listovok-a62286/","200","DUPLICATE","https://xn--18-6kc5a3bxam.xn--p1ai/catalog/poligrafiya/kalendari/kvartalnyy-kalendar-premium-prozrachnyy-plastik/","03.09.2026","Каталог","DELETE"
"09.09.2026","https://xn--18-6kc5a3bxam.xn--p1ai/catalog/poligrafiya/papki-/papki-s-prizhimom/","200","DUPLICATE","https://xn--18-6kc5a3bxam.xn--p1ai/catalog/poligrafiya/kalendari/kvartalnyy-kalendar-premium-prozrachnyy-plastik/","03.09.2026","Каталог","DELETE"
"09.09.2026","https://xn--18-6kc5a3bxam.xn--p1ai/catalog/poligrafiya/pechat-na-samokleyashchikhsya-materialakh/listovaya-pechat-na-samokleyushcheysya-bumage-a3/","200","DUPLICATE","https://xn--18-6kc5a3bxam.xn--p1ai/catalog/poligrafiya/listovaya-pechat-na-samokleyushcheysya-bumage-a3/","04.09.2026","Листовая печать на самоклеющейся бумаге А3+ в Ижевске — Типография Цифра","DELETE"
"09.09.2026","https://xn--18-6kc5a3bxam.xn--p1ai/catalog/poligrafiya/tsifrovaya-pechat-standartnykh-vizitok/","200","DUPLICATE","https://xn--18-6kc5a3bxam.xn--p1ai/catalog/poligrafiya/vizitki/tsifrovaya-pechat-standartnykh-vizitok/","03.09.2026","Цифровая печать визиток в Ижевске — заказать от 50 шт | Типография Цифра","DELETE"
"09.09.2026","https://xn--18-6kc5a3bxam.xn--p1ai/catalog/poligrafiya/vizitki-na-dizaynerskom-kartone/","200","DUPLICATE","https://xn--18-6kc5a3bxam.xn--p1ai/catalog/poligrafiya/derevyannye-vizitki-/","03.09.2026","Визитки на дизайнерском картоне в Ижевске | Типография Цифра","DELETE"
"09.09.2026","https://xn--18-6kc5a3bxam.xn--p1ai/catalog/poligrafiya/vizitki/vizitki-na-krafte/","200","DUPLICATE","https://xn--18-6kc5a3bxam.xn--p1ai/catalog/vizitki/vizitki-na-krafte/","04.09.2026","Визитки на крафте в Ижевске | Печать крафтовых визиток | Типография Цифра","DELETE"
"09.09.2026","https://xn--18-6kc5a3bxam.xn--p1ai/catalog/reklama/","200","DUPLICATE","https://xn--18-6kc5a3bxam.xn--p1ai/catalog/poligrafiya/kalendari/kvartalnyy-kalendar-premium-prozrachnyy-plastik/","03.09.2026","Каталог","DELETE"
"09.09.2026","https://xn--18-6kc5a3bxam.xn--p1ai/catalog/reklama/pechat-na-bannere-shirinoy-do-1-6m/","200","DUPLICATE","https://xn--18-6kc5a3bxam.xn--p1ai/catalog/poligrafiya/kalendari/kvartalnyy-kalendar-premium-prozrachnyy-plastik/","03.09.2026","Каталог","DELETE"
"09.09.2026","https://xn--18-6kc5a3bxam.xn--p1ai/catalog/suvenirnaya-produktsiya/breloki-/","200","DUPLICATE","https://xn--18-6kc5a3bxam.xn--p1ai/catalog/poligrafiya/kalendari/kvartalnyy-kalendar-premium-prozrachnyy-plastik/","03.09.2026","Каталог","DELETE"
"09.09.2026","https://xn--18-6kc5a3bxam.xn--p1ai/catalog/suvenirnaya-produktsiya/brendirovanie-odezhdy/futbolka-uniseks-belaya-poliester-100/","200","SEARCHABLE","","03.09.2026","Купить белую футболку унисекс 100% полиэстер для сублимации в Ижевске | Цифра","ADD"
"09.09.2026","https://xn--18-6kc5a3bxam.xn--p1ai/catalog/suvenirnaya-produktsiya/magnity-vinilovye/vinilovye-magnity-7kh10sm/","200","SEARCHABLE","","03.09.2026","Виниловые магниты 7×10 см — печать в Ижевске | Типография Цифра","ADD"
"09.09.2026","https://xn--18-6kc5a3bxam.xn--p1ai/catalog/suvenirnaya-produktsiya/pechat-na-kruzhkakh/belaya-kruzhka-tsvetnaya-ruchka-dno-330ml/","200","DUPLICATE","https://xn--18-6kc5a3bxam.xn--p1ai/catalog/suvenirnaya-produktsiya/belaya-kruzhka-tsvetnaya-ruchka-dno-330ml/","04.09.2026","Печать на кружках с цветной ручкой и дном 330 мл в Ижевске | Типография Цифра","DELETE"
"09.09.2026","https://xn--18-6kc5a3bxam.xn--p1ai/catalog/suvenirnaya-produktsiya/pechat-na-ruchkakh/ruchka-sharikovaya-title-p-promo/","200","DUPLICATE","https://xn--18-6kc5a3bxam.xn--p1ai/catalog/suvenirnaya-produktsiya/ruchka-sharikovaya-title-p-promo/","04.09.2026","Ручка шариковая с логотипом — печать на ручках в Ижевске | Цифра","DELETE"
"09.09.2026","https://xn--18-6kc5a3bxam.xn--p1ai/catalog/suvenirnaya-produktsiya/pechat-na-ruchkakh/ruchka-sharikovaya-title-p/","200","DUPLICATE","https://xn--18-6kc5a3bxam.xn--p1ai/catalog/suvenirnaya-produktsiya/ruchka-sharikovaya-title-p/","04.09.2026","Ручка шариковая с логотипом — печать на ручках в Ижевске | Цифра","DELETE"
"09.09.2026","https://xn--18-6kc5a3bxam.xn--p1ai/catalog/suvenirnaya-produktsiya/plaketki/plaketki/","200","DUPLICATE","https://xn--18-6kc5a3bxam.xn--p1ai/catalog/suvenirnaya-produktsiya/plaketki/","03.09.2026","Наградные плакетки на заказ в  — Типография Цифра (Ижевск)","DELETE"
"09.09.2026","https://xn--18-6kc5a3bxam.xn--p1ai/catalog/suvenirnaya-produktsiya/ryukzaki-i-sumki/sumka-shopper-belyy/","200","DUPLICATE","https://xn--18-6kc5a3bxam.xn--p1ai/catalog/suvenirnaya-produktsiya/sumka-shopper-belyy/","04.09.2026","Сумка-шоппер белая с принтом в Ижевске — типография Цифра","DELETE"
"09.09.2026","https://xn--18-6kc5a3bxam.xn--p1ai/catalog/suvenirnaya-produktsiya/sumka-shopper-chernaya-100-khlopok6081/","200","SEARCHABLE","","28.08.2026","Каталог","ADD"
"09.09.2026","https://xn--18-6kc5a3bxam.xn--p1ai/catalog/suvenirnaya-produktsiya/zakatnye-znachki/","200","DUPLICATE","https://xn--18-6kc5a3bxam.xn--p1ai/catalog/poligrafiya/kalendari/kvartalnyy-kalendar-premium-prozrachnyy-plastik/","04.09.2026","Каталог","DELETE"
"09.09.2026","https://xn--18-6kc5a3bxam.xn--p1ai/news/pechat-i-izgotovlenie-broshyur-na-skrepke/","200","SEARCHABLE","","03.09.2026","Печать и изготовление брошюр на скрепке - Блог | Цифра18.рф","ADD"
"07.09.2026","https://xn--18-6kc5a3bxam.xn--p1ai/catalog/detail.php?ID=420","200","OTHER","","23.08.2026","","DELETE"
"07.09.2026","https://xn--18-6kc5a3bxam.xn--p1ai/catalog/poligrafiya/kalendari/kalendar-domik-samosbornyy/","200","SEARCHABLE","","25.08.2026","Сайт заблокирован хостинг-провайдером","ADD"
"07.09.2026","https://xn--18-6kc5a3bxam.xn--p1ai/catalog/poligrafiya/konverty-/konvert-mini-pod-kartu-vizitku-sertifikat-6-9sm-120gr/","200","SEARCHABLE","","01.09.2026","Конверты МИНИ в Ижевске — купить недорого в типографии «Цифра»","ADD"
"07.09.2026","https://xn--18-6kc5a3bxam.xn--p1ai/catalog/poligrafiya/vizitki/vizitki-na-plastike/","200","OTHER","","22.08.2026","","DELETE"
"07.09.2026","https://xn--18-6kc5a3bxam.xn--p1ai/catalog/suvenirnaya-produktsiya/pechat-na-usb-ustroystvakh/pechat-na-pauer-bank/","200","DUPLICATE","https://xn--18-6kc5a3bxam.xn--p1ai/catalog/suvenirnaya-produktsiya/sumka-shopper-chernaya-100-khlopok6081/","23.08.2026","","DELETE"
"06.09.2026","https://xn--18-6kc5a3bxam.xn--p1ai/catalog/detail.php?ID=420","200","SEARCHABLE","","23.08.2026","Каталог","ADD"
"06.09.2026","https://xn--18-6kc5a3bxam.xn--p1ai/catalog/mobilnye-stendy/roll-up295045124997/","200","SEARCHABLE","","30.08.2026","Каталог","ADD"
"06.09.2026","https://xn--18-6kc5a3bxam.xn--p1ai/catalog/poligrafiya/beydzhi/beydzh-laminirovannyy/","200","SEARCHABLE","","28.08.2026","Ламинированные бейджи в Ижевске – заказать по цене от 40 руб. | Типография Цифра","ADD"
"06.09.2026","https://xn--18-6kc5a3bxam.xn--p1ai/catalog/poligrafiya/derevyannye-vizitki-/","200","SEARCHABLE","","29.08.2026","Визитки на дизайнерском картоне в Ижевске | Типография Цифра","ADD"
"06.09.2026","https://xn--18-6kc5a3bxam.xn--p1ai/catalog/poligrafiya/kalendari/kalendar-domik-samosbornyy/","200","DUPLICATE","https://xn--18-6kc5a3bxam.xn--p1ai/pechat-na-kraft-ruchkah-jeto/","25.08.2026","Сайт заблокирован хостинг-провайдером","DELETE"
"06.09.2026","https://xn--18-6kc5a3bxam.xn--p1ai/catalog/poligrafiya/kalendari/kvartalnyy-kalendar-premium-1-rekl-pole-neon7493/","200","DUPLICATE","https://xn--18-6kc5a3bxam.xn--p1ai/catalog/suvenirnaya-produktsiya/sumka-shopper-chernaya-100-khlopok6081/","28.08.2026","Каталог","DELETE"
"06.09.2026","https://xn--18-6kc5a3bxam.xn--p1ai/catalog/poligrafiya/kalendari/kvartalnyy-kalendar-premium-prozrachnyy-plastik-s-3-rekl-polyami/","200","SEARCHABLE","","29.08.2026","Квартальный календарь PREMIUM с 1 рекл. полем — заказать в Ижевске | Типография Цифра","ADD"
"06.09.2026","https://xn--18-6kc5a3bxam.xn--p1ai/catalog/poligrafiya/kalendari/kvartalnyy-kalendar-premium-prozrachnyy-plastik/","200","SEARCHABLE","","30.08.2026","Каталог","ADD"
"06.09.2026","https://xn--18-6kc5a3bxam.xn--p1ai/catalog/poligrafiya/kraft-pakety9654/","200","SEARCHABLE","","30.08.2026","Каталог","ADD"
"06.09.2026","https://xn--18-6kc5a3bxam.xn--p1ai/catalog/poligrafiya/kvartalnyy-kalendar-premium-prozrachnyy-plastik-s-1-rekl-polem/","200","SEARCHABLE","","29.08.2026","Квартальный календарь PREMIUM с 1 рекл. полем — заказать в Ижевске | Типография Цифра","ADD"
"06.09.2026","https://xn--18-6kc5a3bxam.xn--p1ai/catalog/poligrafiya/kvartalnyy-kalendar-premium-prozrachnyy-plastik-s-3-rekl-polyami/","200","SEARCHABLE","","29.08.2026","Квартальный календарь PREMIUM с 1 рекл. полем — заказать в Ижевске | Типография Цифра","ADD"
"06.09.2026","https://xn--18-6kc5a3bxam.xn--p1ai/catalog/poligrafiya/listovki-tsifrovaya-pechat/pechat-listovok-a7/","200","SEARCHABLE","","30.08.2026","Печать листовок А7 в Ижевске – заказать по выгодной цене | Типография 'Цифра'","ADD"
"06.09.2026","https://xn--18-6kc5a3bxam.xn--p1ai/catalog/poligrafiya/postpechatnye-raboty/","200","SEARCHABLE","","29.08.2026","Оперативная полиграфия г. Ижевск | Цифра18.рф","ADD"
"06.09.2026","https://xn--18-6kc5a3bxam.xn--p1ai/catalog/poligrafiya/postpechatnye-raboty/postpechatnye-raboty/","200","SEARCHABLE","","29.08.2026","Постпечатные работы | Цифра18.рф","ADD"
"06.09.2026","https://xn--18-6kc5a3bxam.xn--p1ai/catalog/poligrafiya/vizitki/derevyannye-vizitki-/","200","SEARCHABLE","","30.08.2026","Визитки на дизайнерском картоне в Ижевске | Типография Цифра","ADD"
"06.09.2026","https://xn--18-6kc5a3bxam.xn--p1ai/catalog/poligrafiya/vizitki/vizitki-na-plastike/","200","SEARCHABLE","","22.08.2026","Каталог","ADD"
"06.09.2026","https://xn--18-6kc5a3bxam.xn--p1ai/catalog/suvenirnaya-produktsiya/brendirovanie-odezhdy/tubus-brendirovannyy/","200","SEARCHABLE","","30.08.2026","Тубус для футболки купить в Ижевске | Типография Цифра","ADD"
"06.09.2026","https://xn--18-6kc5a3bxam.xn--p1ai/catalog/suvenirnaya-produktsiya/futbolka-uniseks-belaya/","200","SEARCHABLE","","29.08.2026","Каталог","ADD"
"06.09.2026","https://xn--18-6kc5a3bxam.xn--p1ai/catalog/suvenirnaya-produktsiya/magnity-vinilovye/vinilovye-magnity-7kh10sm/","200","DUPLICATE","https://xn--18-6kc5a3bxam.xn--p1ai/catalog/suvenirnaya-produktsiya/vinilovye-magnity-7kh10sm/","28.08.2026","Виниловые магниты 7×10 см — печать в Ижевске | Типография Цифра","DELETE"
"06.09.2026","https://xn--18-6kc5a3bxam.xn--p1ai/catalog/suvenirnaya-produktsiya/pechat-na-usb-ustroystvakh/pechat-na-pauer-bank/","200","SEARCHABLE","","23.08.2026","Каталог","ADD"
"06.09.2026","https://xn--18-6kc5a3bxam.xn--p1ai/catalog/suvenirnaya-produktsiya/tubus-brendirovannyy/","200","SEARCHABLE","","30.08.2026","Тубус для футболки купить в Ижевске | Типография Цифра","ADD"
"06.09.2026","https://xn--18-6kc5a3bxam.xn--p1ai/catalog/suvenirnaya-produktsiya/zakatnye-znachki/","200","SEARCHABLE","","29.08.2026","Каталог","ADD"
"06.09.2026","https://xn--18-6kc5a3bxam.xn--p1ai/chto-takoe-press-voll-gde-ego-zakazat-i-napechatat/","200","DUPLICATE","https://xn--18-6kc5a3bxam.xn--p1ai/pechat-na-kraft-ruchkah-jeto/","25.08.2026","Сайт заблокирован хостинг-провайдером","DELETE"
"06.09.2026","https://xn--18-6kc5a3bxam.xn--p1ai/news/?PAGEN_1=6","200","SEARCHABLE","","19.08.2026","Новости","ADD"
"06.09.2026","https://xn--18-6kc5a3bxam.xn--p1ai/product-category/vse-uslugi/reklama/","200","DUPLICATE","https://xn--18-6kc5a3bxam.xn--p1ai/pechat-na-kraft-ruchkah-jeto/","25.08.2026","Сайт заблокирован хостинг-провайдером","DELETE"
"06.09.2026","https://xn--18-6kc5a3bxam.xn--p1ai/upload/iblock/8b2/bc7v8w8r0i5jyqz915p4b6anjwe3vi42/3v1.jpg","200","LOW_DEMAND","","20.08.2026","Сайт заблокирован хостинг-провайдером","DELETE"
"02.09.2026","https://xn--18-6kc5a3bxam.xn--p1ai/catalog/poligrafiya/kalendari/kvartalnyy-kalendar-premium-1-rekl-pole-s-figurnoy-rezkoy/","200","SEARCHABLE","","28.08.2026","Квартальный календарь PREMIUM с 1 рекл. полем — заказать в Ижевске | Типография Цифра","ADD"
"02.09.2026","https://xn--18-6kc5a3bxam.xn--p1ai/catalog/poligrafiya/kalendari/kvartalnyy-kalendar-premium-1-rekl-pole-svetodiodnyy/","200","SEARCHABLE","","28.08.2026","Квартальный календарь PREMIUM с 1 рекл. полем — заказать в Ижевске | Типография Цифра","ADD"
"02.09.2026","https://xn--18-6kc5a3bxam.xn--p1ai/catalog/poligrafiya/kalendari/kvartalnyy-kalendar-premium-3-rekl-polya-prozrachnyy-plastik/","200","SEARCHABLE","","28.08.2026","Каталог","ADD"
"02.09.2026","https://xn--18-6kc5a3bxam.xn--p1ai/catalog/poligrafiya/konverty-/konverty-chernye-bumazhnye-120gr/","200","SEARCHABLE","","27.08.2026","Каталог","ADD"
"02.09.2026","https://xn--18-6kc5a3bxam.xn--p1ai/catalog/poligrafiya/kvartalnyy-kalendar-premium-prozrachnyy-plastik/","200","SEARCHABLE","","27.08.2026","Квартальный календарь PREMIUM с 1 рекл. полем — заказать в Ижевске | Типография Цифра","ADD"
"02.09.2026","https://xn--18-6kc5a3bxam.xn--p1ai/catalog/shirokoformatnaya-pechat/pechat-na-posternoy-bumage-blue-back/","200","SEARCHABLE","","27.08.2026","Печать на постерной бумаге Blue Back в Ижевске | Типография Цифра","ADD"
"02.09.2026","https://xn--18-6kc5a3bxam.xn--p1ai/catalog/suvenirnaya-produktsiya/pechat-na-ruchkakh/ruchka-metallicheskaya-s-pokrytiem-soft-tach-legend/","200","DUPLICATE","https://xn--18-6kc5a3bxam.xn--p1ai/catalog/suvenirnaya-produktsiya/futbolki/","27.08.2026","Каталог","DELETE"
"02.09.2026","https://xn--18-6kc5a3bxam.xn--p1ai/catalog/suvenirnaya-produktsiya/tsvetnye-kruzhki/","200","SEARCHABLE","","24.08.2026","Каталог","ADD"
"02.09.2026","https://xn--18-6kc5a3bxam.xn--p1ai/news/?PAGEN_1=5","200","SEARCHABLE","","13.07.2026","Новости","ADD"
"02.09.2026","https://xn--18-6kc5a3bxam.xn--p1ai/news/skoro-prazdniki-a-vy-vybrali-chto-podarit_1/","200","SEARCHABLE","","10.02.2024","Скоро праздники! А вы выбрали что подарить? - Блог | Цифра18.рф","ADD"
"31.08.2026","https://xn--18-6kc5a3bxam.xn--p1ai/1229-2/","200","SEARCHABLE","","25.08.2026","Сайт заблокирован хостинг-провайдером","ADD"
"31.08.2026","https://xn--18-6kc5a3bxam.xn--p1ai/catalog/poligrafiya/birki/birki-tsifrovaya-pechat/","200","SEARCHABLE","","26.08.2026","Бирки цифровая печать в Ижевске — Типография Цифра","ADD"
"31.08.2026","https://xn--18-6kc5a3bxam.xn--p1ai/catalog/poligrafiya/bloknoty/pechat-bloknotov-a5-s-vyrubkoy-oblozhka-4-0-0-0/","200","SEARCHABLE","","27.08.2026","Печать блокнотов А5 с вырубкой (обложка 4+0, 0+0) | Цифра18.рф","ADD"
"31.08.2026","https://xn--18-6kc5a3bxam.xn--p1ai/catalog/poligrafiya/kalendari/kalendar-domik-samosbornyy/","200","SEARCHABLE","","25.08.2026","Сайт заблокирован хостинг-провайдером","ADD"
"31.08.2026","https://xn--18-6kc5a3bxam.xn--p1ai/catalog/poligrafiya/kalendari/kalendar-karmannyy/","200","SEARCHABLE","","25.08.2026","Сайт заблокирован хостинг-провайдером","ADD"
"31.08.2026","https://xn--18-6kc5a3bxam.xn--p1ai/catalog/poligrafiya/kalendari/kvartalnyy-kalendar-premium-1-rekl-pole-s-figurnoy-rezkoy/","200","DUPLICATE","https://xn--18-6kc5a3bxam.xn--p1ai/catalog/poligrafiya/kalendari/kvartalnyy-kalendar-premium-1-rekl-pole-neon/","26.08.2026","Квартальный календарь PREMIUM с 1 рекл. полем — заказать в Ижевске | Типография Цифра","DELETE"
"31.08.2026","https://xn--18-6kc5a3bxam.xn--p1ai/catalog/poligrafiya/listovki-tsifrovaya-pechat/pechat-listovok-a7/","200","DUPLICATE","https://xn--18-6kc5a3bxam.xn--p1ai/catalog/poligrafiya/pechat-listovok-a7/","26.08.2026","Печать листовок А7 в Ижевске – заказать по выгодной цене | Типография 'Цифра'","DELETE"
"31.08.2026","https://xn--18-6kc5a3bxam.xn--p1ai/catalog/poligrafiya/uf-pechat-ot-151-sm2-do-300-kh-420-mm-/","200","SEARCHABLE","","27.08.2026","УФ-печать от 151 см² до 300×420 мм в Ижевске – типография Цифра","ADD"
"31.08.2026","https://xn--18-6kc5a3bxam.xn--p1ai/catalog/suvenirnaya-produktsiya/breloki/breloki-akrilovye/","200","SEARCHABLE","","26.08.2026","Брелоки акриловые в Ижевске — заказать в типографии «Цифра»","ADD"
"31.08.2026","https://xn--18-6kc5a3bxam.xn--p1ai/catalog/suvenirnaya-produktsiya/popsokety/","200","SEARCHABLE","","25.08.2026","Попсокеты с логотипом в Ижевске — печать на промо-подставках | Типография «Цифра»","ADD"
"31.08.2026","https://xn--18-6kc5a3bxam.xn--p1ai/catalog/suvenirnaya-produktsiya/shokolad/korobka-otkrytka-s-shokoladom-5gr/","200","SEARCHABLE","","25.08.2026","Коробка-открытка с шоколадом 5гр с логотипом в Ижевске | Типография Цифра","ADD"
"31.08.2026","https://xn--18-6kc5a3bxam.xn--p1ai/catalog/suvenirnaya-produktsiya/shokolad/shokolad-v-korobke/","200","SEARCHABLE","","25.08.2026","Шоколад с логотипом 5гр в коробке 18шт – заказать брендированный шоколад в Ижевске | Типография Цифра","ADD"
"31.08.2026","https://xn--18-6kc5a3bxam.xn--p1ai/chto-takoe-press-voll-gde-ego-zakazat-i-napechatat/","200","SEARCHABLE","","25.08.2026","Сайт заблокирован хостинг-провайдером","ADD"
"31.08.2026","https://xn--18-6kc5a3bxam.xn--p1ai/novosti/page/11/","200","SEARCHABLE","","25.08.2026","Сайт заблокирован хостинг-провайдером","ADD"
"31.08.2026","https://xn--18-6kc5a3bxam.xn--p1ai/pechat-na-kraft-ruchkah-jeto/","200","SEARCHABLE","","25.08.2026","Сайт заблокирован хостинг-провайдером","ADD"
"31.08.2026","https://xn--18-6kc5a3bxam.xn--p1ai/product-category/vse-uslugi/reklama/","200","SEARCHABLE","","25.08.2026","Сайт заблокирован хостинг-провайдером","ADD"
"28.08.2026","https://xn--18-6kc5a3bxam.xn--p1ai/catalog/inzhenernaya-pechat/","200","SEARCHABLE","","24.08.2026","Печать чертежей всех форматов А4, А3, А2, А1, А0 на плоттере г. Ижевск - Цифра18.рф","ADD"
"28.08.2026","https://xn--18-6kc5a3bxam.xn--p1ai/catalog/inzhenernaya-pechat/skanirovanie/","200","SEARCHABLE","","24.08.2026","Сканирование чертежей, плакатов, картин, фотографий А3, А2, А1, А0 г. Ижевск | Цифра18.рф","ADD"
"28.08.2026","https://xn--18-6kc5a3bxam.xn--p1ai/catalog/poligrafiya/bloknoty/pechat-bloknotov-a56514/","200","DUPLICATE","https://xn--18-6kc5a3bxam.xn--p1ai/catalog/stendy/tablichki1106/","24.08.2026","Каталог","DELETE"
"28.08.2026","https://xn--18-6kc5a3bxam.xn--p1ai/catalog/poligrafiya/kalendari/kvartalnyy-kalendar-2027-biznes-3-reklamnykh-polya-/","200","SEARCHABLE","","20.08.2026","Сайт заблокирован хостинг-провайдером","ADD"
"28.08.2026","https://xn--18-6kc5a3bxam.xn--p1ai/catalog/poligrafiya/kalendari/kvartalnyy-kalendar-premium-1-rekl-pole-neon/","200","SEARCHABLE","","20.08.2026","Сайт заблокирован хостинг-провайдером","ADD"
"28.08.2026","https://xn--18-6kc5a3bxam.xn--p1ai/catalog/poligrafiya/kalendari/kvartalnyy-kalendar-premium-3-rekl-polya-prozrachnyy-plastik/","200","DUPLICATE","https://xn--18-6kc5a3bxam.xn--p1ai/catalog/poligrafiya/kvartalnyy-kalendar-premium-1-rekl-pole-neon/","24.08.2026","Квартальный календарь PREMIUM с 1 рекл. полем — заказать в Ижевске | Типография Цифра","DELETE"
"28.08.2026","https://xn--18-6kc5a3bxam.xn--p1ai/catalog/poligrafiya/katalogi-broshyury/","200","SEARCHABLE","","24.08.2026","Тейбл-тент с фото на стекле — заказать в Ижевске | Цифра","ADD"
"28.08.2026","https://xn--18-6kc5a3bxam.xn--p1ai/catalog/poligrafiya/konverty-/","200","SEARCHABLE","","23.08.2026","Изготовление  и печать конвертов с логотипом на заказ дешево, быстро и качественно.  | Цифра18.рф","ADD"
"28.08.2026","https://xn--18-6kc5a3bxam.xn--p1ai/catalog/poligrafiya/pechat-belym-tonerom2353/","200","SEARCHABLE","","24.08.2026","Оперативная полиграфия г. Ижевск | Цифра18.рф","ADD"
"28.08.2026","https://xn--18-6kc5a3bxam.xn--p1ai/catalog/poligrafiya/tsifrovaya-pechat/katalogi-broshyury/","200","SEARCHABLE","","24.08.2026","Печать белым тонером в Ижевске — Типография Цифра","ADD"
"28.08.2026","https://xn--18-6kc5a3bxam.xn--p1ai/catalog/poligrafiya/vizitki/vizitki-na-krafte/","200","SEARCHABLE","","20.08.2026","Сайт заблокирован хостинг-провайдером","ADD"
"28.08.2026","https://xn--18-6kc5a3bxam.xn--p1ai/catalog/shirokoformatnaya-pechat/pechat-na-plenke-grey-back/","200","SEARCHABLE","","24.08.2026","Печать на пленке Grey back в Ижевске | Типография Цифра","ADD"
"28.08.2026","https://xn--18-6kc5a3bxam.xn--p1ai/catalog/shirokoformatnaya-pechat/pechat-na-posternoy-bumage/","200","SEARCHABLE","","24.08.2026","Печать на постерной бумаге в Ижевске — Типография Цифра","ADD"
"28.08.2026","https://xn--18-6kc5a3bxam.xn--p1ai/catalog/stendy/tablichki1106/","200","SEARCHABLE","","24.08.2026","Каталог","ADD"
"28.08.2026","https://xn--18-6kc5a3bxam.xn--p1ai/catalog/suvenirnaya-produktsiya/futbolki/","200","SEARCHABLE","","24.08.2026","Каталог","ADD"
"28.08.2026","https://xn--18-6kc5a3bxam.xn--p1ai/catalog/suvenirnaya-produktsiya/kubik-transformer/","200","SEARCHABLE","","25.08.2026","Кубик трансформер на заказ в Ижевске | Типография Цифра","ADD"
"28.08.2026","https://xn--18-6kc5a3bxam.xn--p1ai/catalog/suvenirnaya-produktsiya/pechat-na-kruzhkakh/belye-kruzhki-330ml/","200","DUPLICATE","https://xn--18-6kc5a3bxam.xn--p1ai/catalog/suvenirnaya-produktsiya/futbolki/","25.08.2026","Каталог","DELETE"
"28.08.2026","https://xn--18-6kc5a3bxam.xn--p1ai/catalog/suvenirnaya-produktsiya/pechat-na-usb-ustroystvakh/pechat-na-pauer-bank/","200","DUPLICATE","https://xn--18-6kc5a3bxam.xn--p1ai/catalog/reklama/","23.08.2026","Каталог","DELETE"
"28.08.2026","https://xn--18-6kc5a3bxam.xn--p1ai/catalog/suvenirnaya-produktsiya/ryukzaki-i-sumki/","200","SEARCHABLE","","24.08.2026","Сумка шоппер  - Цифра18.рф","ADD"
"28.08.2026","https://xn--18-6kc5a3bxam.xn--p1ai/catalog/suvenirnaya-produktsiya/sumka-shopper/sumka-shopper-chernaya-100-khlopok6081/","200","SEARCHABLE","","24.08.2026","Каталог","ADD"
"28.08.2026","https://xn--18-6kc5a3bxam.xn--p1ai/portfolio/","200","SEARCHABLE","","20.08.2026","Сайт заблокирован хостинг-провайдером","ADD"
"28.08.2026","https://xn--18-6kc5a3bxam.xn--p1ai/privacy-policy/","200","SEARCHABLE","","20.08.2026","Сайт заблокирован хостинг-провайдером","ADD"
"28.08.2026","https://xn--18-6kc5a3bxam.xn--p1ai/upload/iblock/8b2/bc7v8w8r0i5jyqz915p4b6anjwe3vi42/3v1.jpg","200","SEARCHABLE","","20.08.2026","Сайт заблокирован хостинг-провайдером","ADD"
"27.08.2026","https://xn--18-6kc5a3bxam.xn--p1ai/?attachment_id=438","200","SEARCHABLE","","19.08.2026","Типография Цифра г. Ижевск - цифровая и широкоформатная печать","ADD"
"27.08.2026","https://xn--18-6kc5a3bxam.xn--p1ai/?attachment_id=439","200","SEARCHABLE","","19.08.2026","Типография Цифра г. Ижевск - цифровая и широкоформатная печать","ADD"
"27.08.2026","https://xn--18-6kc5a3bxam.xn--p1ai/?yandex-source=desktop-maps","200","SEARCHABLE","","19.08.2026","Типография Цифра г. Ижевск - цифровая и широкоформатная печать","ADD"
"27.08.2026","https://xn--18-6kc5a3bxam.xn--p1ai/catalog/poligrafiya/konverty-/konvert-mini-pod-kartu-vizitku-sertifikat-6-9sm-120gr/","200","DUPLICATE","https://xn--18-6kc5a3bxam.xn--p1ai/catalog/poligrafiya/konvert-mini-pod-kartu-vizitku-sertifikat-6-9sm-120gr/","22.08.2026","Конверты МИНИ в Ижевске — купить недорого в типографии «Цифра»","DELETE"
"27.08.2026","https://xn--18-6kc5a3bxam.xn--p1ai/catalog/shirokoformatnaya-pechat/pechat-na-bannere-shirinoy-do-1-6m/","200","SEARCHABLE","","21.08.2026","Печать на баннере шириной до 1.6м в Ижевске — Типография 'Цифра'","ADD"
"27.08.2026","https://xn--18-6kc5a3bxam.xn--p1ai/catalog/suvenirnaya-produktsiya/pechat-na-kruzhkakh/termos-picnic-soft-tach-500ml/","200","SEARCHABLE","","22.08.2026","Термос с логотипом на заказ – Picnic софт-тач 500мл | Типография Цифра Ижевск","ADD"
"27.08.2026","https://xn--18-6kc5a3bxam.xn--p1ai/news/?PAGEN_1=5","200","LOW_DEMAND","","13.07.2026","Новости","DELETE"
"27.08.2026","https://xn--18-6kc5a3bxam.xn--p1ai/news/skoro-prazdniki-a-vy-vybrali-chto-podarit_1/","200","LOW_DEMAND","","10.02.2024","Скоро праздники! А вы выбрали что подарить? - Блог | Цифра18.рф","DELETE"
"25.08.2026","https://xn--18-6kc5a3bxam.xn--p1ai/?attachment_id=438","200","OTHER","","19.08.2026","Типография Цифра г. Ижевск - цифровая и широкоформатная печать","DELETE"
"25.08.2026","https://xn--18-6kc5a3bxam.xn--p1ai/?yandex-source=desktop-maps","200","OTHER","","19.08.2026","Типография Цифра г. Ижевск - цифровая и широкоформатная печать","DELETE"
"25.08.2026","https://xn--18-6kc5a3bxam.xn--p1ai/catalog/inzhenernaya-pechat/","200","DUPLICATE","https://xn--18-6kc5a3bxam.xn--p1ai/portfolio/","20.08.2026","Сайт заблокирован хостинг-провайдером","DELETE"
"25.08.2026","https://xn--18-6kc5a3bxam.xn--p1ai/catalog/inzhenernaya-pechat/skanirovanie/","200","DUPLICATE","https://xn--18-6kc5a3bxam.xn--p1ai/portfolio/","20.08.2026","Сайт заблокирован хостинг-провайдером","DELETE"
"25.08.2026","https://xn--18-6kc5a3bxam.xn--p1ai/catalog/poligrafiya/beydzhi/beydzh-plastikovyy2506/","200","DUPLICATE","https://xn--18-6kc5a3bxam.xn--p1ai/catalog/reklama/","19.08.2026","Каталог","DELETE"
"25.08.2026","https://xn--18-6kc5a3bxam.xn--p1ai/catalog/poligrafiya/bloknoty/pechat-bloknotov-a5-s-vyrubkoy-oblozhka-4-0-0-0/","200","DUPLICATE","https://xn--18-6kc5a3bxam.xn--p1ai/portfolio/","20.08.2026","Сайт заблокирован хостинг-провайдером","DELETE"
"25.08.2026","https://xn--18-6kc5a3bxam.xn--p1ai/catalog/poligrafiya/bloknoty/pechat-bloknotov-a6-oblozhka-4-0-4-0/","200","SEARCHABLE","","19.08.2026","Печать блокнотов А6  в Ижевске  | Цифра18.рф","ADD"
"25.08.2026","https://xn--18-6kc5a3bxam.xn--p1ai/catalog/poligrafiya/kalendari/kalendar-domik-samosbornyy/","200","DUPLICATE","https://xn--18-6kc5a3bxam.xn--p1ai/catalog/poligrafiya/kalendar-domik-samosbornyy/","20.08.2026","Календарь «домик» самосборный – заказать в типографии Ижевск | Цифра","DELETE"
"25.08.2026","https://xn--18-6kc5a3bxam.xn--p1ai/catalog/poligrafiya/kalendari/kalendar-karmannyy/","200","OTHER","","17.08.2026","Карманные календари на заказ в Ижевске | Типография Цифра (Цена от 4 руб.)","DELETE"
"25.08.2026","https://xn--18-6kc5a3bxam.xn--p1ai/catalog/poligrafiya/kalendari/kvartalnyy-kalendar-2025-god-biznes-3-reklamnykh-polya/","200","DUPLICATE","https://xn--18-6kc5a3bxam.xn--p1ai/catalog/reklama/","19.08.2026","Каталог","DELETE"
"25.08.2026","https://xn--18-6kc5a3bxam.xn--p1ai/catalog/poligrafiya/kalendari/kvartalnyy-kalendar-2025-god-standart-1-reklamnoe-pole/","200","DUPLICATE","https://xn--18-6kc5a3bxam.xn--p1ai/catalog/reklama/","19.08.2026","Каталог","DELETE"
"25.08.2026","https://xn--18-6kc5a3bxam.xn--p1ai/catalog/poligrafiya/kalendari/kvartalnyy-kalendar-2027-biznes-3-reklamnykh-polya-/","200","OTHER","","20.08.2026","Сайт заблокирован хостинг-провайдером","DELETE"
"25.08.2026","https://xn--18-6kc5a3bxam.xn--p1ai/catalog/poligrafiya/kalendari/kvartalnyy-kalendar-premium-1-rekl-pole-neon/","200","OTHER","","20.08.2026","Сайт заблокирован хостинг-провайдером","DELETE"
"25.08.2026","https://xn--18-6kc5a3bxam.xn--p1ai/catalog/poligrafiya/kalendari/kvartalnyy-kalendar-premium-1-rekl-pole-svetodiodnyy/","200","DUPLICATE","https://xn--18-6kc5a3bxam.xn--p1ai/catalog/poligrafiya/kalendari/kvartalnyy-kalendar-premium-3-rekl-polya-prozrachnyy-plastik/","20.08.2026","Квартальный календарь PREMIUM с 1 рекл. полем — заказать в Ижевске | Типография Цифра","DELETE"
"25.08.2026","https://xn--18-6kc5a3bxam.xn--p1ai/catalog/poligrafiya/konverty-/","200","OTHER","","20.08.2026","Сайт заблокирован хостинг-провайдером","DELETE"
"25.08.2026","https://xn--18-6kc5a3bxam.xn--p1ai/catalog/poligrafiya/ofsetnaya-pechat-standartnykh-vizitok/","200","DUPLICATE","https://xn--18-6kc5a3bxam.xn--p1ai/catalog/poligrafiya/vizitki/ofsetnaya-pechat-standartnykh-vizitok/","19.08.2026","Офсетная печать визиток в Ижевске — типография Цифра","DELETE"
"25.08.2026","https://xn--18-6kc5a3bxam.xn--p1ai/catalog/poligrafiya/pechat-listovok-a7-ofsetnaya-pechat/","200","DUPLICATE","https://xn--18-6kc5a3bxam.xn--p1ai/catalog/poligrafiya/listovki-ofsetnaya-pechat/pechat-listovok-a7-ofsetnaya-pechat/","19.08.2026","Печать листовок А7 офсетная печать в Ижевске — Типография Цифра","DELETE"
"25.08.2026","https://xn--18-6kc5a3bxam.xn--p1ai/catalog/poligrafiya/pechat-na-papkakh-ugolkakh/papka-na-knopke/","200","DUPLICATE","https://xn--18-6kc5a3bxam.xn--p1ai/catalog/reklama/","19.08.2026","Каталог","DELETE"
"25.08.2026","https://xn--18-6kc5a3bxam.xn--p1ai/catalog/poligrafiya/vizitki/vizitki-na-krafte/","200","OTHER","","20.08.2026","Сайт заблокирован хостинг-провайдером","DELETE"
"25.08.2026","https://xn--18-6kc5a3bxam.xn--p1ai/catalog/shirokoformatnaya-pechat/pechat-na-bannere-shirinoy-do-1-6m/","200","DUPLICATE","https://xn--18-6kc5a3bxam.xn--p1ai/portfolio/","20.08.2026","Сайт заблокирован хостинг-провайдером","DELETE"
"25.08.2026","https://xn--18-6kc5a3bxam.xn--p1ai/catalog/shirokoformatnaya-pechat/pechat-na-plenke-grey-back/","200","DUPLICATE","https://xn--18-6kc5a3bxam.xn--p1ai/portfolio/","20.08.2026","Сайт заблокирован хостинг-провайдером","DELETE"
"25.08.2026","https://xn--18-6kc5a3bxam.xn--p1ai/catalog/shirokoformatnaya-pechat/pechat-na-posternoy-bumage-blue-back/","200","DUPLICATE","https://xn--18-6kc5a3bxam.xn--p1ai/portfolio/","20.08.2026","Сайт заблокирован хостинг-провайдером","DELETE"
"25.08.2026","https://xn--18-6kc5a3bxam.xn--p1ai/catalog/shirokoformatnaya-pechat/pechat-na-posternoy-bumage/","200","DUPLICATE","https://xn--18-6kc5a3bxam.xn--p1ai/portfolio/","20.08.2026","Сайт заблокирован хостинг-провайдером","DELETE"
"25.08.2026","https://xn--18-6kc5a3bxam.xn--p1ai/catalog/suvenirnaya-produktsiya/breloki/breloki-akrilovye/","200","DUPLICATE","https://xn--18-6kc5a3bxam.xn--p1ai/catalog/suvenirnaya-produktsiya/breloki-akrilovye/","19.08.2026","Брелоки акриловые в Ижевске — заказать в типографии «Цифра»","DELETE"
"25.08.2026","https://xn--18-6kc5a3bxam.xn--p1ai/catalog/suvenirnaya-produktsiya/kubik-transformer/","200","DUPLICATE","https://xn--18-6kc5a3bxam.xn--p1ai/portfolio/","20.08.2026","Сайт заблокирован хостинг-провайдером","DELETE"
"25.08.2026","https://xn--18-6kc5a3bxam.xn--p1ai/catalog/suvenirnaya-produktsiya/pechat-na-kruzhkakh/termos-picnic-soft-tach-500ml/","200","DUPLICATE","https://xn--18-6kc5a3bxam.xn--p1ai/portfolio/","20.08.2026","Сайт заблокирован хостинг-провайдером","DELETE"
"25.08.2026","https://xn--18-6kc5a3bxam.xn--p1ai/catalog/suvenirnaya-produktsiya/popsokety/","200","DUPLICATE","https://xn--18-6kc5a3bxam.xn--p1ai/portfolio/","20.08.2026","Сайт заблокирован хостинг-провайдером","DELETE"
"25.08.2026","https://xn--18-6kc5a3bxam.xn--p1ai/catalog/suvenirnaya-produktsiya/ryukzaki-i-sumki/","200","DUPLICATE","https://xn--18-6kc5a3bxam.xn--p1ai/portfolio/","20.08.2026","Сайт заблокирован хостинг-провайдером","DELETE"
"25.08.2026","https://xn--18-6kc5a3bxam.xn--p1ai/catalog/suvenirnaya-produktsiya/suvenirnye-chasy-na-zakaz/suvenirnye-chasy-na-zakaz/","200","DUPLICATE","https://xn--18-6kc5a3bxam.xn--p1ai/catalog/suvenirnaya-produktsiya/suvenirnye-chasy-na-zakaz/","19.08.2026","Сувенирные часы на заказ с логотипом в Ижевске | Типография Цифра","DELETE"
"25.08.2026","https://xn--18-6kc5a3bxam.xn--p1ai/catalog/suvenirnaya-produktsiya/zakatnye-znachki/","200","DUPLICATE","https://xn--18-6kc5a3bxam.xn--p1ai/catalog/reklama/","19.08.2026","Каталог","DELETE"
"25.08.2026","https://xn--18-6kc5a3bxam.xn--p1ai/news/?PAGEN_1=6","200","LOW_DEMAND","","19.08.2026","Новости","DELETE"
"25.08.2026","https://xn--18-6kc5a3bxam.xn--p1ai/news/evroflaer-99h210mm-polezno-190/","200","DUPLICATE","https://xn--18-6kc5a3bxam.xn--p1ai/portfolio/","20.08.2026","Сайт заблокирован хостинг-провайдером","DELETE"
"25.08.2026","https://xn--18-6kc5a3bxam.xn--p1ai/news/pechat-korporativnykh-otkrytok-s-logotipom-kompanii/","200","DUPLICATE","https://xn--18-6kc5a3bxam.xn--p1ai/portfolio/","20.08.2026","Сайт заблокирован хостинг-провайдером","DELETE"
"25.08.2026","https://xn--18-6kc5a3bxam.xn--p1ai/portfolio/","200","OTHER","","20.08.2026","Сайт заблокирован хостинг-провайдером","DELETE"
"23.08.2026","https://xn--18-6kc5a3bxam.xn--p1ai/catalog/poligrafiya/beydzhi/beydzh-laminirovannyy/","200","DUPLICATE","https://xn--18-6kc5a3bxam.xn--p1ai/catalog/poligrafiya/beydzh-laminirovannyy/","17.08.2026","Ламинированные бейджи в Ижевске – заказать по цене от 40 руб. | Типография Цифра","DELETE"
"23.08.2026","https://xn--18-6kc5a3bxam.xn--p1ai/catalog/poligrafiya/kalendari/kvartalnyy-kalendar-premium-1-rekl-pole-s-figurnoy-rezkoy/","200","SEARCHABLE","","18.08.2026","Квартальный календарь PREMIUM с 1 рекл. полем — заказать в Ижевске | Типография Цифра","ADD"
"23.08.2026","https://xn--18-6kc5a3bxam.xn--p1ai/catalog/suvenirnaya-produktsiya/pechat-na-ruchkakh/ruchka-metallicheskaya-s-pokrytiem-soft-tach-title-r/","200","DUPLICATE","https://xn--18-6kc5a3bxam.xn--p1ai/catalog/reklama/","17.08.2026","Каталог","DELETE"
"23.08.2026","https://xn--18-6kc5a3bxam.xn--p1ai/catalog/suvenirnaya-produktsiya/shokolad/shokolad-s-logotipom/","200","SEARCHABLE","","18.08.2026","Шоколад с логотипом 5гр в Ижевске | Заказать брендированный шоколад | Типография Цифра","ADD"
"21.08.2026","https://xn--18-6kc5a3bxam.xn--p1ai/catalog/inzhenernaya-pechat/broshyurovka/pereplet-na-plastikovuyu-pruzhinu/","200","OTHER","","08.08.2026","","DELETE"
"21.08.2026","https://xn--18-6kc5a3bxam.xn--p1ai/catalog/poligrafiya/kalendari/kvartalnyy-kalendar-premium/","200","DUPLICATE","https://xn--18-6kc5a3bxam.xn--p1ai/catalog/reklama/","16.08.2026","Каталог","DELETE"
"21.08.2026","https://xn--18-6kc5a3bxam.xn--p1ai/catalog/suvenirnaya-produktsiya/magnity-vinilovye/vinilovye-magnity-5kh7sm/","200","DUPLICATE","https://xn--18-6kc5a3bxam.xn--p1ai/catalog/suvenirnaya-produktsiya/vinilovye-magnity-5kh7sm/","15.08.2026","Виниловые магниты 5×7 см в Ижевске — печать на заказ | Типография Цифра","DELETE"
"21.08.2026","https://xn--18-6kc5a3bxam.xn--p1ai/catalog/suvenirnaya-produktsiya/plaketki/plaketki/","200","SEARCHABLE","","12.08.2026","Наградные плакетки на заказ в  — Типография Цифра (Ижевск)","ADD"
"21.08.2026","https://xn--18-6kc5a3bxam.xn--p1ai/catalog/suvenirnaya-produktsiya/shokolad-v-korobke4741/","200","SEARCHABLE","","16.08.2026","Шоколад 5г в коробке 18 шт. с логотипом — заказать в Ижевске | Цифра","ADD"
"21.08.2026","https://xn--18-6kc5a3bxam.xn--p1ai/catalog/suvenirnaya-produktsiya/shokolad/korobka-otkrytka-s-shokoladom-5gr/","200","DUPLICATE","https://xn--18-6kc5a3bxam.xn--p1ai/catalog/suvenirnaya-produktsiya/korobka-otkrytka-s-shokoladom-5gr/","16.08.2026","Коробка-открытка с шоколадом 5гр с логотипом в Ижевске | Типография Цифра","DELETE"
"18.08.2026","https://xn--18-6kc5a3bxam.xn--p1ai/catalog/inzhenernaya-pechat/broshyurovka/pereplet-na-plastikovuyu-pruzhinu/","200","SEARCHABLE","","08.08.2026","Переплет на пластиковую пружину в Ижевске — Типография Цифра","ADD"
"18.08.2026","https://xn--18-6kc5a3bxam.xn--p1ai/catalog/poligrafiya/kalendari/kvartalnyy-kalendar-premium-1-rekl-pole-s-figurnoy-rezkoy/","200","DUPLICATE","https://xn--18-6kc5a3bxam.xn--p1ai/catalog/poligrafiya/kalendari/kvartalnyy-kalendar-premium-1-rekl-pole-neon/","13.08.2026","Квартальный календарь PREMIUM с 1 рекл. полем — заказать в Ижевске | Типография Цифра","DELETE"
"18.08.2026","https://xn--18-6kc5a3bxam.xn--p1ai/catalog/poligrafiya/kalendari/kvartalnyy-kalendar-premium-1-rekl-pole-svetodiodnyy/","200","SEARCHABLE","","10.08.2026","Квартальный календарь PREMIUM с 1 рекл. полем — заказать в Ижевске | Типография Цифра","ADD"
"18.08.2026","https://xn--18-6kc5a3bxam.xn--p1ai/catalog/poligrafiya/kalendari/kvartalnyy-kalendar-premium-3-rekl-polya-prozrachnyy-plastik/","200","SEARCHABLE","","14.08.2026","Квартальный календарь PREMIUM с 1 рекл. полем — заказать в Ижевске | Типография Цифра","ADD"
"18.08.2026","https://xn--18-6kc5a3bxam.xn--p1ai/catalog/poligrafiya/kvartalnyy-kalendar-premium/","200","DUPLICATE","https://xn--18-6kc5a3bxam.xn--p1ai/catalog/reklama/","13.08.2026","Каталог","DELETE"
"18.08.2026","https://xn--18-6kc5a3bxam.xn--p1ai/catalog/poligrafiya/teybl-tent/teybl-tent/","200","DUPLICATE","https://xn--18-6kc5a3bxam.xn--p1ai/catalog/poligrafiya/teybl-tent/","12.08.2026","Тейбл-тент с фото на стекле — заказать в Ижевске | Цифра","DELETE"
"18.08.2026","https://xn--18-6kc5a3bxam.xn--p1ai/catalog/reklama/kartiny-na-kholste6473/","200","SEARCHABLE","","12.08.2026","Каталог","ADD"
"18.08.2026","https://xn--18-6kc5a3bxam.xn--p1ai/catalog/reklama/pechat-na-plenke-translyutsentnoy-backlit/","200","DUPLICATE","https://xn--18-6kc5a3bxam.xn--p1ai/catalog/reklama/","12.08.2026","Каталог","DELETE"
"18.08.2026","https://xn--18-6kc5a3bxam.xn--p1ai/catalog/reklama/pechat-na-plenke/","200","DUPLICATE","https://xn--18-6kc5a3bxam.xn--p1ai/catalog/reklama/","14.08.2026","Каталог","DELETE"
"18.08.2026","https://xn--18-6kc5a3bxam.xn--p1ai/catalog/suvenirnaya-produktsiya/futbolki/","200","DUPLICATE","https://xn--18-6kc5a3bxam.xn--p1ai/catalog/reklama/","14.08.2026","Каталог","DELETE"
"18.08.2026","https://xn--18-6kc5a3bxam.xn--p1ai/catalog/suvenirnaya-produktsiya/plaketki/plaketki/","200","OTHER","","12.08.2026","Наградные плакетки на заказ в  — Типография Цифра (Ижевск)","DELETE"
"18.08.2026","https://xn--18-6kc5a3bxam.xn--p1ai/catalog/suvenirnaya-produktsiya/shokolad/otkrytka-s-shokoladom/","200","DUPLICATE","https://xn--18-6kc5a3bxam.xn--p1ai/catalog/reklama/","13.08.2026","Каталог","DELETE"
"18.08.2026","https://xn--18-6kc5a3bxam.xn--p1ai/catalog/suvenirnaya-produktsiya/trek-na-stekle/trek-na-stekle-bez-podstavki/","200","DUPLICATE","https://xn--18-6kc5a3bxam.xn--p1ai/catalog/reklama/","13.08.2026","Каталог","DELETE"
"18.08.2026","https://xn--18-6kc5a3bxam.xn--p1ai/catalog/suvenirnaya-produktsiya/trek-na-stekle/trek-na-stekle-s-podstavkoy-na-fanere/","200","DUPLICATE","https://xn--18-6kc5a3bxam.xn--p1ai/catalog/reklama/","13.08.2026","Каталог","DELETE"
"18.08.2026","https://xn--18-6kc5a3bxam.xn--p1ai/news/navernyaka-prakticheski-kazhdyy-komu-prikhodilos-/","200","SEARCHABLE","","13.08.2026","Наверняка, практически каждый, кому приходилось.. - Блог | Цифра18.рф","ADD"
"17.08.2026","https://xn--18-6kc5a3bxam.xn--p1ai/?attachment_id=423","200","SEARCHABLE","","06.08.2026","Типография Цифра г. Ижевск - цифровая и широкоформатная печать","ADD"
"17.08.2026","https://xn--18-6kc5a3bxam.xn--p1ai/?attachment_id=430","200","SEARCHABLE","","06.08.2026","Типография Цифра г. Ижевск - цифровая и широкоформатная печать","ADD"
"17.08.2026","https://xn--18-6kc5a3bxam.xn--p1ai/catalog/detail.php?ID=1243","200","SEARCHABLE","","07.08.2026","Каталог","ADD"
"17.08.2026","https://xn--18-6kc5a3bxam.xn--p1ai/catalog/inzhenernaya-pechat/pechat-chertezhey-proektnoy-dokumentatsii/pechat-chertezhey/","200","SEARCHABLE","","11.08.2026","Цветная печать чертежей в Ижевске | Типография Цифра","ADD"
"17.08.2026","https://xn--18-6kc5a3bxam.xn--p1ai/catalog/poligrafiya/kalendari/kvartalnyy-kalendar-premium-1-rekl-pole-neon/","200","SEARCHABLE","","11.08.2026","Квартальный календарь PREMIUM с 1 рекл. полем — заказать в Ижевске | Типография Цифра","ADD"
"17.08.2026","https://xn--18-6kc5a3bxam.xn--p1ai/catalog/poligrafiya/kalendari/kvartalnyy-kalendar-premium-1-rekl-pole-svetodiodnyy/","200","LOW_DEMAND","","10.08.2026","Квартальный календарь PREMIUM с 1 рекл. полем — заказать в Ижевске | Типография Цифра","DELETE"
"17.08.2026","https://xn--18-6kc5a3bxam.xn--p1ai/catalog/poligrafiya/papki-/pechat-na-papkakh-ugolkakh-i-faylakh/","200","SEARCHABLE","","10.08.2026","Папка-уголок с логотипом — УФ-печать в Ижевске | Типография Цифра","ADD"
"17.08.2026","https://xn--18-6kc5a3bxam.xn--p1ai/catalog/poligrafiya/papki-/pechat-na-papkakh-ugolkakh-i-faylakh3478/","200","SEARCHABLE","","10.08.2026","Печать на файлах в Ижевске | Типография Цифра","ADD"
"17.08.2026","https://xn--18-6kc5a3bxam.xn--p1ai/catalog/suvenirnaya-produktsiya/brendirovanie-odezhdy/futbolka-uniseks-belaya-poliester-100/","200","DUPLICATE","https://xn--18-6kc5a3bxam.xn--p1ai/catalog/suvenirnaya-produktsiya/futbolka-uniseks-belaya-poliester-100/","11.08.2026","Купить белую футболку унисекс 100% полиэстер для сублимации в Ижевске | Цифра","DELETE"
"17.08.2026","https://xn--18-6kc5a3bxam.xn--p1ai/catalog/suvenirnaya-produktsiya/shokolad/otkrytka-s-shokoladom/","200","SEARCHABLE","","03.08.2026","Каталог","ADD"
"17.08.2026","https://xn--18-6kc5a3bxam.xn--p1ai/catalog/suvenirnaya-produktsiya/shokolad/shokolad-v-korobke/","200","DUPLICATE","https://xn--18-6kc5a3bxam.xn--p1ai/catalog/suvenirnaya-produktsiya/shokolad-v-korobke/","11.08.2026","Шоколад с логотипом 5гр в коробке 18шт – заказать брендированный шоколад в Ижевске | Типография Цифра","DELETE"
"17.08.2026","https://xn--18-6kc5a3bxam.xn--p1ai/catalog/suvenirnaya-produktsiya/trek-na-stekle/trek-na-stekle-s-podstavkoy-na-fanere/","200","SEARCHABLE","","03.08.2026","Каталог","ADD"
"17.08.2026","https://xn--18-6kc5a3bxam.xn--p1ai/catalog/tsifrovaya-pechat/tsifrovaya-listovaya-lazernaya-pechat-a3/","200","SEARCHABLE","","06.08.2026","Цифровая листовая лазерная печать А3+ в Ижевске | Типография Цифра","ADD"
"17.08.2026","https://xn--18-6kc5a3bxam.xn--p1ai/news/navernyaka-prakticheski-kazhdyy-komu-prikhodilos-/","200","LOW_DEMAND","","11.08.2026","Наверняка, практически каждый, кому приходилось.. - Блог | Цифра18.рф","DELETE"
"14.08.2026","https://xn--18-6kc5a3bxam.xn--p1ai/catalog/poligrafiya/konverty-/konverty/","200","SEARCHABLE","","09.08.2026","Конверты белые с печатью в Ижевске — типография «Цифра»","ADD"
"14.08.2026","https://xn--18-6kc5a3bxam.xn--p1ai/catalog/poligrafiya/papki-/papki-s-prizhimom/","200","SEARCHABLE","","10.08.2026","Каталог","ADD"
"14.08.2026","https://xn--18-6kc5a3bxam.xn--p1ai/catalog/reklama/pechat-na-plenke-translyutsentnoy-backlit/","200","SEARCHABLE","","09.08.2026","Каталог","ADD"
"14.08.2026","https://xn--18-6kc5a3bxam.xn--p1ai/news/brendirovanie-avtomobilya-pechat-i-okleyka-plenkoy-avtomobilya/","200","SEARCHABLE","","09.08.2026","Брендирование автомобиля – печать и оклейка пленкой автомобиля - Блог | Цифра18.рф","ADD"
"12.08.2026","https://xn--18-6kc5a3bxam.xn--p1ai/?attachment_id=425","200","SEARCHABLE","","14.12.2025","Типография Цифра г. Ижевск - цифровая и широкоформатная печать","ADD"
"12.08.2026","https://xn--18-6kc5a3bxam.xn--p1ai/?attachment_id=444","200","SEARCHABLE","","31.07.2026","Типография Цифра г. Ижевск - цифровая и широкоформатная печать","ADD"
"12.08.2026","https://xn--18-6kc5a3bxam.xn--p1ai/?attachment_id=446","200","SEARCHABLE","","18.12.2025","Типография Цифра г. Ижевск - цифровая и широкоформатная печать","ADD"
"12.08.2026","https://xn--18-6kc5a3bxam.xn--p1ai/?attachment_id=514","200","SEARCHABLE","","12.03.2026","Типография Цифра г. Ижевск - цифровая и широкоформатная печать","ADD"
"12.08.2026","https://xn--18-6kc5a3bxam.xn--p1ai/?attachment_id=669","200","SEARCHABLE","","13.01.2026","Типография Цифра г. Ижевск - цифровая и широкоформатная печать","ADD"
"12.08.2026","https://xn--18-6kc5a3bxam.xn--p1ai/?attachment_id=769","200","SEARCHABLE","","18.07.2026","Типография Цифра г. Ижевск - цифровая и широкоформатная печать","ADD"
"12.08.2026","https://xn--18-6kc5a3bxam.xn--p1ai/?attachment_id=772","200","SEARCHABLE","","20.01.2026","Типография Цифра г. Ижевск - цифровая и широкоформатная печать","ADD"
"12.08.2026","https://xn--18-6kc5a3bxam.xn--p1ai/?attachment_id=773","200","SEARCHABLE","","30.05.2026","Типография Цифра г. Ижевск - цифровая и широкоформатная печать","ADD"
"12.08.2026","https://xn--18-6kc5a3bxam.xn--p1ai/?attachment_id=804","200","SEARCHABLE","","28.05.2026","Типография Цифра г. Ижевск - цифровая и широкоформатная печать","ADD"
"12.08.2026","https://xn--18-6kc5a3bxam.xn--p1ai/catalog/detail.php?ID=124","200","SEARCHABLE","","05.05.2026","Каталог","ADD"
"12.08.2026","https://xn--18-6kc5a3bxam.xn--p1ai/catalog/detail.php?ID=1255","200","SEARCHABLE","","14.09.2025","Каталог","ADD"
"12.08.2026","https://xn--18-6kc5a3bxam.xn--p1ai/catalog/detail.php?ID=129","200","SEARCHABLE","","26.02.2026","Каталог","ADD"
"12.08.2026","https://xn--18-6kc5a3bxam.xn--p1ai/catalog/detail.php?ID=415","200","SEARCHABLE","","26.03.2026","Каталог","ADD"
"12.08.2026","https://xn--18-6kc5a3bxam.xn--p1ai/catalog/detail.php?ID=418","200","SEARCHABLE","","17.07.2025","Каталог","ADD"
"12.08.2026","https://xn--18-6kc5a3bxam.xn--p1ai/catalog/detail.php?ID=421","200","SEARCHABLE","","23.04.2026","Каталог","ADD"
"12.08.2026","https://xn--18-6kc5a3bxam.xn--p1ai/catalog/detail.php?ID=424","200","SEARCHABLE","","03.03.2024","Каталог","ADD"
"12.08.2026","https://xn--18-6kc5a3bxam.xn--p1ai/catalog/detail.php?ID=50","200","SEARCHABLE","","22.04.2026","Каталог","ADD"
"12.08.2026","https://xn--18-6kc5a3bxam.xn--p1ai/catalog/detail.php?ID=63","200","SEARCHABLE","","04.05.2026","Каталог","ADD"
"12.08.2026","https://xn--18-6kc5a3bxam.xn--p1ai/catalog/detail.php?ID=722","200","SEARCHABLE","","23.02.2026","Каталог","ADD"
"12.08.2026","https://xn--18-6kc5a3bxam.xn--p1ai/catalog/poligrafiya/kalendari/idei-kalendarey-kotorye-my-mozhem-reshit/","200","SEARCHABLE","","08.08.2026","Коробка для календаря – изготовление на заказ в Ижевске | Типография Цифра","ADD"
"12.08.2026","https://xn--18-6kc5a3bxam.xn--p1ai/catalog/poligrafiya/kalendari/kvartalnyy-kalendar-2025-god-biznes-3-shirokikh-reklamnykh-polya/","200","DUPLICATE","https://xn--18-6kc5a3bxam.xn--p1ai/catalog/poligrafiya/beydzhi/beydzh-plastikovyy2506/","07.08.2026","Каталог","DELETE"
"12.08.2026","https://xn--18-6kc5a3bxam.xn--p1ai/catalog/poligrafiya/kalendari/kvartalnyy-kalendar-premium-1-rekl-pole-neon7493/","200","SEARCHABLE","","08.08.2026","Каталог","ADD"
"12.08.2026","https://xn--18-6kc5a3bxam.xn--p1ai/catalog/poligrafiya/kalendari/kvartalnyy-kalendar-premium-1-rekl-pole-s-figurnoy-rezkoy/","200","SEARCHABLE","","08.08.2026","Квартальный календарь PREMIUM с 1 рекл. полем — заказать в Ижевске | Типография Цифра","ADD"
"12.08.2026","https://xn--18-6kc5a3bxam.xn--p1ai/catalog/poligrafiya/kalendari/kvartalnyy-kalendar-premium-1-rekl-pole-svetodiodnyy/","200","SEARCHABLE","","08.08.2026","Квартальный календарь PREMIUM с 1 рекл. полем — заказать в Ижевске | Типография Цифра","ADD"
"12.08.2026","https://xn--18-6kc5a3bxam.xn--p1ai/catalog/poligrafiya/kalendari/kvartalnyy-kalendar-premium/","200","SEARCHABLE","","08.08.2026","Квартальный календарь PREMIUM с 1 рекл. полем — заказать в Ижевске | Типография Цифра","ADD"
"12.08.2026","https://xn--18-6kc5a3bxam.xn--p1ai/catalog/poligrafiya/kalendari/kvartalnyy-kalendar-premium4143/","200","SEARCHABLE","","08.08.2026","Квартальный календарь PREMIUM с 1 рекл. полем — заказать в Ижевске | Типография Цифра","ADD"
"12.08.2026","https://xn--18-6kc5a3bxam.xn--p1ai/catalog/poligrafiya/kalendari/kvartalnyy-kalendar-premium450/","200","SEARCHABLE","","08.08.2026","Каталог","ADD"
"12.08.2026","https://xn--18-6kc5a3bxam.xn--p1ai/catalog/poligrafiya/kvartalnyy-kalendar-premium-1-rekl-pole-neon/","200","SEARCHABLE","","08.08.2026","Квартальный календарь PREMIUM с 1 рекл. полем — заказать в Ижевске | Типография Цифра","ADD"
"12.08.2026","https://xn--18-6kc5a3bxam.xn--p1ai/catalog/poligrafiya/kvartalnyy-kalendar-premium-1-rekl-pole-s-figurnoy-rezkoy/","200","SEARCHABLE","","08.08.2026","Квартальный календарь PREMIUM с 1 рекл. полем — заказать в Ижевске | Типография Цифра","ADD"
"12.08.2026","https://xn--18-6kc5a3bxam.xn--p1ai/catalog/poligrafiya/kvartalnyy-kalendar-premium-3-rekl-polya-prozrachnyy-plastik/","200","SEARCHABLE","","08.08.2026","Квартальный календарь PREMIUM с 1 рекл. полем — заказать в Ижевске | Типография Цифра","ADD"
"12.08.2026","https://xn--18-6kc5a3bxam.xn--p1ai/catalog/poligrafiya/kvartalnyy-kalendar-premium4143/","200","SEARCHABLE","","08.08.2026","Квартальный календарь PREMIUM с 1 рекл. полем — заказать в Ижевске | Типография Цифра","ADD"
"12.08.2026","https://xn--18-6kc5a3bxam.xn--p1ai/catalog/poligrafiya/kvartalnyy-kalendar-premium450/","200","SEARCHABLE","","08.08.2026","Каталог","ADD"
"12.08.2026","https://xn--18-6kc5a3bxam.xn--p1ai/catalog/reklama/pechat-na-bannere-shirinoy-do-1-6m/","200","SEARCHABLE","","04.08.2026","Каталог","ADD"
"12.08.2026","https://xn--18-6kc5a3bxam.xn--p1ai/catalog/suvenirnaya-produktsiya/zakatnye-znachki/","200","SEARCHABLE","","04.08.2026","Каталог","ADD"
"10.08.2026","https://xn--18-6kc5a3bxam.xn--p1ai/?attachment_id=425","200","LOW_DEMAND","","14.12.2025","Типография Цифра г. Ижевск - цифровая и широкоформатная печать","DELETE"
"10.08.2026","https://xn--18-6kc5a3bxam.xn--p1ai/?attachment_id=446","200","LOW_DEMAND","","18.12.2025","Типография Цифра г. Ижевск - цифровая и широкоформатная печать","DELETE"
"10.08.2026","https://xn--18-6kc5a3bxam.xn--p1ai/?attachment_id=514","200","LOW_DEMAND","","12.03.2026","Типография Цифра г. Ижевск - цифровая и широкоформатная печать","DELETE"
"10.08.2026","https://xn--18-6kc5a3bxam.xn--p1ai/?attachment_id=669","200","LOW_DEMAND","","13.01.2026","Типография Цифра г. Ижевск - цифровая и широкоформатная печать","DELETE"
"10.08.2026","https://xn--18-6kc5a3bxam.xn--p1ai/?attachment_id=772","200","LOW_DEMAND","","20.01.2026","Типография Цифра г. Ижевск - цифровая и широкоформатная печать","DELETE"
"10.08.2026","https://xn--18-6kc5a3bxam.xn--p1ai/?attachment_id=773","200","LOW_DEMAND","","30.05.2026","Типография Цифра г. Ижевск - цифровая и широкоформатная печать","DELETE"
"10.08.2026","https://xn--18-6kc5a3bxam.xn--p1ai/?attachment_id=804","200","LOW_DEMAND","","28.05.2026","Типография Цифра г. Ижевск - цифровая и широкоформатная печать","DELETE"
"10.08.2026","https://xn--18-6kc5a3bxam.xn--p1ai/catalog/inzhenernaya-pechat/broshyurovka/pereplet-na-skobu/","200","SEARCHABLE","","06.08.2026","Переплет на скобу в Ижевске — Типография Цифра","ADD"
"10.08.2026","https://xn--18-6kc5a3bxam.xn--p1ai/catalog/poligrafiya/beydzhi/beydzh-plastikovyy2506/","200","SEARCHABLE","","06.08.2026","Каталог","ADD"
"10.08.2026","https://xn--18-6kc5a3bxam.xn--p1ai/catalog/poligrafiya/kalendari/kvartalnyy-kalendar-2024-god-standart-1-reklamnoe-pole/","200","SEARCHABLE","","02.08.2026","Каталог","ADD"
"10.08.2026","https://xn--18-6kc5a3bxam.xn--p1ai/catalog/poligrafiya/kalendari/kvartalnyy-kalendar-2025-god-standart-1-reklamnoe-pole/","200","SEARCHABLE","","03.08.2026","Каталог","ADD"
"10.08.2026","https://xn--18-6kc5a3bxam.xn--p1ai/catalog/poligrafiya/listovki-ofsetnaya-pechat/pechat-listovok-a62286/","200","SEARCHABLE","","02.08.2026","Каталог","ADD"
"10.08.2026","https://xn--18-6kc5a3bxam.xn--p1ai/catalog/poligrafiya/pakety/pakety-pvd/","200","DUPLICATE","https://xn--18-6kc5a3bxam.xn--p1ai/catalog/poligrafiya/beydzhi/beydzh-plastikovyy2506/","06.08.2026","Каталог","DELETE"
"10.08.2026","https://xn--18-6kc5a3bxam.xn--p1ai/catalog/poligrafiya/papki-/papka-na-knopke/","200","SEARCHABLE","","06.08.2026","Папка на кнопке с логотипом — заказать в Ижевске | Типография Цифра","ADD"
"10.08.2026","https://xn--18-6kc5a3bxam.xn--p1ai/catalog/poligrafiya/papki-/pechat-na-papkakh-ugolkakh-i-faylakh/","200","OTHER","","02.08.2026","Папка-уголок с логотипом — УФ-печать в Ижевске | Типография Цифра","DELETE"
"10.08.2026","https://xn--18-6kc5a3bxam.xn--p1ai/catalog/poligrafiya/papki-/pechat-na-papkakh-ugolkakh-i-faylakh3478/","200","OTHER","","06.08.2026","Печать на файлах в Ижевске | Типография Цифра","DELETE"
"10.08.2026","https://xn--18-6kc5a3bxam.xn--p1ai/catalog/poligrafiya/pechat-na-papkakh-ugolkakh/papka-na-knopke/","200","SEARCHABLE","","03.08.2026","Каталог","ADD"
"10.08.2026","https://xn--18-6kc5a3bxam.xn--p1ai/catalog/suvenirnaya-produktsiya/pechat-na-ruchkakh/ruchka-metallicheskaya-s-pokrytiem-soft-tach-title-r/","200","SEARCHABLE","","02.08.2026","Каталог","ADD"
"09.08.2026","https://xn--18-6kc5a3bxam.xn--p1ai/catalog/inzhenernaya-pechat/pechat-chertezhey-proektnoy-dokumentatsii/pechat-chertezhey/","200","DUPLICATE","https://xn--18-6kc5a3bxam.xn--p1ai/catalog/inzhenernaya-pechat/pechat-chertezhey/","04.08.2026","Цветная печать чертежей в Ижевске | Типография Цифра","DELETE"
"09.08.2026","https://xn--18-6kc5a3bxam.xn--p1ai/catalog/poligrafiya/bloknoty/pechat-bloknotov-a6-oblozhka-4-0-4-0/","200","DUPLICATE","https://xn--18-6kc5a3bxam.xn--p1ai/catalog/poligrafiya/pechat-bloknotov-a6-oblozhka-4-0-4-0/","04.08.2026","Печать блокнотов А6  в Ижевске  | Цифра18.рф","DELETE"
"09.08.2026","https://xn--18-6kc5a3bxam.xn--p1ai/catalog/poligrafiya/kalendari/kvartalnyy-kalendar-premium/","200","DUPLICATE","https://xn--18-6kc5a3bxam.xn--p1ai/catalog/poligrafiya/kvartalnyy-kalendar-premium/","05.08.2026","Квартальный календарь PREMIUM с 1 рекл. полем — заказать в Ижевске | Типография Цифра","DELETE"
"09.08.2026","https://xn--18-6kc5a3bxam.xn--p1ai/catalog/poligrafiya/kvartalnyy-kalendar-premium/","200","SEARCHABLE","","04.08.2026","Квартальный календарь PREMIUM с 1 рекл. полем — заказать в Ижевске | Типография Цифра","ADD"
"09.08.2026","https://xn--18-6kc5a3bxam.xn--p1ai/catalog/reklama/pechat-na-plenke-translyutsentnoy-backlit/","200","DUPLICATE","https://xn--18-6kc5a3bxam.xn--p1ai/catalog/poligrafiya/beydzhi/beydzh-plastikovyy2506/","06.08.2026","Каталог","DELETE"
"07.08.2026","https://xn--18-6kc5a3bxam.xn--p1ai/?add-to-cart=1700","200","SEARCHABLE","","30.07.2026","Типография Цифра г. Ижевск - цифровая и широкоформатная печать","ADD"
"07.08.2026","https://xn--18-6kc5a3bxam.xn--p1ai/?attachment_id=430","200","LOW_DEMAND","","25.07.2026","Типография Цифра г. Ижевск - цифровая и широкоформатная печать","DELETE"
"07.08.2026","https://xn--18-6kc5a3bxam.xn--p1ai/?attachment_id=769","200","LOW_DEMAND","","18.07.2026","Типография Цифра г. Ижевск - цифровая и широкоформатная печать","DELETE"
"07.08.2026","https://xn--18-6kc5a3bxam.xn--p1ai/catalog/inzhenernaya-pechat/faltsovka/faltsovka-do-a4/","200","SEARCHABLE","","02.08.2026","Фальцовка до А4 в Ижевске — Типография Цифра","ADD"
"07.08.2026","https://xn--18-6kc5a3bxam.xn--p1ai/catalog/poligrafiya/kalendari/kvartalnyy-kalendar-2025-god-standart-1-reklamnoe-pole/","200","DUPLICATE","https://xn--18-6kc5a3bxam.xn--p1ai/catalog/poligrafiya/pakety/pakety-pvd/","03.08.2026","Каталог","DELETE"
"07.08.2026","https://xn--18-6kc5a3bxam.xn--p1ai/catalog/poligrafiya/kalendari/kvartalnyy-kalendar-2027-biznes-3-reklamnykh-polya-/","200","SEARCHABLE","","02.08.2026","Квартальный календарь 2027 «Бизнес» 3 рекламных поля — заказать в Ижевске | Типография Цифра","ADD"
"07.08.2026","https://xn--18-6kc5a3bxam.xn--p1ai/catalog/poligrafiya/kalendari/kvartalnyy-kalendar-2027-god-biznes-3-shirokikh-reklamnykh-polya/","200","SEARCHABLE","","02.08.2026","Квартальный календарь 2027 БИЗНЕС+ с тремя рекламными полями – заказ в Ижевске | Типография Цифра","ADD"
"07.08.2026","https://xn--18-6kc5a3bxam.xn--p1ai/catalog/poligrafiya/kalendari/kvartalnyy-kalendar-2027-standart-s-1-reklamnym-polem-/","200","SEARCHABLE","","02.08.2026","Квартальный календарь 2027 «Стандарт» с 1 рекламным полем   | Заказать в Ижевске | Типография Цифра","ADD"
"07.08.2026","https://xn--18-6kc5a3bxam.xn--p1ai/catalog/poligrafiya/pakety/pakety-pvd/","200","SEARCHABLE","","03.08.2026","Каталог","ADD"
"07.08.2026","https://xn--18-6kc5a3bxam.xn--p1ai/catalog/poligrafiya/vizitki/vizitki-na-chernom-kartone/","200","SEARCHABLE","","01.08.2026","Визитки на черном картоне в Ижевске — элитная печать | Типография Цифра","ADD"
"07.08.2026","https://xn--18-6kc5a3bxam.xn--p1ai/catalog/reklama/pechat-na-plenke-translyutsentnoy-backlit/","200","SEARCHABLE","","02.08.2026","Каталог","ADD"
"06.08.2026","https://xn--18-6kc5a3bxam.xn--p1ai/catalog/suvenirnaya-produktsiya/futbolka-uniseks-belaya-poliester-100/","200","SEARCHABLE","","01.08.2026","Купить белую футболку унисекс 100% полиэстер для сублимации в Ижевске | Цифра","ADD"
"04.08.2026","https://xn--18-6kc5a3bxam.xn--p1ai/?attachment_id=444","200","OTHER","","31.07.2026","Типография Цифра г. Ижевск - цифровая и широкоформатная печать","DELETE"
"04.08.2026","https://xn--18-6kc5a3bxam.xn--p1ai/catalog/interer/postery2/","200","DUPLICATE","https://xn--18-6kc5a3bxam.xn--p1ai/catalog/reklama/","24.07.2026","","DELETE"
"04.08.2026","https://xn--18-6kc5a3bxam.xn--p1ai/catalog/inzhenernaya-pechat/faltsovka/faltsovka-do-a3/","200","SEARCHABLE","","28.07.2026","Фальцовка чертежей до А3 в Ижевске | Типография Цифра","ADD"
"04.08.2026","https://xn--18-6kc5a3bxam.xn--p1ai/catalog/mobilnye-stendy/roll-up/","200","DUPLICATE","https://xn--18-6kc5a3bxam.xn--p1ai/catalog/reklama/","24.07.2026","","DELETE"
"04.08.2026","https://xn--18-6kc5a3bxam.xn--p1ai/catalog/mobilnye-stendy/roll-up295045124997/","200","DUPLICATE","https://xn--18-6kc5a3bxam.xn--p1ai/catalog/reklama/","24.07.2026","","DELETE"
"04.08.2026","https://xn--18-6kc5a3bxam.xn--p1ai/catalog/poligrafiya/beydzh-plastikovyy/","200","DUPLICATE","https://xn--18-6kc5a3bxam.xn--p1ai/catalog/reklama/","24.07.2026","","DELETE"
"04.08.2026","https://xn--18-6kc5a3bxam.xn--p1ai/catalog/poligrafiya/beydzhi/beydzh-plastikovyy2506/","200","DUPLICATE","https://xn--18-6kc5a3bxam.xn--p1ai/catalog/reklama/","24.07.2026","","DELETE"
"04.08.2026","https://xn--18-6kc5a3bxam.xn--p1ai/catalog/poligrafiya/birki/birki-tsifrovaya-pechat/","200","DUPLICATE","https://xn--18-6kc5a3bxam.xn--p1ai/catalog/poligrafiya/birki-tsifrovaya-pechat/","31.07.2026","Бирки цифровая печать в Ижевске — Типография Цифра","DELETE"
"04.08.2026","https://xn--18-6kc5a3bxam.xn--p1ai/catalog/poligrafiya/bloknoty/pechat-bloknotov-a6-oblozhka-4-0-0-0/","200","SEARCHABLE","","30.07.2026","Печать блокнотов А6 (обложка 4+0, 0+0) | Цифра18.рф","ADD"
"04.08.2026","https://xn--18-6kc5a3bxam.xn--p1ai/catalog/poligrafiya/bloknoty/pechat-bloknotov-a62904/","200","DUPLICATE","https://xn--18-6kc5a3bxam.xn--p1ai/catalog/reklama/","24.07.2026","","DELETE"
"04.08.2026","https://xn--18-6kc5a3bxam.xn--p1ai/catalog/poligrafiya/kalendar-domik-perekidnoy/","200","DUPLICATE","https://xn--18-6kc5a3bxam.xn--p1ai/catalog/reklama/","25.07.2026","","DELETE"
"04.08.2026","https://xn--18-6kc5a3bxam.xn--p1ai/catalog/poligrafiya/kubariki/","200","DUPLICATE","https://xn--18-6kc5a3bxam.xn--p1ai/catalog/reklama/","30.07.2026","Каталог","DELETE"
"04.08.2026","https://xn--18-6kc5a3bxam.xn--p1ai/catalog/poligrafiya/listovaya-pechat-na-samokl-plenke-pechat-do-sra3/","200","DUPLICATE","https://xn--18-6kc5a3bxam.xn--p1ai/catalog/reklama/","24.07.2026","","DELETE"
"04.08.2026","https://xn--18-6kc5a3bxam.xn--p1ai/catalog/poligrafiya/listovki-ofsetnaya-pechat/pechat-listovok-a43213/","200","DUPLICATE","https://xn--18-6kc5a3bxam.xn--p1ai/catalog/reklama/","24.07.2026","","DELETE"
"04.08.2026","https://xn--18-6kc5a3bxam.xn--p1ai/catalog/poligrafiya/listovki-ofsetnaya-pechat/pechat-listovok-a718530/","200","DUPLICATE","https://xn--18-6kc5a3bxam.xn--p1ai/catalog/reklama/","24.07.2026","","DELETE"
"04.08.2026","https://xn--18-6kc5a3bxam.xn--p1ai/catalog/poligrafiya/listovki-tsifrovaya-pechat/pechat-listovok-a71/","200","DUPLICATE","https://xn--18-6kc5a3bxam.xn--p1ai/catalog/reklama/","24.07.2026","","DELETE"
"04.08.2026","https://xn--18-6kc5a3bxam.xn--p1ai/catalog/poligrafiya/pechat-belym-tonerom/pechat-belym-tonerom/","200","DUPLICATE","https://xn--18-6kc5a3bxam.xn--p1ai/catalog/poligrafiya/pechat-belym-tonerom/","31.07.2026","Печать белым тонером в Ижевске — Типография Цифра","DELETE"
"04.08.2026","https://xn--18-6kc5a3bxam.xn--p1ai/catalog/poligrafiya/pechat-bloknotov-a5/","200","DUPLICATE","https://xn--18-6kc5a3bxam.xn--p1ai/catalog/reklama/","25.07.2026","","DELETE"
"04.08.2026","https://xn--18-6kc5a3bxam.xn--p1ai/catalog/poligrafiya/pechat-na-samokleyashchikhsya-materialakh/golograficheskie-nakleyki/","200","DUPLICATE","https://xn--18-6kc5a3bxam.xn--p1ai/catalog/reklama/","24.07.2026","","DELETE"
"04.08.2026","https://xn--18-6kc5a3bxam.xn--p1ai/catalog/poligrafiya/pechat-na-samokleyashchikhsya-materialakh/listovaya-pechat-na-samokleyushcheysya-bumage-do-sra3/","200","DUPLICATE","https://xn--18-6kc5a3bxam.xn--p1ai/catalog/reklama/","24.07.2026","","DELETE"
"04.08.2026","https://xn--18-6kc5a3bxam.xn--p1ai/catalog/poligrafiya/pechat-standartnykh-vizitok/","200","DUPLICATE","https://xn--18-6kc5a3bxam.xn--p1ai/catalog/reklama/","24.07.2026","","DELETE"
"04.08.2026","https://xn--18-6kc5a3bxam.xn--p1ai/catalog/poligrafiya/tsifrovaya-a4/","200","DUPLICATE","https://xn--18-6kc5a3bxam.xn--p1ai/catalog/reklama/","24.07.2026","","DELETE"
"04.08.2026","https://xn--18-6kc5a3bxam.xn--p1ai/catalog/poligrafiya/tsifrovaya-pechat/tsifrovaya-a4/","200","DUPLICATE","https://xn--18-6kc5a3bxam.xn--p1ai/catalog/reklama/","25.07.2026","","DELETE"
"04.08.2026","https://xn--18-6kc5a3bxam.xn--p1ai/catalog/poligrafiya/uf-pechat1/lazernaya-gravirovka/","200","DUPLICATE","https://xn--18-6kc5a3bxam.xn--p1ai/catalog/reklama/","31.07.2026","Каталог","DELETE"
"04.08.2026","https://xn--18-6kc5a3bxam.xn--p1ai/catalog/reklama-stendy/izgotovlenie-tablichek-stendov/","200","DUPLICATE","https://xn--18-6kc5a3bxam.xn--p1ai/catalog/reklama/","24.07.2026","","DELETE"
"04.08.2026","https://xn--18-6kc5a3bxam.xn--p1ai/catalog/reklama-stendy/izgotovlenie-tablichek-stendov/karman-pet-/","200","DUPLICATE","https://xn--18-6kc5a3bxam.xn--p1ai/catalog/reklama/","30.07.2026","Каталог","DELETE"
"04.08.2026","https://xn--18-6kc5a3bxam.xn--p1ai/catalog/reklama-stendy/shirokoformatnaya-pechat/pechat-na-posternoy-bumage/","200","DUPLICATE","https://xn--18-6kc5a3bxam.xn--p1ai/catalog/reklama/","25.07.2026","","DELETE"
"04.08.2026","https://xn--18-6kc5a3bxam.xn--p1ai/catalog/reklama-stendy/stendy-tests33/","200","DUPLICATE","https://xn--18-6kc5a3bxam.xn--p1ai/catalog/reklama/","25.07.2026","","DELETE"
"04.08.2026","https://xn--18-6kc5a3bxam.xn--p1ai/catalog/reklama/pechat-na-bannere-shirinoy-do-3-2m/","200","DUPLICATE","https://xn--18-6kc5a3bxam.xn--p1ai/catalog/reklama/","25.07.2026","","DELETE"
"04.08.2026","https://xn--18-6kc5a3bxam.xn--p1ai/catalog/reklama/shirokoformatnaya-pechat/pechat-na-plenke-gray-back/","200","DUPLICATE","https://xn--18-6kc5a3bxam.xn--p1ai/catalog/reklama/","24.07.2026","","DELETE"
"04.08.2026","https://xn--18-6kc5a3bxam.xn--p1ai/catalog/reklama/shirokoformatnaya-pechat/pechat-na-plenke-grey-back/","200","DUPLICATE","https://xn--18-6kc5a3bxam.xn--p1ai/catalog/reklama/","25.07.2026","","DELETE"
"04.08.2026","https://xn--18-6kc5a3bxam.xn--p1ai/catalog/reklama/shirokoformatnaya-pechat/pechat-na-posternoy-bumage/","200","DUPLICATE","https://xn--18-6kc5a3bxam.xn--p1ai/catalog/reklama/","24.07.2026","","DELETE"
"04.08.2026","https://xn--18-6kc5a3bxam.xn--p1ai/catalog/suvenirnaya-produktsiya/futbolka-seriya-revolution5289/","200","DUPLICATE","https://xn--18-6kc5a3bxam.xn--p1ai/catalog/reklama/","24.07.2026","","DELETE"
"04.08.2026","https://xn--18-6kc5a3bxam.xn--p1ai/catalog/suvenirnaya-produktsiya/futbolki/dtf-dtf-pechat/","200","DUPLICATE","https://xn--18-6kc5a3bxam.xn--p1ai/catalog/reklama/","25.07.2026","","DELETE"
"04.08.2026","https://xn--18-6kc5a3bxam.xn--p1ai/catalog/suvenirnaya-produktsiya/futbolki/futbolka-uniseks-belaya-poliester-100/","200","DUPLICATE","https://xn--18-6kc5a3bxam.xn--p1ai/catalog/reklama/","24.07.2026","","DELETE"
"04.08.2026","https://xn--18-6kc5a3bxam.xn--p1ai/catalog/suvenirnaya-produktsiya/futbolki/korobka-dlya-futbolok/","200","DUPLICATE","https://xn--18-6kc5a3bxam.xn--p1ai/catalog/reklama/","24.07.2026","","DELETE"
"04.08.2026","https://xn--18-6kc5a3bxam.xn--p1ai/catalog/suvenirnaya-produktsiya/futbolki/termoplenka-termotransfer-na-odezhdu/","200","DUPLICATE","https://xn--18-6kc5a3bxam.xn--p1ai/catalog/reklama/","22.07.2026","","DELETE"
"04.08.2026","https://xn--18-6kc5a3bxam.xn--p1ai/catalog/suvenirnaya-produktsiya/magnity-akrilovye/","200","SEARCHABLE","","30.07.2026","Магниты акриловые | Цифра18.рф","ADD"
"04.08.2026","https://xn--18-6kc5a3bxam.xn--p1ai/catalog/suvenirnaya-produktsiya/magnity-vinilovye/vinilovye-magnity-30kh40sm/","200","DUPLICATE","https://xn--18-6kc5a3bxam.xn--p1ai/catalog/reklama/","25.07.2026","","DELETE"
"04.08.2026","https://xn--18-6kc5a3bxam.xn--p1ai/catalog/suvenirnaya-produktsiya/medali-kubki-nagradnaya-produktsiya/medali-metallicheskie/","200","DUPLICATE","https://xn--18-6kc5a3bxam.xn--p1ai/catalog/reklama/","24.07.2026","","DELETE"
"04.08.2026","https://xn--18-6kc5a3bxam.xn--p1ai/catalog/suvenirnaya-produktsiya/pechat-na-karandashakh/","200","SEARCHABLE","","30.07.2026","Печать на карандашах с логотипом в Ижевске — Цифра","ADD"
"04.08.2026","https://xn--18-6kc5a3bxam.xn--p1ai/catalog/suvenirnaya-produktsiya/pechat-na-kruzhkakh/kruzhka-aurora-soft-tach/","200","DUPLICATE","https://xn--18-6kc5a3bxam.xn--p1ai/catalog/reklama/","24.07.2026","","DELETE"
"04.08.2026","https://xn--18-6kc5a3bxam.xn--p1ai/catalog/suvenirnaya-produktsiya/pechat-na-kruzhkakh/kruzhka-serebryanaya-zolotaya-330ml/","200","SEARCHABLE","","28.07.2026","Серебряные кружки с печатью в Ижевске — Типография Цифра","ADD"
"04.08.2026","https://xn--18-6kc5a3bxam.xn--p1ai/catalog/suvenirnaya-produktsiya/pechat-na-kruzhkakh/termos-metallicheskiy-/","200","DUPLICATE","https://xn--18-6kc5a3bxam.xn--p1ai/catalog/reklama/","25.07.2026","","DELETE"
"04.08.2026","https://xn--18-6kc5a3bxam.xn--p1ai/catalog/suvenirnaya-produktsiya/pechat-na-ruchkakh/ruchka-metallicheskaya-s-pokrytiem-soft-tach-title-t/","200","DUPLICATE","https://xn--18-6kc5a3bxam.xn--p1ai/catalog/reklama/","25.07.2026","","DELETE"
"04.08.2026","https://xn--18-6kc5a3bxam.xn--p1ai/catalog/suvenirnaya-produktsiya/ruchka-sharikovaya-title-a5152/","200","DUPLICATE","https://xn--18-6kc5a3bxam.xn--p1ai/catalog/reklama/","25.07.2026","","DELETE"
"04.08.2026","https://xn--18-6kc5a3bxam.xn--p1ai/catalog/suvenirnaya-produktsiya/ryukzaki-i-sumki/sumka-shopper-belyy/","200","SEARCHABLE","","30.07.2026","Сумка-шоппер белая с принтом в Ижевске — типография Цифра","ADD"
"04.08.2026","https://xn--18-6kc5a3bxam.xn--p1ai/catalog/suvenirnaya-produktsiya/shokolad/shokolad-s-logotipom/","200","DUPLICATE","https://xn--18-6kc5a3bxam.xn--p1ai/catalog/suvenirnaya-produktsiya/shokolad-s-logotipom/","30.07.2026","Шоколад с логотипом 5гр в Ижевске | Заказать брендированный шоколад | Типография Цифра","DELETE"
"02.08.2026","https://xn--18-6kc5a3bxam.xn--p1ai/?add-to-cart=1700","200","OTHER","","30.07.2026","Типография Цифра г. Ижевск - цифровая и широкоформатная печать","DELETE"
"02.08.2026","https://xn--18-6kc5a3bxam.xn--p1ai/catalog/interer/postery2/","200","SEARCHABLE","","24.07.2026","Каталог","ADD"
"02.08.2026","https://xn--18-6kc5a3bxam.xn--p1ai/catalog/inzhenernaya-pechat/broshyurovka/pereplet-na-skobu/","200","DUPLICATE","https://xn--18-6kc5a3bxam.xn--p1ai/catalog/inzhenernaya-pechat/pereplet-na-skobu/","29.07.2026","Переплет на скобу в Ижевске — Типография Цифра","DELETE"
"02.08.2026","https://xn--18-6kc5a3bxam.xn--p1ai/catalog/mobilnye-stendy/roll-up/","200","SEARCHABLE","","24.07.2026","Каталог","ADD"
"02.08.2026","https://xn--18-6kc5a3bxam.xn--p1ai/catalog/mobilnye-stendy/roll-up29504512/","200","DUPLICATE","https://xn--18-6kc5a3bxam.xn--p1ai/catalog/reklama/pechat-na-plenke/","27.07.2026","Каталог","DELETE"
"02.08.2026","https://xn--18-6kc5a3bxam.xn--p1ai/catalog/mobilnye-stendy/roll-up295045124997/","200","SEARCHABLE","","24.07.2026","Каталог","ADD"
"02.08.2026","https://xn--18-6kc5a3bxam.xn--p1ai/catalog/poligrafiya/beydzh-plastikovyy/","200","SEARCHABLE","","24.07.2026","Каталог","ADD"
"02.08.2026","https://xn--18-6kc5a3bxam.xn--p1ai/catalog/poligrafiya/beydzhi/beydzh-plastikovyy2506/","200","SEARCHABLE","","24.07.2026","Каталог","ADD"
"02.08.2026","https://xn--18-6kc5a3bxam.xn--p1ai/catalog/poligrafiya/bloknoty/pechat-bloknotov-a62904/","200","SEARCHABLE","","24.07.2026","Каталог","ADD"
"02.08.2026","https://xn--18-6kc5a3bxam.xn--p1ai/catalog/poligrafiya/kalendar-domik-perekidnoy/","200","SEARCHABLE","","25.07.2026","Каталог","ADD"
"02.08.2026","https://xn--18-6kc5a3bxam.xn--p1ai/catalog/poligrafiya/konverty-bumazhnye-tsvetnye-/","200","DUPLICATE","https://xn--18-6kc5a3bxam.xn--p1ai/catalog/reklama/","29.07.2026","Каталог","DELETE"
"02.08.2026","https://xn--18-6kc5a3bxam.xn--p1ai/catalog/poligrafiya/korobki-vyrubnye/korobki-dlya-alkogolnoy-produktsii/","200","DUPLICATE","https://xn--18-6kc5a3bxam.xn--p1ai/catalog/reklama/","30.07.2026","Каталог","DELETE"
"02.08.2026","https://xn--18-6kc5a3bxam.xn--p1ai/catalog/poligrafiya/listovaya-pechat-na-samokl-plenke-pechat-do-sra3/","200","SEARCHABLE","","24.07.2026","Каталог","ADD"
"02.08.2026","https://xn--18-6kc5a3bxam.xn--p1ai/catalog/poligrafiya/listovki-ofsetnaya-pechat/pechat-listovok-a43213/","200","SEARCHABLE","","24.07.2026","Каталог","ADD"
"02.08.2026","https://xn--18-6kc5a3bxam.xn--p1ai/catalog/poligrafiya/listovki-ofsetnaya-pechat/pechat-listovok-a718530/","200","SEARCHABLE","","24.07.2026","Каталог","ADD"
"02.08.2026","https://xn--18-6kc5a3bxam.xn--p1ai/catalog/poligrafiya/listovki-tsifrovaya-pechat/pechat-listovok-a7/","200","SEARCHABLE","","29.07.2026","Печать листовок А7 в Ижевске – заказать по выгодной цене | Типография 'Цифра'","ADD"
"02.08.2026","https://xn--18-6kc5a3bxam.xn--p1ai/catalog/poligrafiya/listovki-tsifrovaya-pechat/pechat-listovok-a71/","200","SEARCHABLE","","24.07.2026","Каталог","ADD"
"02.08.2026","https://xn--18-6kc5a3bxam.xn--p1ai/catalog/poligrafiya/pechat-bloknotov-a5/","200","SEARCHABLE","","25.07.2026","Каталог","ADD"
"02.08.2026","https://xn--18-6kc5a3bxam.xn--p1ai/catalog/poligrafiya/pechat-na-samokleyashchikhsya-materialakh/golograficheskie-nakleyki/","200","SEARCHABLE","","24.07.2026","Каталог","ADD"
"02.08.2026","https://xn--18-6kc5a3bxam.xn--p1ai/catalog/poligrafiya/pechat-na-samokleyashchikhsya-materialakh/listovaya-pechat-na-samokleyushcheysya-bumage-do-sra3/","200","SEARCHABLE","","24.07.2026","Каталог","ADD"
"02.08.2026","https://xn--18-6kc5a3bxam.xn--p1ai/catalog/poligrafiya/pechat-standartnykh-vizitok/","200","SEARCHABLE","","24.07.2026","Каталог","ADD"
"02.08.2026","https://xn--18-6kc5a3bxam.xn--p1ai/catalog/poligrafiya/tsifrovaya-a4/","200","SEARCHABLE","","24.07.2026","Каталог","ADD"
"02.08.2026","https://xn--18-6kc5a3bxam.xn--p1ai/catalog/poligrafiya/tsifrovaya-pechat/tsifrovaya-a4/","200","SEARCHABLE","","25.07.2026","Каталог","ADD"
"02.08.2026","https://xn--18-6kc5a3bxam.xn--p1ai/catalog/reklama-stendy/izgotovlenie-tablichek-stendov/","200","SEARCHABLE","","24.07.2026","Каталог","ADD"
"02.08.2026","https://xn--18-6kc5a3bxam.xn--p1ai/catalog/reklama-stendy/shirokoformatnaya-pechat/pechat-na-posternoy-bumage/","200","SEARCHABLE","","25.07.2026","Каталог","ADD"
"02.08.2026","https://xn--18-6kc5a3bxam.xn--p1ai/catalog/reklama-stendy/stendy-tests33/","200","SEARCHABLE","","25.07.2026","Каталог","ADD"
"02.08.2026","https://xn--18-6kc5a3bxam.xn--p1ai/catalog/reklama/pechat-na-bannere-shirinoy-do-3-2m/","200","SEARCHABLE","","25.07.2026","Каталог","ADD"
"02.08.2026","https://xn--18-6kc5a3bxam.xn--p1ai/catalog/reklama/pechat-na-poliesterovoy-tkani/","200","DUPLICATE","https://xn--18-6kc5a3bxam.xn--p1ai/catalog/reklama/","30.07.2026","Каталог","DELETE"
"02.08.2026","https://xn--18-6kc5a3bxam.xn--p1ai/catalog/reklama/shirokoformatnaya-pechat/pechat-na-plenke-gray-back/","200","SEARCHABLE","","24.07.2026","Каталог","ADD"
"02.08.2026","https://xn--18-6kc5a3bxam.xn--p1ai/catalog/reklama/shirokoformatnaya-pechat/pechat-na-plenke-grey-back/","200","SEARCHABLE","","25.07.2026","Каталог","ADD"
"02.08.2026","https://xn--18-6kc5a3bxam.xn--p1ai/catalog/reklama/shirokoformatnaya-pechat/pechat-na-posternoy-bumage/","200","SEARCHABLE","","24.07.2026","Каталог","ADD"
"02.08.2026","https://xn--18-6kc5a3bxam.xn--p1ai/catalog/suvenirnaya-produktsiya/futbolka-seriya-revolution5289/","200","SEARCHABLE","","24.07.2026","Каталог","ADD"
"02.08.2026","https://xn--18-6kc5a3bxam.xn--p1ai/catalog/suvenirnaya-produktsiya/futbolki/dtf-dtf-pechat/","200","SEARCHABLE","","25.07.2026","Каталог","ADD"
"02.08.2026","https://xn--18-6kc5a3bxam.xn--p1ai/catalog/suvenirnaya-produktsiya/futbolki/futbolka-uniseks-belaya-poliester-100/","200","SEARCHABLE","","24.07.2026","Каталог","ADD"
"02.08.2026","https://xn--18-6kc5a3bxam.xn--p1ai/catalog/suvenirnaya-produktsiya/futbolki/korobka-dlya-futbolok/","200","SEARCHABLE","","24.07.2026","Каталог","ADD"
"02.08.2026","https://xn--18-6kc5a3bxam.xn--p1ai/catalog/suvenirnaya-produktsiya/futbolki/termoplenka-termotransfer-na-odezhdu/","200","SEARCHABLE","","22.07.2026","Каталог","ADD"
"02.08.2026","https://xn--18-6kc5a3bxam.xn--p1ai/catalog/suvenirnaya-produktsiya/magnity-vinilovye/vinilovye-magnity-30kh40sm/","200","SEARCHABLE","","25.07.2026","Каталог","ADD"
"02.08.2026","https://xn--18-6kc5a3bxam.xn--p1ai/catalog/suvenirnaya-produktsiya/medali-kubki-nagradnaya-produktsiya/","200","SEARCHABLE","","30.07.2026","Медали, кубки. Наградная продукция | Цифра18.рф","ADD"
"02.08.2026","https://xn--18-6kc5a3bxam.xn--p1ai/catalog/suvenirnaya-produktsiya/medali-kubki-nagradnaya-produktsiya/medali-metallicheskie/","200","SEARCHABLE","","24.07.2026","Каталог","ADD"
"02.08.2026","https://xn--18-6kc5a3bxam.xn--p1ai/catalog/suvenirnaya-produktsiya/pechat-na-kruzhkakh/belaya-kruzhka-tsvetnaya-ruchka-dno-330ml/","200","SEARCHABLE","","29.07.2026","Печать на кружках с цветной ручкой и дном 330 мл в Ижевске | Типография Цифра","ADD"
"02.08.2026","https://xn--18-6kc5a3bxam.xn--p1ai/catalog/suvenirnaya-produktsiya/pechat-na-kruzhkakh/kruzhka-aurora-soft-tach/","200","SEARCHABLE","","24.07.2026","Каталог","ADD"
"02.08.2026","https://xn--18-6kc5a3bxam.xn--p1ai/catalog/suvenirnaya-produktsiya/pechat-na-kruzhkakh/termos-metallicheskiy-/","200","SEARCHABLE","","25.07.2026","Каталог","ADD"
"02.08.2026","https://xn--18-6kc5a3bxam.xn--p1ai/catalog/suvenirnaya-produktsiya/pechat-na-ruchkakh/ruchka-metallicheskaya-s-pokrytiem-soft-tach-title-t/","200","SEARCHABLE","","25.07.2026","Каталог","ADD"
"02.08.2026","https://xn--18-6kc5a3bxam.xn--p1ai/catalog/suvenirnaya-produktsiya/pechat-na-usb-ustroystvakh/pechat-na-fleshkakh8255/","200","DUPLICATE","https://xn--18-6kc5a3bxam.xn--p1ai/catalog/reklama/","30.07.2026","Каталог","DELETE"
"02.08.2026","https://xn--18-6kc5a3bxam.xn--p1ai/catalog/suvenirnaya-produktsiya/ruchka-sharikovaya-title-a5152/","200","SEARCHABLE","","25.07.2026","Каталог","ADD"
"02.08.2026","https://xn--18-6kc5a3bxam.xn--p1ai/catalog/suvenirnaya-produktsiya/tablichka-dlya-oplaty-s-qr-kodom/","200","SEARCHABLE","","29.07.2026","Трек на стекле- Цифра18.рф","ADD"
"02.08.2026","https://xn--18-6kc5a3bxam.xn--p1ai/portfolio/","200","SEARCHABLE","","29.07.2026","Портфолио типографии Цифра","ADD"
"01.08.2026","https://xn--18-6kc5a3bxam.xn--p1ai/catalog/detail.php?ID=124","200","LOW_DEMAND","","05.05.2026","Каталог","DELETE"
"01.08.2026","https://xn--18-6kc5a3bxam.xn--p1ai/catalog/detail.php?ID=1255","200","LOW_DEMAND","","14.09.2025","Каталог","DELETE"
"01.08.2026","https://xn--18-6kc5a3bxam.xn--p1ai/catalog/detail.php?ID=129","200","LOW_DEMAND","","26.02.2026","Каталог","DELETE"
"01.08.2026","https://xn--18-6kc5a3bxam.xn--p1ai/catalog/detail.php?ID=415","200","LOW_DEMAND","","26.03.2026","Каталог","DELETE"
"01.08.2026","https://xn--18-6kc5a3bxam.xn--p1ai/catalog/detail.php?ID=418","200","LOW_DEMAND","","17.07.2025","Каталог","DELETE"
"01.08.2026","https://xn--18-6kc5a3bxam.xn--p1ai/catalog/detail.php?ID=421","200","LOW_DEMAND","","23.04.2026","Каталог","DELETE"
"01.08.2026","https://xn--18-6kc5a3bxam.xn--p1ai/catalog/detail.php?ID=424","200","LOW_DEMAND","","03.03.2024","Каталог","DELETE"
"01.08.2026","https://xn--18-6kc5a3bxam.xn--p1ai/catalog/detail.php?ID=50","200","LOW_DEMAND","","22.04.2026","Каталог","DELETE"
"01.08.2026","https://xn--18-6kc5a3bxam.xn--p1ai/catalog/detail.php?ID=63","200","LOW_DEMAND","","04.05.2026","Каталог","DELETE"
"01.08.2026","https://xn--18-6kc5a3bxam.xn--p1ai/catalog/detail.php?ID=722","200","LOW_DEMAND","","23.02.2026","Каталог","DELETE"
"01.08.2026","https://xn--18-6kc5a3bxam.xn--p1ai/catalog/inzhenernaya-pechat/broshyurovka/","200","SEARCHABLE","","28.07.2026","Брошюровка чертежей г. Ижевск | Цифра18.рф","ADD"
"01.08.2026","https://xn--18-6kc5a3bxam.xn--p1ai/catalog/inzhenernaya-pechat/faltsovka/","200","SEARCHABLE","","28.07.2026","Фальцовка чертежей в Ижевске | Цифра18.рф","ADD"
"01.08.2026","https://xn--18-6kc5a3bxam.xn--p1ai/catalog/inzhenernaya-pechat/faltsovka/faltsovka-do-a3/","200","DUPLICATE","https://xn--18-6kc5a3bxam.xn--p1ai/catalog/inzhenernaya-pechat/faltsovka-do-a3/","28.07.2026","Фальцовка чертежей до А3 в Ижевске | Типография Цифра","DELETE"
"01.08.2026","https://xn--18-6kc5a3bxam.xn--p1ai/catalog/inzhenernaya-pechat/pechat-chertezhey-proektnoy-dokumentatsii/pechat-chertezhey/","200","SEARCHABLE","","23.07.2026","Цветная печать чертежей в Ижевске | Типография Цифра","ADD"
"01.08.2026","https://xn--18-6kc5a3bxam.xn--p1ai/catalog/listovki-ofsetnaya-pechat/evroflaer4185725/","200","DUPLICATE","https://xn--18-6kc5a3bxam.xn--p1ai/catalog/reklama/","27.07.2026","Каталог","DELETE"
"01.08.2026","https://xn--18-6kc5a3bxam.xn--p1ai/catalog/poligrafiya/beydzhi/","200","SEARCHABLE","","27.07.2026","Изготовим бейджи из металла и пластика. г. Ижевск. | Цифра18.рф","ADD"
"01.08.2026","https://xn--18-6kc5a3bxam.xn--p1ai/catalog/poligrafiya/otkrytki-sertifikaty/","200","SEARCHABLE","","27.07.2026","Оперативная полиграфия г. Ижевск | Цифра18.рф","ADD"
"01.08.2026","https://xn--18-6kc5a3bxam.xn--p1ai/catalog/poligrafiya/pechat-belym-tonerom/","200","SEARCHABLE","","27.07.2026","Печать белым тонером | Цифра18.рф","ADD"
"01.08.2026","https://xn--18-6kc5a3bxam.xn--p1ai/catalog/poligrafiya/vizitki/tsifrovaya-pechat-standartnykh-vizitok/","200","SEARCHABLE","","27.07.2026","Цифровая печать визиток в Ижевске — заказать от 50 шт | Типография Цифра","ADD"
"01.08.2026","https://xn--18-6kc5a3bxam.xn--p1ai/catalog/suvenirnaya-produktsiya/igry-i-golovolomki/golovolomka-pyatnashki-geometricheskie/","200","SEARCHABLE","","24.07.2026","Головоломка «Пятнашки геометрические» | Цифра18.рф","ADD"
"01.08.2026","https://xn--18-6kc5a3bxam.xn--p1ai/catalog/suvenirnaya-produktsiya/medali-kubki-nagradnaya-produktsiya/kubki/","200","SEARCHABLE","","20.07.2026","Кубки | Цифра18.рф","ADD"
"01.08.2026","https://xn--18-6kc5a3bxam.xn--p1ai/catalog/suvenirnaya-produktsiya/pechat-na-kruzhkakh/kruzhka-serebryanaya-zolotaya-330ml/","200","LOW_DEMAND","","28.07.2026","Серебряные кружки с печатью в Ижевске — Типография Цифра","DELETE"
"01.08.2026","https://xn--18-6kc5a3bxam.xn--p1ai/catalog/suvenirnaya-produktsiya/ryukzaki-i-sumki/sumka-shopper-belyy/","200","DUPLICATE","https://xn--18-6kc5a3bxam.xn--p1ai/catalog/suvenirnaya-produktsiya/sumka-shopper-belyy/","27.07.2026","Сумка шоппер белый | Цифра18.рф","DELETE"
"01.08.2026","https://xn--18-6kc5a3bxam.xn--p1ai/catalog/suvenirnaya-produktsiya/trek-na-stekle/trek-na-stekle-bez-podstavki/","200","SEARCHABLE","","20.07.2026","Каталог","ADD"
"30.07.2026","https://xn--18-6kc5a3bxam.xn--p1ai/?attachment_id=668","200","OTHER","","19.07.2026","","DELETE"
"30.07.2026","https://xn--18-6kc5a3bxam.xn--p1ai/about/","200","SEARCHABLE","","26.07.2026","О типографии Цифра — оперативная печать в Ижевске","ADD"
"30.07.2026","https://xn--18-6kc5a3bxam.xn--p1ai/catalog/poligrafiya/birki/","200","SEARCHABLE","","26.07.2026","Оперативная полиграфия г. Ижевск | Цифра18.рф","ADD"
"30.07.2026","https://xn--18-6kc5a3bxam.xn--p1ai/catalog/poligrafiya/konverty-/","200","SEARCHABLE","","26.07.2026","Изготовление  и печать конвертов с логотипом на заказ дешево, быстро и качественно.  | Цифра18.рф","ADD"
"30.07.2026","https://xn--18-6kc5a3bxam.xn--p1ai/catalog/poligrafiya/pechat-na-samokleyashchikhsya-materialakh/figurnye-nakleyki-s-folgirovaniem-na-beloy-plenke/","200","SEARCHABLE","","26.07.2026","Фигурные наклейки с фольгированием на белой пленке | Цифра18.рф","ADD"
"30.07.2026","https://xn--18-6kc5a3bxam.xn--p1ai/catalog/poligrafiya/plotternaya-rezka/","200","SEARCHABLE","","26.07.2026","Плоттерная резка г. Ижевск | Цифра18.рф","ADD"
"30.07.2026","https://xn--18-6kc5a3bxam.xn--p1ai/catalog/poligrafiya/teybl-tent/","200","SEARCHABLE","","26.07.2026","Тейбл-тент с фото на стекле — заказать в Ижевске | Цифра","ADD"
"30.07.2026","https://xn--18-6kc5a3bxam.xn--p1ai/catalog/shirokoformatnaya-pechat/pechat-na-posternoy-bumage/","200","SEARCHABLE","","26.07.2026","Печать на постерной бумаге в Ижевске — Типография Цифра","ADD"
"30.07.2026","https://xn--18-6kc5a3bxam.xn--p1ai/catalog/stendy/tablichki/","200","SEARCHABLE","","27.07.2026","Таблички в Ижевске — изготовление на пластике и поликарбонате | Цифра","ADD"
"30.07.2026","https://xn--18-6kc5a3bxam.xn--p1ai/catalog/suvenirnaya-produktsiya/medali-kubki-nagradnaya-produktsiya/medal-pod-nanesenie-d-7-sm-s-lentoy/","200","SEARCHABLE","","26.07.2026","Медаль под нанесение d=7 см, с лентой | Цифра18.рф","ADD"
"30.07.2026","https://xn--18-6kc5a3bxam.xn--p1ai/catalog/suvenirnaya-produktsiya/plaketki/","200","SEARCHABLE","","26.07.2026","Наградные плакетки на заказ в  — Типография Цифра (Ижевск)","ADD"
"29.07.2026","https://xn--18-6kc5a3bxam.xn--p1ai/?attachment_id=430","200","SEARCHABLE","","25.07.2026","Типография Цифра г. Ижевск - цифровая и широкоформатная печать","ADD"
"29.07.2026","https://xn--18-6kc5a3bxam.xn--p1ai/?attachment_id=668","200","SEARCHABLE","","19.07.2026","Типография Цифра г. Ижевск - цифровая и широкоформатная печать","ADD"
"29.07.2026","https://xn--18-6kc5a3bxam.xn--p1ai/about/","200","DUPLICATE","https://xn--18-6kc5a3bxam.xn--p1ai/catalog/interer/kartiny-na-kholste/","23.07.2026","Сайт заблокирован хостинг-провайдером","DELETE"
"29.07.2026","https://xn--18-6kc5a3bxam.xn--p1ai/catalog/detail.php?ID=58","200","DUPLICATE","https://xn--18-6kc5a3bxam.xn--p1ai/catalog/","25.07.2026","Каталог","DELETE"
"29.07.2026","https://xn--18-6kc5a3bxam.xn--p1ai/catalog/inzhenernaya-pechat/broshyurovka/","200","DUPLICATE","https://xn--18-6kc5a3bxam.xn--p1ai/catalog/interer/kartiny-na-kholste/","23.07.2026","Сайт заблокирован хостинг-провайдером","DELETE"
"29.07.2026","https://xn--18-6kc5a3bxam.xn--p1ai/catalog/inzhenernaya-pechat/faltsovka/","200","DUPLICATE","https://xn--18-6kc5a3bxam.xn--p1ai/catalog/interer/kartiny-na-kholste/","23.07.2026","Сайт заблокирован хостинг-провайдером","DELETE"
"29.07.2026","https://xn--18-6kc5a3bxam.xn--p1ai/catalog/inzhenernaya-pechat/kserokopiya/kserokopiya-a4-a3/","200","SEARCHABLE","","25.07.2026","Ксерокопия А4 и А3 в Ижевске — Типография «Цифра»","ADD"
"29.07.2026","https://xn--18-6kc5a3bxam.xn--p1ai/catalog/mobilnye-stendy/roll-up/","200","DUPLICATE","https://xn--18-6kc5a3bxam.xn--p1ai/catalog/reklama/","24.07.2026","Каталог","DELETE"
"29.07.2026","https://xn--18-6kc5a3bxam.xn--p1ai/catalog/poligrafiya/beydzh-plastikovyy/","200","DUPLICATE","https://xn--18-6kc5a3bxam.xn--p1ai/catalog/reklama/","24.07.2026","Каталог","DELETE"
"29.07.2026","https://xn--18-6kc5a3bxam.xn--p1ai/catalog/poligrafiya/beydzhi/","200","DUPLICATE","https://xn--18-6kc5a3bxam.xn--p1ai/catalog/interer/kartiny-na-kholste/","23.07.2026","Сайт заблокирован хостинг-провайдером","DELETE"
"29.07.2026","https://xn--18-6kc5a3bxam.xn--p1ai/catalog/poligrafiya/birki/","200","DUPLICATE","https://xn--18-6kc5a3bxam.xn--p1ai/catalog/interer/kartiny-na-kholste/","23.07.2026","Сайт заблокирован хостинг-провайдером","DELETE"
"29.07.2026","https://xn--18-6kc5a3bxam.xn--p1ai/catalog/poligrafiya/konverty-/","200","DUPLICATE","https://xn--18-6kc5a3bxam.xn--p1ai/catalog/interer/kartiny-na-kholste/","23.07.2026","Сайт заблокирован хостинг-провайдером","DELETE"
"29.07.2026","https://xn--18-6kc5a3bxam.xn--p1ai/catalog/poligrafiya/kvartalnyy-kalendar-premium/","200","DUPLICATE","https://xn--18-6kc5a3bxam.xn--p1ai/catalog/poligrafiya/kalendari/kvartalnyy-kalendar-premium/","24.07.2026","Квартальный календарь PREMIUM с 1 рекл. полем — заказать в Ижевске | Типография Цифра","DELETE"
"29.07.2026","https://xn--18-6kc5a3bxam.xn--p1ai/catalog/poligrafiya/listovki-tsifrovaya-pechat/pechat-listovok-a7/","200","DUPLICATE","https://xn--18-6kc5a3bxam.xn--p1ai/catalog/interer/kartiny-na-kholste/","23.07.2026","Сайт заблокирован хостинг-провайдером","DELETE"
"29.07.2026","https://xn--18-6kc5a3bxam.xn--p1ai/catalog/poligrafiya/otkrytki-sertifikaty/","200","DUPLICATE","https://xn--18-6kc5a3bxam.xn--p1ai/catalog/interer/kartiny-na-kholste/","23.07.2026","Сайт заблокирован хостинг-провайдером","DELETE"
"29.07.2026","https://xn--18-6kc5a3bxam.xn--p1ai/catalog/poligrafiya/pakety/pakety-pvd/","200","DUPLICATE","https://xn--18-6kc5a3bxam.xn--p1ai/catalog/reklama/","24.07.2026","Каталог","DELETE"
"29.07.2026","https://xn--18-6kc5a3bxam.xn--p1ai/catalog/poligrafiya/papki-/papka-na-knopke/","200","DUPLICATE","https://xn--18-6kc5a3bxam.xn--p1ai/catalog/poligrafiya/papka-na-knopke/","24.07.2026","Папка на кнопке с логотипом — заказать в Ижевске | Типография Цифра","DELETE"
"29.07.2026","https://xn--18-6kc5a3bxam.xn--p1ai/catalog/poligrafiya/papki-/pechat-na-papkakh-ugolkakh-i-faylakh3478/","200","SEARCHABLE","","23.07.2026","Печать на файлах в Ижевске | Типография Цифра","ADD"
"29.07.2026","https://xn--18-6kc5a3bxam.xn--p1ai/catalog/poligrafiya/pechat-belym-tonerom/","200","DUPLICATE","https://xn--18-6kc5a3bxam.xn--p1ai/catalog/interer/kartiny-na-kholste/","23.07.2026","Сайт заблокирован хостинг-провайдером","DELETE"
"29.07.2026","https://xn--18-6kc5a3bxam.xn--p1ai/catalog/poligrafiya/plotternaya-rezka/","200","OTHER","","23.07.2026","Сайт заблокирован хостинг-провайдером","DELETE"
"29.07.2026","https://xn--18-6kc5a3bxam.xn--p1ai/catalog/poligrafiya/teybl-tent/","200","DUPLICATE","https://xn--18-6kc5a3bxam.xn--p1ai/catalog/interer/kartiny-na-kholste/","23.07.2026","Сайт заблокирован хостинг-провайдером","DELETE"
"29.07.2026","https://xn--18-6kc5a3bxam.xn--p1ai/catalog/poligrafiya/vizitki/tsifrovaya-pechat-standartnykh-vizitok/","200","DUPLICATE","https://xn--18-6kc5a3bxam.xn--p1ai/catalog/interer/kartiny-na-kholste/","23.07.2026","Сайт заблокирован хостинг-провайдером","DELETE"
"29.07.2026","https://xn--18-6kc5a3bxam.xn--p1ai/catalog/reklama/","200","SEARCHABLE","","19.07.2026","Каталог","ADD"
"29.07.2026","https://xn--18-6kc5a3bxam.xn--p1ai/catalog/shirokoformatnaya-pechat/pechat-na-posternoy-bumage/","200","DUPLICATE","https://xn--18-6kc5a3bxam.xn--p1ai/catalog/interer/kartiny-na-kholste/","23.07.2026","Сайт заблокирован хостинг-провайдером","DELETE"
"29.07.2026","https://xn--18-6kc5a3bxam.xn--p1ai/catalog/stendy/tablichki/","200","OTHER","","23.07.2026","Сайт заблокирован хостинг-провайдером","DELETE"
"29.07.2026","https://xn--18-6kc5a3bxam.xn--p1ai/catalog/suvenirnaya-produktsiya/futbolka-uniseks-belaya-poliester-100/","200","DUPLICATE","https://xn--18-6kc5a3bxam.xn--p1ai/catalog/suvenirnaya-produktsiya/brendirovanie-odezhdy/futbolka-uniseks-belaya-poliester-100/","24.07.2026","Купить белую футболку унисекс 100% полиэстер для сублимации в Ижевске | Цифра","DELETE"
"29.07.2026","https://xn--18-6kc5a3bxam.xn--p1ai/catalog/suvenirnaya-produktsiya/futbolka-uniseks-chernaya-tsvetnaya/","200","DUPLICATE","https://xn--18-6kc5a3bxam.xn--p1ai/catalog/suvenirnaya-produktsiya/brendirovanie-odezhdy/futbolka-uniseks-chernaya-tsvetnaya/","24.07.2026","Печать на черных и цветных футболках в Ижевске | Типография Цифра","DELETE"
"29.07.2026","https://xn--18-6kc5a3bxam.xn--p1ai/catalog/suvenirnaya-produktsiya/igry-i-golovolomki/golovolomka-pyatnashki-geometricheskie/","200","LOW_DEMAND","","24.07.2026","Головоломка «Пятнашки геометрические» | Цифра18.рф","DELETE"
"29.07.2026","https://xn--18-6kc5a3bxam.xn--p1ai/catalog/suvenirnaya-produktsiya/igry-i-golovolomki/pechat-na-pazlakh4263/","200","SEARCHABLE","","23.07.2026","Печать пазлов на заказ, любые размеры и тиражи. г. Ижевск, Цифра18.рф","ADD"
"29.07.2026","https://xn--18-6kc5a3bxam.xn--p1ai/catalog/suvenirnaya-produktsiya/magnity-akrilovye/","200","DUPLICATE","https://xn--18-6kc5a3bxam.xn--p1ai/catalog/interer/kartiny-na-kholste/","23.07.2026","Сайт заблокирован хостинг-провайдером","DELETE"
"29.07.2026","https://xn--18-6kc5a3bxam.xn--p1ai/catalog/suvenirnaya-produktsiya/medali-kubki-nagradnaya-produktsiya/","200","DUPLICATE","https://xn--18-6kc5a3bxam.xn--p1ai/catalog/interer/kartiny-na-kholste/","23.07.2026","Сайт заблокирован хостинг-провайдером","DELETE"
"29.07.2026","https://xn--18-6kc5a3bxam.xn--p1ai/catalog/suvenirnaya-produktsiya/medali-kubki-nagradnaya-produktsiya/kubki/","200","LOW_DEMAND","","20.07.2026","Кубки | Цифра18.рф","DELETE"
"29.07.2026","https://xn--18-6kc5a3bxam.xn--p1ai/catalog/suvenirnaya-produktsiya/pechat-na-karandashakh/","200","DUPLICATE","https://xn--18-6kc5a3bxam.xn--p1ai/catalog/suvenirnaya-produktsiya/pechat-na-karandashakh/pechat-na-karandashakh/","25.07.2026","Печать на карандашах с логотипом в Ижевске — Цифра","DELETE"
"29.07.2026","https://xn--18-6kc5a3bxam.xn--p1ai/catalog/suvenirnaya-produktsiya/pechat-na-kruzhkakh/belaya-kruzhka-tsvetnaya-ruchka-dno-330ml/","200","DUPLICATE","https://xn--18-6kc5a3bxam.xn--p1ai/catalog/interer/kartiny-na-kholste/","23.07.2026","Сайт заблокирован хостинг-провайдером","DELETE"
"29.07.2026","https://xn--18-6kc5a3bxam.xn--p1ai/catalog/suvenirnaya-produktsiya/plaketki/","200","DUPLICATE","https://xn--18-6kc5a3bxam.xn--p1ai/catalog/interer/kartiny-na-kholste/","23.07.2026","Сайт заблокирован хостинг-провайдером","DELETE"
"29.07.2026","https://xn--18-6kc5a3bxam.xn--p1ai/catalog/suvenirnaya-produktsiya/shokolad/otkrytka-a6-a5-v-razvorote-s-shokoladom/","200","SEARCHABLE","","24.07.2026","Открытка А6 с шоколадом с логотипом в Ижевске | Типография Цифра","ADD"
"29.07.2026","https://xn--18-6kc5a3bxam.xn--p1ai/catalog/suvenirnaya-produktsiya/tablichka-dlya-oplaty-s-qr-kodom/","200","DUPLICATE","https://xn--18-6kc5a3bxam.xn--p1ai/catalog/interer/kartiny-na-kholste/","23.07.2026","Сайт заблокирован хостинг-провайдером","DELETE"
"29.07.2026","https://xn--18-6kc5a3bxam.xn--p1ai/catalog/tsifrovaya-pechat/tsifrovaya-listovaya-lazernaya-pechat-a3/","200","DUPLICATE","https://xn--18-6kc5a3bxam.xn--p1ai/catalog/poligrafiya/tsifrovaya-pechat/tsifrovaya-listovaya-lazernaya-pechat-a3/","24.07.2026","Цифровая листовая лазерная печать А3+ в Ижевске | Типография Цифра","DELETE"
"29.07.2026","https://xn--18-6kc5a3bxam.xn--p1ai/portfolio/","200","DUPLICATE","https://xn--18-6kc5a3bxam.xn--p1ai/catalog/interer/kartiny-na-kholste/","23.07.2026","Сайт заблокирован хостинг-провайдером","DELETE"
"27.07.2026","https://xn--18-6kc5a3bxam.xn--p1ai/?attachment_id=450","200","SEARCHABLE","","18.07.2026","Типография Цифра г. Ижевск - цифровая и широкоформатная печать","ADD"
"27.07.2026","https://xn--18-6kc5a3bxam.xn--p1ai/catalog/suvenirnaya-produktsiya/brendirovanie-odezhdy/futbolka-belaya-sendvich-revolution-imitatsiya-khlopka/","200","SEARCHABLE","","22.07.2026","Футболка белая СЭНДВИЧ REVOLUTION имитация хлопка | Сублимационная печать | Ижевск | Типография Цифра","ADD"
"25.07.2026","https://xn--18-6kc5a3bxam.xn--p1ai/catalog/poligrafiya/birki/birki-ofsetnaya-pechat/","200","SEARCHABLE","","21.07.2026","Бирки офсетная печать в Ижевске — Типография Цифра","ADD"
"25.07.2026","https://xn--18-6kc5a3bxam.xn--p1ai/catalog/poligrafiya/bloknoty/pechat-bloknotov-a5/","200","DUPLICATE","https://xn--18-6kc5a3bxam.xn--p1ai/catalog/reklama/","22.07.2026","Каталог","DELETE"
"25.07.2026","https://xn--18-6kc5a3bxam.xn--p1ai/catalog/poligrafiya/konverty-test/","200","DUPLICATE","https://xn--18-6kc5a3bxam.xn--p1ai/catalog/reklama/","22.07.2026","Каталог","DELETE"
"25.07.2026","https://xn--18-6kc5a3bxam.xn--p1ai/catalog/poligrafiya/teybl-tent/teybl-tent/","200","SEARCHABLE","","21.07.2026","Тейбл-тент с фото на стекле — заказать в Ижевске | Цифра","ADD"
"25.07.2026","https://xn--18-6kc5a3bxam.xn--p1ai/catalog/suvenirnaya-produktsiya/pechat-na-kruzhkakh/belaya-kruzhka-330ml/","200","SEARCHABLE","","22.07.2026","Печать на белых кружках 330 мл в Ижевске | Типография Цифра","ADD"
"24.07.2026","https://xn--18-6kc5a3bxam.xn--p1ai/catalog/inzhenernaya-pechat/broshyurovka/pereplet-na-metallicheskuyu-pruzhinu-3-1/","200","SEARCHABLE","","20.07.2026","Переплет на металлическую пружину 3:1 в Ижевске | Типография Цифра","ADD"
"24.07.2026","https://xn--18-6kc5a3bxam.xn--p1ai/catalog/poligrafiya/kalendari/kvartalnyy-kalendar-premium/","200","SEARCHABLE","","20.07.2026","Квартальный календарь PREMIUM с 1 рекл. полем — заказать в Ижевске | Типография Цифра","ADD"
"24.07.2026","https://xn--18-6kc5a3bxam.xn--p1ai/catalog/poligrafiya/vizitki/ofsetnaya-pechat-standartnykh-vizitok/","200","SEARCHABLE","","20.07.2026","Офсетная печать визиток в Ижевске — типография Цифра","ADD"
"23.07.2026","https://xn--18-6kc5a3bxam.xn--p1ai/?attachment_id=438","200","SEARCHABLE","","19.07.2026","Типография Цифра г. Ижевск - цифровая и широкоформатная печать","ADD"
"23.07.2026","https://xn--18-6kc5a3bxam.xn--p1ai/?attachment_id=444","200","SEARCHABLE","","18.07.2026","Типография Цифра г. Ижевск - цифровая и широкоформатная печать","ADD"
"23.07.2026","https://xn--18-6kc5a3bxam.xn--p1ai/?attachment_id=668","200","DUPLICATE","https://xn--18-6kc5a3bxam.xn--p1ai/","19.07.2026","Типография Цифра г. Ижевск - цифровая и широкоформатная печать","DELETE"
"23.07.2026","https://xn--18-6kc5a3bxam.xn--p1ai/?attachment_id=769","200","SEARCHABLE","","18.07.2026","Типография Цифра г. Ижевск - цифровая и широкоформатная печать","ADD"
"23.07.2026","https://xn--18-6kc5a3bxam.xn--p1ai/catalog/poligrafiya/birki/birki-tsifrovaya-pechat/","200","SEARCHABLE","","18.07.2026","Бирки цифровая печать в Ижевске — Типография Цифра","ADD"
"23.07.2026","https://xn--18-6kc5a3bxam.xn--p1ai/catalog/poligrafiya/bumazhnyy-paket-prezentatsionnyy/","200","SEARCHABLE","","13.07.2026","Заказать пакеты с логотипом малым тиражом г. Ижевск | Цифра18.рф","ADD"
"23.07.2026","https://xn--18-6kc5a3bxam.xn--p1ai/catalog/poligrafiya/konverty-/konverty-tsvetnye-bumazhnye-160gr/","200","DUPLICATE","https://xn--18-6kc5a3bxam.xn--p1ai/catalog/suvenirnaya-produktsiya/pechat-na-kruzhkakh/belye-kruzhki-330ml/","18.07.2026","Каталог","DELETE"
"23.07.2026","https://xn--18-6kc5a3bxam.xn--p1ai/catalog/poligrafiya/plotternaya-rezka/plotternaya-rezka-listami-a3/","200","DUPLICATE","https://xn--18-6kc5a3bxam.xn--p1ai/catalog/suvenirnaya-produktsiya/pechat-na-kruzhkakh/belye-kruzhki-330ml/","18.07.2026","Каталог","DELETE"
"23.07.2026","https://xn--18-6kc5a3bxam.xn--p1ai/catalog/poligrafiya/plotternaya-rezka/plotternaya-rezka-listami-sra3/","200","SEARCHABLE","","13.07.2026","Плоттерная резка листами SRA3 | Цифра18.рф","ADD"
"23.07.2026","https://xn--18-6kc5a3bxam.xn--p1ai/catalog/reklama/","200","DUPLICATE","https://xn--18-6kc5a3bxam.xn--p1ai/catalog/suvenirnaya-produktsiya/pechat-na-kruzhkakh/belye-kruzhki-330ml/","19.07.2026","Каталог","DELETE"
"23.07.2026","https://xn--18-6kc5a3bxam.xn--p1ai/catalog/reklama/shirokoformatnaya-pechat/pechat-na-flazhnoy-tkani/","302","REDIRECT_NOTSEARCHABLE","https://vh452.timeweb.ru/parking/?ref=xn--18-6kc5a3bxam.xn--p1ai","09.07.2026","","DELETE"
"23.07.2026","https://xn--18-6kc5a3bxam.xn--p1ai/catalog/stendy/tablichki9325/","200","DUPLICATE","https://xn--18-6kc5a3bxam.xn--p1ai/catalog/suvenirnaya-produktsiya/pechat-na-kruzhkakh/belye-kruzhki-330ml/","19.07.2026","Каталог","DELETE"
"23.07.2026","https://xn--18-6kc5a3bxam.xn--p1ai/catalog/suvenirnaya-produktsiya/breloki/brelok-hors/","302","REDIRECT_NOTSEARCHABLE","https://vh452.timeweb.ru/parking/?ref=xn--18-6kc5a3bxam.xn--p1ai","09.07.2026","","DELETE"
"23.07.2026","https://xn--18-6kc5a3bxam.xn--p1ai/catalog/suvenirnaya-produktsiya/igry-i-golovolomki/pechat-na-pazlakh4263/","302","REDIRECT_NOTSEARCHABLE","https://vh452.timeweb.ru/parking/?ref=xn--18-6kc5a3bxam.xn--p1ai","09.07.2026","","DELETE"
"23.07.2026","https://xn--18-6kc5a3bxam.xn--p1ai/catalog/suvenirnaya-produktsiya/korobka-otkrytka-s-shokoladom-5gr4215/","200","SEARCHABLE","","18.07.2026","Коробка-открытка с шоколадом 5 г с логотипом — заказать в Ижевске | Цифра","ADD"
"23.07.2026","https://xn--18-6kc5a3bxam.xn--p1ai/catalog/suvenirnaya-produktsiya/medali-kubki-nagradnaya-produktsiya/medal-pod-nanesenie-d-7-sm-s-lentoy/","302","REDIRECT_NOTSEARCHABLE","https://vh452.timeweb.ru/parking/?ref=xn--18-6kc5a3bxam.xn--p1ai","09.07.2026","","DELETE"
"23.07.2026","https://xn--18-6kc5a3bxam.xn--p1ai/news/aktsiya-na-shirokoformatnuyu-pechat-na-bannere-plenke/","302","REDIRECT_NOTSEARCHABLE","https://vh452.timeweb.ru/parking/?ref=xn--18-6kc5a3bxam.xn--p1ai","09.07.2026","","DELETE"
"23.07.2026","https://xn--18-6kc5a3bxam.xn--p1ai/news/birki-ofsetnaya-pechat-polezno-2578/","200","SEARCHABLE","","18.07.2026","Бирки офсетная печать в Ижевске — заказ и расчет","ADD"
"23.07.2026","https://xn--18-6kc5a3bxam.xn--p1ai/news/brendirovanie-avtomobilya-pechat-i-okleyka-plenkoy-avtomobilya/","302","REDIRECT_NOTSEARCHABLE","https://vh452.timeweb.ru/parking/?ref=xn--18-6kc5a3bxam.xn--p1ai","09.07.2026","","DELETE"
"23.07.2026","https://xn--18-6kc5a3bxam.xn--p1ai/news/evroflaer-99h210mm-polezno-190/","200","SEARCHABLE","","18.07.2026","Еврофлаер 99х210 мм в Ижевске | Цена, печать","ADD"
"23.07.2026","https://xn--18-6kc5a3bxam.xn--p1ai/news/pechat-i-izgotovlenie-broshyur-na-skrepke/","302","REDIRECT_NOTSEARCHABLE","https://vh452.timeweb.ru/parking/?ref=xn--18-6kc5a3bxam.xn--p1ai","09.07.2026","","DELETE"
"23.07.2026","https://xn--18-6kc5a3bxam.xn--p1ai/news/plotternaya-rezka-listami-sra3-tekhnicheskie-trebovaniya/","200","SEARCHABLE","","18.07.2026","Плоттерная резка листов SRA3 в Ижевске – техтребования и цены","ADD"
"21.07.2026","https://xn--18-6kc5a3bxam.xn--p1ai/catalog/poligrafiya/pakety/bumazhnyy-paket-prezentatsionnyy/","200","SEARCHABLE","","17.07.2026","Заказать пакеты с логотипом малым тиражом г. Ижевск | Цифра18.рф","ADD"
"21.07.2026","https://xn--18-6kc5a3bxam.xn--p1ai/catalog/shirokoformatnaya-pechat/pechat-na-posternoy-bumage-blue-back/","200","SEARCHABLE","","17.07.2026","Печать фотопостеров и плакатов на постерной бумаге, фотобумаге в Ижевске.  Цифра18.рф ","ADD"
"21.07.2026","https://xn--18-6kc5a3bxam.xn--p1ai/catalog/suvenirnaya-produktsiya/breloki/breloki-akrilovye/","200","SEARCHABLE","","17.07.2026","Брелоки акриловые - производство, изготовление и заказ в одном месте г. Ижевск - Цифра18.рф","ADD"
"21.07.2026","https://xn--18-6kc5a3bxam.xn--p1ai/catalog/suvenirnaya-produktsiya/chekhly-dlya-ruchek/chekhol-dlya-ruchki-24210/","200","SEARCHABLE","","16.07.2026","Чехол для ручек. Бумажный футляр для ручки.| Цифра18.рф","ADD"
"21.07.2026","https://xn--18-6kc5a3bxam.xn--p1ai/catalog/suvenirnaya-produktsiya/pechat-na-kruzhkakh/belaya-kruzhka-330ml/","200","DUPLICATE","https://xn--18-6kc5a3bxam.xn--p1ai/catalog/suvenirnaya-produktsiya/belaya-kruzhka-330ml/","16.07.2026","Белая кружка 330мл | Цифра18.рф","DELETE"
"20.07.2026","https://xn--18-6kc5a3bxam.xn--p1ai/catalog/inzhenernaya-pechat/broshyurovka/pereplet-na-metallicheskuyu-pruzhinu-3-1/","200","DUPLICATE","https://xn--18-6kc5a3bxam.xn--p1ai/catalog/inzhenernaya-pechat/pereplet-na-metallicheskuyu-pruzhinu-3-1/","15.07.2026","Переплет на металлическую пружину 3:1 | Цифра18.рф","DELETE"
"20.07.2026","https://xn--18-6kc5a3bxam.xn--p1ai/catalog/poligrafiya/bloknoty/pechat-bloknotov-a6-oblozhka-4-0-0-0/","200","DUPLICATE","https://xn--18-6kc5a3bxam.xn--p1ai/catalog/poligrafiya/pechat-bloknotov-a6-oblozhka-4-0-0-0/","15.07.2026","Печать блокнотов А6 (обложка 4+0, 0+0) | Цифра18.рф","DELETE"
"20.07.2026","https://xn--18-6kc5a3bxam.xn--p1ai/catalog/poligrafiya/pakety/bumazhnyy-paket-belyy-/","200","SEARCHABLE","","15.07.2026","Заказать пакеты с логотипом малым тиражом г. Ижевск | Цифра18.рф","ADD"
"20.07.2026","https://xn--18-6kc5a3bxam.xn--p1ai/catalog/poligrafiya/papki-/pechat-na-papkakh-ugolkakh-i-faylakh3478/","200","DUPLICATE","https://xn--18-6kc5a3bxam.xn--p1ai/catalog/poligrafiya/pechat-na-papkakh-ugolkakh-i-faylakh3478/","16.07.2026","Печать на файлах | Цифра18.рф","DELETE"
"20.07.2026","https://xn--18-6kc5a3bxam.xn--p1ai/catalog/reklama-stendy/shirokoformatnaya-pechat/pechat-na-bannere-shirinoy-do-1-6m/","200","DUPLICATE","https://xn--18-6kc5a3bxam.xn--p1ai/catalog/suvenirnaya-produktsiya/pechat-na-kruzhkakh/belye-kruzhki-330ml/","14.07.2026","Каталог","DELETE"
"18.07.2026","https://xn--18-6kc5a3bxam.xn--p1ai/catalog/","200","SEARCHABLE","","13.07.2026","Каталог","ADD"
"18.07.2026","https://xn--18-6kc5a3bxam.xn--p1ai/catalog/poligrafiya/beydzhi/beydzh-plastikovyy-54kh86mm/","200","SEARCHABLE","","13.07.2026","Бейдж пластиковый 54х86мм | Цифра18.рф","ADD"
"18.07.2026","https://xn--18-6kc5a3bxam.xn--p1ai/catalog/poligrafiya/bumazhnyy-paket-prezentatsionnyy/","200","OTHER","","13.07.2026","Заказать пакеты с логотипом малым тиражом г. Ижевск | Цифра18.рф","DELETE"
"18.07.2026","https://xn--18-6kc5a3bxam.xn--p1ai/catalog/poligrafiya/kalendari/kalendar-domik-samosbornyy/","200","SEARCHABLE","","13.07.2026","Календарь «домик» самосборный | Цифра18.рф","ADD"
"18.07.2026","https://xn--18-6kc5a3bxam.xn--p1ai/catalog/poligrafiya/kalendari/kvartalnyy-kalendar-premium/","200","DUPLICATE","https://xn--18-6kc5a3bxam.xn--p1ai/catalog/poligrafiya/kvartalnyy-kalendar-premium/","13.07.2026","КВАРТАЛЬНЫЙ КАЛЕНДАРЬ  ""PREMIUM"" 1 рекл. поле | Цифра18.рф","DELETE"
"18.07.2026","https://xn--18-6kc5a3bxam.xn--p1ai/catalog/poligrafiya/pakety/bumazhnyy-paket-prezentatsionnyy/","200","OTHER","","13.07.2026","Заказать пакеты с логотипом малым тиражом г. Ижевск | Цифра18.рф","DELETE"
"18.07.2026","https://xn--18-6kc5a3bxam.xn--p1ai/catalog/poligrafiya/plotternaya-rezka/plotternaya-rezka-listami-sra3/","200","OTHER","","13.07.2026","Плоттерная резка листами SRA3 | Цифра18.рф","DELETE"
"18.07.2026","https://xn--18-6kc5a3bxam.xn--p1ai/catalog/poligrafiya/vizitki/ofsetnaya-pechat-standartnykh-vizitok/","200","DUPLICATE","https://xn--18-6kc5a3bxam.xn--p1ai/catalog/poligrafiya/ofsetnaya-pechat-standartnykh-vizitok/","14.07.2026","Срочная печать визиток в Ижевске | Цифра18.рф","DELETE"
"18.07.2026","https://xn--18-6kc5a3bxam.xn--p1ai/catalog/poligrafiya/vizitki/vizitki-na-chernom-kartone/","200","DUPLICATE","https://xn--18-6kc5a3bxam.xn--p1ai/catalog/vizitki/vizitki-na-chernom-kartone/","14.07.2026","Визитки на черном картоне | Цифра18.рф","DELETE"
"18.07.2026","https://xn--18-6kc5a3bxam.xn--p1ai/catalog/reklama/shirokoformatnaya-pechat/kartiny-na-kholste/","200","DUPLICATE","https://xn--18-6kc5a3bxam.xn--p1ai/catalog/suvenirnaya-produktsiya/pechat-na-kruzhkakh/belye-kruzhki-330ml/","14.07.2026","Каталог","DELETE"
"18.07.2026","https://xn--18-6kc5a3bxam.xn--p1ai/catalog/suvenirnaya-produktsiya/breloki/breloki-akrilovye/","200","DUPLICATE","https://xn--18-6kc5a3bxam.xn--p1ai/catalog/suvenirnaya-produktsiya/breloki-akrilovye/","13.07.2026","Брелоки акриловые - производство, изготовление и заказ в одном месте г. Ижевск - Цифра18.рф","DELETE"
"18.07.2026","https://xn--18-6kc5a3bxam.xn--p1ai/catalog/suvenirnaya-produktsiya/brendirovanie-odezhdy/futbolka-belaya-sendvich-revolution-imitatsiya-khlopka/","200","DUPLICATE","https://xn--18-6kc5a3bxam.xn--p1ai/catalog/suvenirnaya-produktsiya/futbolka-belaya-sendvich-revolution-imitatsiya-khlopka/","13.07.2026","Футболка белая СЭНДВИЧ REVOLUTION имитация хлопка | Цифра18.рф","DELETE"
"18.07.2026","https://xn--18-6kc5a3bxam.xn--p1ai/catalog/suvenirnaya-produktsiya/brendirovanie-odezhdy/futbolka-uniseks-belaya-poliester-100/","200","SEARCHABLE","","13.07.2026","Футболка унисекс белая полиэстер 100% | Цифра18.рф","ADD"
"18.07.2026","https://xn--18-6kc5a3bxam.xn--p1ai/catalog/suvenirnaya-produktsiya/ezhednevniki/","200","DUPLICATE","https://xn--18-6kc5a3bxam.xn--p1ai/catalog/suvenirnaya-produktsiya/pechat-na-kruzhkakh/belye-kruzhki-330ml/","13.07.2026","Каталог","DELETE"
"18.07.2026","https://xn--18-6kc5a3bxam.xn--p1ai/catalog/suvenirnaya-produktsiya/pechat-na-kruzhkakh/belye-kruzhki-330ml/","200","SEARCHABLE","","13.07.2026","Каталог","ADD"
"18.07.2026","https://xn--18-6kc5a3bxam.xn--p1ai/catalog/suvenirnaya-produktsiya/pechat-na-ruchkakh/ruchka-metallicheskaya-legend/","200","SEARCHABLE","","13.07.2026","Ручка металлическая Legend | Цифра18.рф","ADD"
"18.07.2026","https://xn--18-6kc5a3bxam.xn--p1ai/catalog/suvenirnaya-produktsiya/ryukzaki-i-sumki/sumka-shopper-belyy/","200","SEARCHABLE","","13.07.2026","Сумка шоппер белый | Цифра18.рф","ADD"
"16.07.2026","https://xn--18-6kc5a3bxam.xn--p1ai/catalog/inzhenernaya-pechat/broshyurovka/pereplet-na-skobu/","200","SEARCHABLE","","12.07.2026","Переплет на скобу (на степлер) | Цифра18.рф","ADD"
"16.07.2026","https://xn--18-6kc5a3bxam.xn--p1ai/catalog/inzhenernaya-pechat/faltsovka/faltsovka-do-a3/","200","SEARCHABLE","","08.07.2026","Фальцовка до А3 | Цифра18.рф","ADD"
"16.07.2026","https://xn--18-6kc5a3bxam.xn--p1ai/catalog/suvenirnaya-produktsiya/futbolki/korobka-dlya-futbolok/","200","DUPLICATE","https://xn--18-6kc5a3bxam.xn--p1ai/catalog/poligrafiya/beydzh-plastikovyy/","12.07.2026","Каталог","DELETE"
"16.07.2026","https://xn--18-6kc5a3bxam.xn--p1ai/catalog/suvenirnaya-produktsiya/pechat-na-pazlakh/pechat-na-pazlakh/","200","SEARCHABLE","","08.07.2026","Печать пазлов на заказ, любые размеры и тиражи. г. Ижевск, Цифра18.рф","ADD"
"14.07.2026","https://xn--18-6kc5a3bxam.xn--p1ai/?post_type=product&p=790","200","SEARCHABLE","","07.07.2026","Типография Цифра г. Ижевск - цифровая и широкоформатная печать","ADD"
"14.07.2026","https://xn--18-6kc5a3bxam.xn--p1ai/about/","200","SEARCHABLE","","10.07.2026","О типографии Цифра — оперативная печать в Ижевске","ADD"
"14.07.2026","https://xn--18-6kc5a3bxam.xn--p1ai/catalog/inzhenernaya-pechat/broshyurovka/pereplet-na-plastikovuyu-pruzhinu/","200","DUPLICATE","https://xn--18-6kc5a3bxam.xn--p1ai/catalog/inzhenernaya-pechat/pereplet-na-plastikovuyu-pruzhinu/","10.07.2026","Переплет на пластиковую пружину | Цифра18.рф","DELETE"
"14.07.2026","https://xn--18-6kc5a3bxam.xn--p1ai/catalog/inzhenernaya-pechat/pechat-chertezhey-proektnoy-dokumentatsii/pechat-chertezhey/","200","DUPLICATE","https://xn--18-6kc5a3bxam.xn--p1ai/catalog/inzhenernaya-pechat/pechat-chertezhey/","10.07.2026","Печать чертежей цвет | Цифра18.рф","DELETE"
"14.07.2026","https://xn--18-6kc5a3bxam.xn--p1ai/catalog/poligrafiya/beydzh-plastikovyy/","200","SEARCHABLE","","11.07.2026","Каталог","ADD"
"14.07.2026","https://xn--18-6kc5a3bxam.xn--p1ai/catalog/poligrafiya/papki-/katalog-na-boltakh/","200","SEARCHABLE","","10.07.2026","Каталог на болтах | Цифра18.рф","ADD"
"14.07.2026","https://xn--18-6kc5a3bxam.xn--p1ai/catalog/poligrafiya/papki-/papki-na-boltakh/","200","DUPLICATE","https://xn--18-6kc5a3bxam.xn--p1ai/catalog/poligrafiya/beydzh-plastikovyy/","12.07.2026","Каталог","DELETE"
"14.07.2026","https://xn--18-6kc5a3bxam.xn--p1ai/catalog/poligrafiya/vizitki/vizitki-na-chernom-kartone/","200","SEARCHABLE","","10.07.2026","Визитки на черном картоне | Цифра18.рф","ADD"
"14.07.2026","https://xn--18-6kc5a3bxam.xn--p1ai/catalog/shirokoformatnaya-pechat/pechat-na-posternoy-bumage-blue-back/","200","DUPLICATE","https://xn--18-6kc5a3bxam.xn--p1ai/catalog/shirokoformatnaya-pechat/pechat-na-posternoy-bumage/","10.07.2026","Печать фотопостеров и плакатов на постерной бумаге, фотобумаге в Ижевске.  Цифра18.рф ","DELETE"
"14.07.2026","https://xn--18-6kc5a3bxam.xn--p1ai/catalog/suvenirnaya-produktsiya/pechat-na-kruzhkakh/belaya-kruzhka-tsvetnaya-ruchka-dno-330ml/","200","SEARCHABLE","","10.07.2026","Белая кружка/цветная ручка/дно 330мл | Цифра18.рф","ADD"
"14.07.2026","https://xn--18-6kc5a3bxam.xn--p1ai/catalog/suvenirnaya-produktsiya/pechat-na-kruzhkakh/khameleon/","200","DUPLICATE","https://xn--18-6kc5a3bxam.xn--p1ai/catalog/poligrafiya/beydzh-plastikovyy/","12.07.2026","Каталог","DELETE"
"14.07.2026","https://xn--18-6kc5a3bxam.xn--p1ai/catalog/suvenirnaya-produktsiya/sumka-shopper-chernaya-2287/","200","DUPLICATE","https://xn--18-6kc5a3bxam.xn--p1ai/catalog/poligrafiya/beydzh-plastikovyy/","12.07.2026","Каталог","DELETE"
"14.07.2026","https://xn--18-6kc5a3bxam.xn--p1ai/portfolio/","200","SEARCHABLE","","10.07.2026","Портфолио типографии Цифра","ADD"
"14.07.2026","https://xn--18-6kc5a3bxam.xn--p1ai/video/","200","SEARCHABLE","","11.07.2026","Видео о производстве типографии Цифра","ADD"
"13.07.2026","https://xn--18-6kc5a3bxam.xn--p1ai/catalog/inzhenernaya-pechat/broshyurovka/pereplet-na-skobu/","200","DUPLICATE","https://xn--18-6kc5a3bxam.xn--p1ai/catalog/inzhenernaya-pechat/pereplet-na-skobu/","07.07.2026","Переплет на скобу (на степлер) | Цифра18.рф","DELETE"
"13.07.2026","https://xn--18-6kc5a3bxam.xn--p1ai/catalog/inzhenernaya-pechat/faltsovka/faltsovka-do-a3/","200","OTHER","","08.07.2026","Фальцовка до А3 | Цифра18.рф","DELETE"
"13.07.2026","https://xn--18-6kc5a3bxam.xn--p1ai/catalog/mobilnye-stendy/roll-up/","200","SEARCHABLE","","08.07.2026","Каталог","ADD"
"13.07.2026","https://xn--18-6kc5a3bxam.xn--p1ai/catalog/mobilnye-stendy/roll-up29504512/","200","SEARCHABLE","","10.07.2026","Каталог","ADD"
"13.07.2026","https://xn--18-6kc5a3bxam.xn--p1ai/catalog/poligrafiya/papki-/papka-planshet-brendirovannaya/","200","SEARCHABLE","","07.07.2026","Папка планшет брендированная | Цифра18.рф","ADD"
"13.07.2026","https://xn--18-6kc5a3bxam.xn--p1ai/catalog/poligrafiya/vizitki/vizitki-na-chernom-kartone/","200","DUPLICATE","https://xn--18-6kc5a3bxam.xn--p1ai/catalog/vizitki/vizitki-na-chernom-kartone/","07.07.2026","Визитки на черном картоне | Цифра18.рф","DELETE"
"13.07.2026","https://xn--18-6kc5a3bxam.xn--p1ai/catalog/reklama-stendy/shirokoformatnaya-pechat/pechat-na-plenke/","200","DUPLICATE","https://xn--18-6kc5a3bxam.xn--p1ai/catalog/reklama/shirokoformatnaya-pechat/pechat-na-flazhnoy-tkani/","07.07.2026","Каталог","DELETE"
"13.07.2026","https://xn--18-6kc5a3bxam.xn--p1ai/catalog/reklama/shirokoformatnaya-pechat/pechat-na-bannere-shirinoy-do-1-6m/","200","DUPLICATE","https://xn--18-6kc5a3bxam.xn--p1ai/catalog/reklama/shirokoformatnaya-pechat/pechat-na-flazhnoy-tkani/","07.07.2026","Каталог","DELETE"
"13.07.2026","https://xn--18-6kc5a3bxam.xn--p1ai/catalog/reklama/shirokoformatnaya-pechat/pechat-na-plenke-gray-back/","200","DUPLICATE","https://xn--18-6kc5a3bxam.xn--p1ai/catalog/reklama/shirokoformatnaya-pechat/pechat-na-flazhnoy-tkani/","09.07.2026","Каталог","DELETE"
"13.07.2026","https://xn--18-6kc5a3bxam.xn--p1ai/catalog/suvenirnaya-produktsiya/pechat-na-kraft-ruchkakh/kraft-ruchki/","200","SEARCHABLE","","07.07.2026","Крафт ручки  бумажные заказать Ижевск | Цифра18.рф","ADD"
"13.07.2026","https://xn--18-6kc5a3bxam.xn--p1ai/catalog/suvenirnaya-produktsiya/pechat-na-kruzhkakh/belaya-kruzhka-tsvetnaya-ruchka-dno-330ml/","200","OTHER","","07.07.2026","Белая кружка/цветная ручка/дно 330мл | Цифра18.рф","DELETE"
"13.07.2026","https://xn--18-6kc5a3bxam.xn--p1ai/catalog/suvenirnaya-produktsiya/pechat-na-pazlakh/pechat-na-pazlakh/","200","OTHER","","08.07.2026","Печать пазлов на заказ, любые размеры и тиражи. г. Ижевск, Цифра18.рф","DELETE"
"13.07.2026","https://xn--18-6kc5a3bxam.xn--p1ai/catalog/tsifrovaya-pechat/tsifrovaya-listovaya-lazernaya-pechat-a3/","200","SEARCHABLE","","10.07.2026","Цифровая листовая лазерная печать А3+ | Цифра18.рф","ADD"
"12.07.2026","https://xn--18-6kc5a3bxam.xn--p1ai/?post_type=product&p=790","200","DUPLICATE","https://xn--18-6kc5a3bxam.xn--p1ai/?add-to-cart=1700","07.07.2026","Типография Цифра г. Ижевск - цифровая и широкоформатная печать","DELETE"
"12.07.2026","https://xn--18-6kc5a3bxam.xn--p1ai/catalog/poligrafiya/birki/birki-tsifrovaya-pechat/","200","DUPLICATE","https://xn--18-6kc5a3bxam.xn--p1ai/catalog/poligrafiya/birki-tsifrovaya-pechat/","06.07.2026","Изготовление картонных и бумажных бирок | Цифра18.рф","DELETE"
"12.07.2026","https://xn--18-6kc5a3bxam.xn--p1ai/catalog/poligrafiya/bloki-dlya-zapisey-kubariki/bloki-dlya-zapisey-1-0-50-100-listov/","200","SEARCHABLE","","05.07.2026","Блоки для записей 1+0 (50-100 листов) | Цифра18.рф","ADD"
"12.07.2026","https://xn--18-6kc5a3bxam.xn--p1ai/catalog/poligrafiya/kalendar-domik-perekidnoy/","200","DUPLICATE","https://xn--18-6kc5a3bxam.xn--p1ai/catalog/reklama/shirokoformatnaya-pechat/pechat-na-flazhnoy-tkani/","06.07.2026","Каталог","DELETE"
"12.07.2026","https://xn--18-6kc5a3bxam.xn--p1ai/catalog/poligrafiya/otkrytki-sertifikaty/otkrytka-sertifikat-a6-tsifrovaya-pechat/","200","SEARCHABLE","","06.07.2026","Открытка/ сертификат А6 цифровая печать | Цифра18.рф","ADD"
"12.07.2026","https://xn--18-6kc5a3bxam.xn--p1ai/catalog/poligrafiya/pechat-bloknotov-a5/","200","DUPLICATE","https://xn--18-6kc5a3bxam.xn--p1ai/catalog/reklama/shirokoformatnaya-pechat/pechat-na-flazhnoy-tkani/","07.07.2026","Каталог","DELETE"
"12.07.2026","https://xn--18-6kc5a3bxam.xn--p1ai/catalog/reklama-stendy/pechat-na-plenke-translyutsentnoy-backlit/","200","DUPLICATE","https://xn--18-6kc5a3bxam.xn--p1ai/catalog/reklama/shirokoformatnaya-pechat/pechat-na-flazhnoy-tkani/","06.07.2026","Каталог","DELETE"
"12.07.2026","https://xn--18-6kc5a3bxam.xn--p1ai/catalog/suvenirnaya-produktsiya/beysbolki-kepki/","200","DUPLICATE","https://xn--18-6kc5a3bxam.xn--p1ai/catalog/reklama/shirokoformatnaya-pechat/pechat-na-flazhnoy-tkani/","06.07.2026","Каталог","DELETE"
"12.07.2026","https://xn--18-6kc5a3bxam.xn--p1ai/catalog/suvenirnaya-produktsiya/pechat-na-karandashakh/pechat-na-karandashakh/","200","SEARCHABLE","","07.07.2026","Печать на карандашах | Цифра18.рф","ADD"
"12.07.2026","https://xn--18-6kc5a3bxam.xn--p1ai/catalog/suvenirnaya-produktsiya/pechat-na-kruzhkakh/belye-kruzhki-330ml/","200","DUPLICATE","https://xn--18-6kc5a3bxam.xn--p1ai/catalog/reklama/shirokoformatnaya-pechat/pechat-na-flazhnoy-tkani/","07.07.2026","Каталог","DELETE"
"09.07.2026","https://xn--18-6kc5a3bxam.xn--p1ai/catalog/poligrafiya/pechat-na-papkakh-ugolkakh-i-faylakh/","200","SEARCHABLE","","04.07.2026","Папка-уголок | Цифра18.рф","ADD"
"09.07.2026","https://xn--18-6kc5a3bxam.xn--p1ai/catalog/reklama-stendy/shirokoformatnaya-pechat/pechat-na-posternoy-bumage/","200","DUPLICATE","https://xn--18-6kc5a3bxam.xn--p1ai/catalog/reklama/shirokoformatnaya-pechat/pechat-na-flazhnoy-tkani/","04.07.2026","Каталог","DELETE"
"09.07.2026","https://xn--18-6kc5a3bxam.xn--p1ai/catalog/suvenirnaya-produktsiya/medali-kubki-nagradnaya-produktsiya/kubki183/","200","DUPLICATE","https://xn--18-6kc5a3bxam.xn--p1ai/catalog/reklama/shirokoformatnaya-pechat/pechat-na-flazhnoy-tkani/","05.07.2026","Каталог","DELETE"
"07.07.2026","https://xn--18-6kc5a3bxam.xn--p1ai/catalog/detail.php?ID=58","200","SEARCHABLE","","25.06.2026","Каталог","ADD"
"07.07.2026","https://xn--18-6kc5a3bxam.xn--p1ai/catalog/poligrafiya/birki/birki-ofsetnaya-pechat/","200","DUPLICATE","https://xn--18-6kc5a3bxam.xn--p1ai/catalog/poligrafiya/birki-ofsetnaya-pechat/","02.07.2026","Изготовление картонных и бумажных бирок | Цифра18.рф","DELETE"
"07.07.2026","https://xn--18-6kc5a3bxam.xn--p1ai/catalog/poligrafiya/bloknoty/pechat-bloknotov-a5/","200","SEARCHABLE","","28.06.2026","Каталог","ADD"
"07.07.2026","https://xn--18-6kc5a3bxam.xn--p1ai/catalog/poligrafiya/pakety/bumazhnyy-paket-belyy-/","200","DUPLICATE","https://xn--18-6kc5a3bxam.xn--p1ai/catalog/poligrafiya/bumazhnyy-paket-belyy-/","03.07.2026","Заказать пакеты с логотипом малым тиражом г. Ижевск | Цифра18.рф","DELETE"
"07.07.2026","https://xn--18-6kc5a3bxam.xn--p1ai/catalog/poligrafiya/pakety/pakety-pvd/","200","SEARCHABLE","","25.06.2026","Каталог","ADD"
"07.07.2026","https://xn--18-6kc5a3bxam.xn--p1ai/catalog/reklama/shirokoformatnaya-pechat/pechat-na-posternoy-bumage/","200","DUPLICATE","https://xn--18-6kc5a3bxam.xn--p1ai/catalog/reklama/shirokoformatnaya-pechat/pechat-na-flazhnoy-tkani/","01.07.2026","Каталог","DELETE"
"07.07.2026","https://xn--18-6kc5a3bxam.xn--p1ai/catalog/suvenirnaya-produktsiya/akrilovye-magnity6379/","200","DUPLICATE","https://xn--18-6kc5a3bxam.xn--p1ai/catalog/reklama/shirokoformatnaya-pechat/pechat-na-flazhnoy-tkani/","01.07.2026","Каталог","DELETE"
"07.07.2026","https://xn--18-6kc5a3bxam.xn--p1ai/catalog/suvenirnaya-produktsiya/shokolad/otkrytka-a6-a5-v-razvorote-s-shokoladom/","200","DUPLICATE","https://xn--18-6kc5a3bxam.xn--p1ai/catalog/suvenirnaya-produktsiya/otkrytka-a6-a5-v-razvorote-s-shokoladom/","03.07.2026","Открытка А6 (А5 в развороте) с шоколадом | Цифра18.рф","DELETE"
"07.07.2026","https://xn--18-6kc5a3bxam.xn--p1ai/catalog/suvenirnaya-produktsiya/sumka-shopper/sumka-shopper-bezhevaya-/","200","DUPLICATE","https://xn--18-6kc5a3bxam.xn--p1ai/catalog/reklama/shirokoformatnaya-pechat/pechat-na-flazhnoy-tkani/","02.07.2026","Каталог","DELETE"
"07.07.2026","https://xn--18-6kc5a3bxam.xn--p1ai/doc.pdf","200","SEARCHABLE","","30.06.2026","Политика в отношении обработки персональных","ADD"
"05.07.2026","https://xn--18-6kc5a3bxam.xn--p1ai/catalog/","200","DUPLICATE","https://xn--18-6kc5a3bxam.xn--p1ai/catalog/reklama/shirokoformatnaya-pechat/pechat-na-flazhnoy-tkani/","30.06.2026","Каталог","DELETE"
"05.07.2026","https://xn--18-6kc5a3bxam.xn--p1ai/catalog/suvenirnaya-produktsiya/pechat-na-kraft-ruchkakh/kraft-ruchki/","200","DUPLICATE","https://xn--18-6kc5a3bxam.xn--p1ai/catalog/suvenirnaya-produktsiya/kraft-ruchki/","01.07.2026","Крафт ручки  бумажные заказать Ижевск | Цифра18.рф","DELETE"
"05.07.2026","https://xn--18-6kc5a3bxam.xn--p1ai/doc.pdf","200","LOW_DEMAND","","30.06.2026","Политика в отношении обработки персональных","DELETE"
"01.07.2026","https://xn--18-6kc5a3bxam.xn--p1ai/catalog/inzhenernaya-pechat/faltsovka/faltsovka-do-a4/","200","DUPLICATE","https://xn--18-6kc5a3bxam.xn--p1ai/catalog/inzhenernaya-pechat/faltsovka-do-a4/","27.06.2026","Фальцовка до А4 | Цифра18.рф","DELETE"
"01.07.2026","https://xn--18-6kc5a3bxam.xn--p1ai/catalog/inzhenernaya-pechat/pechat-chertezhey-proektnoy-dokumentatsii/pechat-chertezhey7148/","200","SEARCHABLE","","26.06.2026","Печать чертежей | Цифра18.рф","ADD"
"01.07.2026","https://xn--18-6kc5a3bxam.xn--p1ai/catalog/inzhenernaya-pechat/skanirovanie/ckanirovanie3229/","200","SEARCHABLE","","26.06.2026","Cканирование А4-А3 | Цифра18.рф","ADD"
"01.07.2026","https://xn--18-6kc5a3bxam.xn--p1ai/catalog/poligrafiya/birki/birki-ofsetnaya-pechat/","200","SEARCHABLE","","27.06.2026","Изготовление картонных и бумажных бирок | Цифра18.рф","ADD"
"01.07.2026","https://xn--18-6kc5a3bxam.xn--p1ai/catalog/poligrafiya/pakety/bumazhnyy-paket-belyy-/","200","SEARCHABLE","","27.06.2026","Заказать пакеты с логотипом малым тиражом г. Ижевск | Цифра18.рф","ADD"
"01.07.2026","https://xn--18-6kc5a3bxam.xn--p1ai/catalog/poligrafiya/vizitki/vizitki-na-chernom-kartone/","200","SEARCHABLE","","26.06.2026","Визитки на черном картоне | Цифра18.рф","ADD"
"01.07.2026","https://xn--18-6kc5a3bxam.xn--p1ai/catalog/suvenirnaya-produktsiya/chekhly-dlya-ruchek/chekhol-dlya-ruchki-24210/","200","DUPLICATE","https://xn--18-6kc5a3bxam.xn--p1ai/catalog/suvenirnaya-produktsiya/pechat-na-ruchkakh/chekhol-dlya-ruchki-2/","27.06.2026","Чехол для ручек. Бумажный футляр для ручки.| Цифра18.рф","DELETE"
"30.06.2026","https://xn--18-6kc5a3bxam.xn--p1ai/?attachment_id=423","200","DUPLICATE","https://xn--18-6kc5a3bxam.xn--p1ai/","25.06.2026","Типография Цифра г. Ижевск - цифровая и широкоформатная печать","DELETE"
"30.06.2026","https://xn--18-6kc5a3bxam.xn--p1ai/?attachment_id=430","200","DUPLICATE","https://xn--18-6kc5a3bxam.xn--p1ai/?add-to-cart=1700","24.06.2026","Типография Цифра г. Ижевск - цифровая и широкоформатная печать","DELETE"
"30.06.2026","https://xn--18-6kc5a3bxam.xn--p1ai/catalog/","200","SEARCHABLE","","24.06.2026","Каталог","ADD"
"30.06.2026","https://xn--18-6kc5a3bxam.xn--p1ai/catalog/detail.php?ID=430","200","DUPLICATE","https://xn--18-6kc5a3bxam.xn--p1ai/catalog/reklama/shirokoformatnaya-pechat/pechat-na-flazhnoy-tkani/","11.06.2026","","DELETE"
"30.06.2026","https://xn--18-6kc5a3bxam.xn--p1ai/catalog/detail.php?ID=48","200","SEARCHABLE","","23.06.2026","Каталог","ADD"
"30.06.2026","https://xn--18-6kc5a3bxam.xn--p1ai/catalog/detail.php?ID=49","200","DUPLICATE","https://xn--18-6kc5a3bxam.xn--p1ai/catalog/reklama/shirokoformatnaya-pechat/pechat-na-flazhnoy-tkani/","23.06.2026","Каталог","DELETE"
"30.06.2026","https://xn--18-6kc5a3bxam.xn--p1ai/catalog/detail.php?ID=52","200","DUPLICATE","https://xn--18-6kc5a3bxam.xn--p1ai/catalog/reklama/shirokoformatnaya-pechat/pechat-na-flazhnoy-tkani/","12.06.2026","","DELETE"
"30.06.2026","https://xn--18-6kc5a3bxam.xn--p1ai/catalog/detail.php?ID=68","200","DUPLICATE","https://xn--18-6kc5a3bxam.xn--p1ai/catalog/","24.06.2026","Каталог","DELETE"
"30.06.2026","https://xn--18-6kc5a3bxam.xn--p1ai/catalog/inzhenernaya-pechat/broshyurovka/pereplet-na-skobu/","200","SEARCHABLE","","25.06.2026","Переплет на скобу (на степлер) | Цифра18.рф","ADD"
"30.06.2026","https://xn--18-6kc5a3bxam.xn--p1ai/catalog/inzhenernaya-pechat/kserokopiya-a2-a0/","200","SEARCHABLE","","23.06.2026","Ксерокопия, копирование документов и чертежей  А2,А1,А0+| Цифра18.рф","ADD"
"30.06.2026","https://xn--18-6kc5a3bxam.xn--p1ai/catalog/inzhenernaya-pechat/pereplet-na-plastikovuyu-pruzhinu/","200","SEARCHABLE","","23.06.2026","Переплет на пластиковую пружину | Цифра18.рф","ADD"
"30.06.2026","https://xn--18-6kc5a3bxam.xn--p1ai/catalog/mobilnye-stendy/roll-up295045124997/","200","DUPLICATE","https://xn--18-6kc5a3bxam.xn--p1ai/catalog/reklama/shirokoformatnaya-pechat/pechat-na-flazhnoy-tkani/","15.06.2026","","DELETE"
"30.06.2026","https://xn--18-6kc5a3bxam.xn--p1ai/catalog/poligrafiya/beydzh-plastikovyy2506/","200","DUPLICATE","https://xn--18-6kc5a3bxam.xn--p1ai/catalog/reklama/shirokoformatnaya-pechat/pechat-na-flazhnoy-tkani/","12.06.2026","","DELETE"
"30.06.2026","https://xn--18-6kc5a3bxam.xn--p1ai/catalog/poligrafiya/beydzhi/beydzh-plastikovyy2506/","200","DUPLICATE","https://xn--18-6kc5a3bxam.xn--p1ai/catalog/reklama/shirokoformatnaya-pechat/pechat-na-flazhnoy-tkani/","23.06.2026","Каталог","DELETE"
"30.06.2026","https://xn--18-6kc5a3bxam.xn--p1ai/catalog/poligrafiya/beydzhi/lenta-dlya-beydzha-s-logotipom-brendirovannaya/","200","DUPLICATE","https://xn--18-6kc5a3bxam.xn--p1ai/catalog/reklama/shirokoformatnaya-pechat/pechat-na-flazhnoy-tkani/","23.06.2026","Каталог","DELETE"
"30.06.2026","https://xn--18-6kc5a3bxam.xn--p1ai/catalog/poligrafiya/bloki-dlya-zapisey-kubariki/bloki-dlya-zapisey-1-0-50-100-listov/","200","DUPLICATE","https://xn--18-6kc5a3bxam.xn--p1ai/catalog/poligrafiya/bloki-dlya-zapisey-1-0-50-100-listov/","24.06.2026","Блоки для записей 1+0 (50-100 листов) | Цифра18.рф","DELETE"
"30.06.2026","https://xn--18-6kc5a3bxam.xn--p1ai/catalog/poligrafiya/kalendari/kalendar-domik-samosbornyy/","200","DUPLICATE","https://xn--18-6kc5a3bxam.xn--p1ai/catalog/poligrafiya/kalendar-domik-samosbornyy/","23.06.2026","Календарь «домик» самосборный | Цифра18.рф","DELETE"
"30.06.2026","https://xn--18-6kc5a3bxam.xn--p1ai/catalog/poligrafiya/kalendari/kvartalnyy-kalendar-na-3-pruzhiny-2023-god-biznes/","200","DUPLICATE","https://xn--18-6kc5a3bxam.xn--p1ai/catalog/reklama/shirokoformatnaya-pechat/pechat-na-flazhnoy-tkani/","23.06.2026","Каталог","DELETE"
"30.06.2026","https://xn--18-6kc5a3bxam.xn--p1ai/catalog/poligrafiya/listovaya-pechat-na-samokleyushcheysya-bumage-do-sra3/","200","DUPLICATE","https://xn--18-6kc5a3bxam.xn--p1ai/catalog/reklama/shirokoformatnaya-pechat/pechat-na-flazhnoy-tkani/","11.06.2026","","DELETE"
"30.06.2026","https://xn--18-6kc5a3bxam.xn--p1ai/catalog/poligrafiya/paketnoe-laminirovanie8235/","200","DUPLICATE","https://xn--18-6kc5a3bxam.xn--p1ai/catalog/reklama/shirokoformatnaya-pechat/pechat-na-flazhnoy-tkani/","24.06.2026","Каталог","DELETE"
"30.06.2026","https://xn--18-6kc5a3bxam.xn--p1ai/catalog/poligrafiya/pakety/bumazhnyy-paket-belyy-/","200","DUPLICATE","https://xn--18-6kc5a3bxam.xn--p1ai/catalog/poligrafiya/bumazhnyy-paket-belyy-/","22.06.2026","Заказать пакеты с логотипом малым тиражом г. Ижевск | Цифра18.рф","DELETE"
"30.06.2026","https://xn--18-6kc5a3bxam.xn--p1ai/catalog/poligrafiya/pechat-bloknotov-a62904/","200","DUPLICATE","https://xn--18-6kc5a3bxam.xn--p1ai/catalog/reklama/shirokoformatnaya-pechat/pechat-na-flazhnoy-tkani/","15.06.2026","","DELETE"
"30.06.2026","https://xn--18-6kc5a3bxam.xn--p1ai/catalog/poligrafiya/pechat-listovok-a6-ofsetnaya-pechat/","200","SEARCHABLE","","23.06.2026","Печать листовок А6 офсетная печать | Цифра18.рф","ADD"
"30.06.2026","https://xn--18-6kc5a3bxam.xn--p1ai/catalog/poligrafiya/pechat-na-papkakh-ugolkakh/pechat-na-papkakh-ugolkakh-i-faylakh/","200","DUPLICATE","https://xn--18-6kc5a3bxam.xn--p1ai/catalog/","25.06.2026","Каталог","DELETE"
"30.06.2026","https://xn--18-6kc5a3bxam.xn--p1ai/catalog/poligrafiya/pechat-na-samokleyashchikhsya-materialakh/figurnye-nakleyki-na-samokleyushcheysya-plenke-zerkalnoe-zoloto/","200","DUPLICATE","https://xn--18-6kc5a3bxam.xn--p1ai/catalog/reklama/shirokoformatnaya-pechat/pechat-na-flazhnoy-tkani/","12.06.2026","","DELETE"
"30.06.2026","https://xn--18-6kc5a3bxam.xn--p1ai/catalog/poligrafiya/pechat-standartnykh-vizitok/","200","DUPLICATE","https://xn--18-6kc5a3bxam.xn--p1ai/catalog/","25.06.2026","Каталог","DELETE"
"30.06.2026","https://xn--18-6kc5a3bxam.xn--p1ai/catalog/poligrafiya/tsifrovaya-pechat/tsifrovaya-a4/","200","DUPLICATE","https://xn--18-6kc5a3bxam.xn--p1ai/catalog/reklama/shirokoformatnaya-pechat/pechat-na-flazhnoy-tkani/","12.06.2026","","DELETE"
"30.06.2026","https://xn--18-6kc5a3bxam.xn--p1ai/catalog/poligrafiya/uf-pechat1/lazernaya-gravirovka/","200","SEARCHABLE","","23.06.2026","Каталог","ADD"
"30.06.2026","https://xn--18-6kc5a3bxam.xn--p1ai/catalog/reklama-stendy/pechat-na-flazhnoy-tkani/","200","DUPLICATE","https://xn--18-6kc5a3bxam.xn--p1ai/catalog/","24.06.2026","Каталог","DELETE"
"30.06.2026","https://xn--18-6kc5a3bxam.xn--p1ai/catalog/reklama-stendy/shirokoformatnaya-pechat/pechat-na-flazhnoy-tkani/","200","DUPLICATE","https://xn--18-6kc5a3bxam.xn--p1ai/catalog/","24.06.2026","Каталог","DELETE"
"30.06.2026","https://xn--18-6kc5a3bxam.xn--p1ai/catalog/reklama-stendy/stendy-tests33/","200","DUPLICATE","https://xn--18-6kc5a3bxam.xn--p1ai/catalog/","24.06.2026","Каталог","DELETE"
"30.06.2026","https://xn--18-6kc5a3bxam.xn--p1ai/catalog/reklama/pechat-na-bannere-shirinoy-do-1-6m/","200","DUPLICATE","https://xn--18-6kc5a3bxam.xn--p1ai/catalog/reklama/shirokoformatnaya-pechat/pechat-na-flazhnoy-tkani/","12.06.2026","","DELETE"
"30.06.2026","https://xn--18-6kc5a3bxam.xn--p1ai/catalog/reklama/shirokoformatnaya-pechat/pechat-na-bannere-shirinoy-do-3-2m/","200","DUPLICATE","https://xn--18-6kc5a3bxam.xn--p1ai/catalog/","25.06.2026","Каталог","DELETE"
"30.06.2026","https://xn--18-6kc5a3bxam.xn--p1ai/catalog/reklama/shirokoformatnaya-pechat/pechat-na-posternoy-bumage/","200","SEARCHABLE","","18.06.2026","Каталог","ADD"
"30.06.2026","https://xn--18-6kc5a3bxam.xn--p1ai/catalog/suvenirnaya-produktsiya/beysbolki-kepki/futbolka-seriya-revolution52899999/","200","DUPLICATE","https://xn--18-6kc5a3bxam.xn--p1ai/catalog/reklama/shirokoformatnaya-pechat/pechat-na-flazhnoy-tkani/","11.06.2026","","DELETE"
"30.06.2026","https://xn--18-6kc5a3bxam.xn--p1ai/catalog/suvenirnaya-produktsiya/futbolka-uniseks-belaya/","200","DUPLICATE","https://xn--18-6kc5a3bxam.xn--p1ai/catalog/","24.06.2026","Каталог","DELETE"
"30.06.2026","https://xn--18-6kc5a3bxam.xn--p1ai/catalog/suvenirnaya-produktsiya/futbolki/futbolka-uniseks-belaya-poliester-100/","200","DUPLICATE","https://xn--18-6kc5a3bxam.xn--p1ai/catalog/reklama/shirokoformatnaya-pechat/pechat-na-flazhnoy-tkani/","23.06.2026","Каталог","DELETE"
"30.06.2026","https://xn--18-6kc5a3bxam.xn--p1ai/catalog/suvenirnaya-produktsiya/futbolki/futbolka-uniseks-belaya/","200","DUPLICATE","https://xn--18-6kc5a3bxam.xn--p1ai/catalog/reklama/shirokoformatnaya-pechat/pechat-na-flazhnoy-tkani/","11.06.2026","","DELETE"
"30.06.2026","https://xn--18-6kc5a3bxam.xn--p1ai/catalog/suvenirnaya-produktsiya/futbolki/futbolka-uniseks-chernaya-tsvetnaya/","200","DUPLICATE","https://xn--18-6kc5a3bxam.xn--p1ai/catalog/reklama/shirokoformatnaya-pechat/pechat-na-flazhnoy-tkani/","12.06.2026","","DELETE"
"30.06.2026","https://xn--18-6kc5a3bxam.xn--p1ai/catalog/suvenirnaya-produktsiya/futbolki/termoplenka-termotransfer-na-odezhdu/","200","DUPLICATE","https://xn--18-6kc5a3bxam.xn--p1ai/catalog/","23.06.2026","Каталог","DELETE"
"30.06.2026","https://xn--18-6kc5a3bxam.xn--p1ai/catalog/suvenirnaya-produktsiya/igry-i-golovolomki/pechat-na-pazlakh4263/","200","SEARCHABLE","","26.06.2026","Печать пазлов на заказ, любые размеры и тиражи. г. Ижевск, Цифра18.рф","ADD"
"30.06.2026","https://xn--18-6kc5a3bxam.xn--p1ai/catalog/suvenirnaya-produktsiya/magnity-vinilovye/vinilovye-magnity-10kh15sm4903/","200","SEARCHABLE","","23.06.2026","Виниловые магниты 15х21см","ADD"
"30.06.2026","https://xn--18-6kc5a3bxam.xn--p1ai/catalog/suvenirnaya-produktsiya/medali-kubki-nagradnaya-produktsiya/medali-iz-orgstekla8262/","200","DUPLICATE","https://xn--18-6kc5a3bxam.xn--p1ai/catalog/reklama/shirokoformatnaya-pechat/pechat-na-flazhnoy-tkani/","23.06.2026","Каталог","DELETE"
"30.06.2026","https://xn--18-6kc5a3bxam.xn--p1ai/catalog/suvenirnaya-produktsiya/medali-kubki-nagradnaya-produktsiya/medali-metallicheskie/","200","DUPLICATE","https://xn--18-6kc5a3bxam.xn--p1ai/catalog/","25.06.2026","Каталог","DELETE"
"30.06.2026","https://xn--18-6kc5a3bxam.xn--p1ai/catalog/suvenirnaya-produktsiya/pechat-na-karandashakh/pechat-na-karandashakh/","200","DUPLICATE","https://xn--18-6kc5a3bxam.xn--p1ai/catalog/suvenirnaya-produktsiya/pechat-na-karandashakh/","25.06.2026","Печать на карандашах | Цифра18.рф","DELETE"
"30.06.2026","https://xn--18-6kc5a3bxam.xn--p1ai/catalog/suvenirnaya-produktsiya/pechat-na-kruzhkakh/belaya-kruzhka-tsvetnaya-ruchka-dno-330ml/","200","SEARCHABLE","","25.06.2026","Белая кружка/цветная ручка/дно 330мл | Цифра18.рф","ADD"
"30.06.2026","https://xn--18-6kc5a3bxam.xn--p1ai/catalog/suvenirnaya-produktsiya/pechat-na-kruzhkakh/butylka-dlya-vody-700ml/","200","DUPLICATE","https://xn--18-6kc5a3bxam.xn--p1ai/catalog/reklama/shirokoformatnaya-pechat/pechat-na-flazhnoy-tkani/","14.06.2026","","DELETE"
"30.06.2026","https://xn--18-6kc5a3bxam.xn--p1ai/catalog/suvenirnaya-produktsiya/pechat-na-kruzhkakh/serebryanaya-zolotaya-/","200","DUPLICATE","https://xn--18-6kc5a3bxam.xn--p1ai/catalog/reklama/shirokoformatnaya-pechat/pechat-na-flazhnoy-tkani/","23.06.2026","Каталог","DELETE"
"30.06.2026","https://xn--18-6kc5a3bxam.xn--p1ai/catalog/suvenirnaya-produktsiya/shokolad-v-korobke4741/","200","DUPLICATE","https://xn--18-6kc5a3bxam.xn--p1ai/catalog/suvenirnaya-produktsiya/shokolad-v-korobke/","23.06.2026","Шоколад 5гр. в коробке (18шт. в коробке) | Цифра18.рф","DELETE"
"30.06.2026","https://xn--18-6kc5a3bxam.xn--p1ai/catalog/suvenirnaya-produktsiya/sumka-shopper-bezhevaya-/","200","DUPLICATE","https://xn--18-6kc5a3bxam.xn--p1ai/catalog/reklama/shirokoformatnaya-pechat/pechat-na-flazhnoy-tkani/","23.06.2026","Каталог","DELETE"
"30.06.2026","https://xn--18-6kc5a3bxam.xn--p1ai/catalog/suvenirnaya-produktsiya/trek-na-stekle/","200","DUPLICATE","https://xn--18-6kc5a3bxam.xn--p1ai/catalog/reklama/shirokoformatnaya-pechat/pechat-na-flazhnoy-tkani/","12.06.2026","","DELETE"
"30.06.2026","https://xn--18-6kc5a3bxam.xn--p1ai/catalog/vizitki/vizitki-na-plastike/","200","DUPLICATE","https://xn--18-6kc5a3bxam.xn--p1ai/catalog/reklama/shirokoformatnaya-pechat/pechat-na-flazhnoy-tkani/","23.06.2026","Каталог","DELETE"
"28.06.2026","https://xn--18-6kc5a3bxam.xn--p1ai/catalog/detail.php?ID=430","200","SEARCHABLE","","11.06.2026","Каталог","ADD"
"28.06.2026","https://xn--18-6kc5a3bxam.xn--p1ai/catalog/detail.php?ID=52","200","SEARCHABLE","","12.06.2026","Каталог","ADD"
"28.06.2026","https://xn--18-6kc5a3bxam.xn--p1ai/catalog/detail.php?ID=68","200","SEARCHABLE","","12.06.2026","Каталог","ADD"
"28.06.2026","https://xn--18-6kc5a3bxam.xn--p1ai/catalog/mobilnye-stendy/roll-up295045124997/","200","SEARCHABLE","","15.06.2026","Каталог","ADD"
"28.06.2026","https://xn--18-6kc5a3bxam.xn--p1ai/catalog/poligrafiya/beydzh-plastikovyy2506/","200","SEARCHABLE","","12.06.2026","Каталог","ADD"
"28.06.2026","https://xn--18-6kc5a3bxam.xn--p1ai/catalog/poligrafiya/beydzhi/lenta-dlya-beydzha-s-logotipom-brendirovannaya/","200","SEARCHABLE","","12.06.2026","Каталог","ADD"
"28.06.2026","https://xn--18-6kc5a3bxam.xn--p1ai/catalog/poligrafiya/birki/birki-tsifrovaya-pechat/","200","SEARCHABLE","","21.06.2026","Изготовление картонных и бумажных бирок | Цифра18.рф","ADD"
"28.06.2026","https://xn--18-6kc5a3bxam.xn--p1ai/catalog/poligrafiya/kalendari/kvartalnyy-kalendar-na-3-pruzhiny-2023-god-biznes/","200","SEARCHABLE","","11.06.2026","Каталог","ADD"
"28.06.2026","https://xn--18-6kc5a3bxam.xn--p1ai/catalog/poligrafiya/karty-plastikovye/karty-plastikovye/","200","OTHER","","21.06.2026","Печать пластиковых карт г. Ижевск","DELETE"
"28.06.2026","https://xn--18-6kc5a3bxam.xn--p1ai/catalog/poligrafiya/listovaya-pechat-na-samokleyushcheysya-bumage-do-sra3/","200","SEARCHABLE","","11.06.2026","Каталог","ADD"
"28.06.2026","https://xn--18-6kc5a3bxam.xn--p1ai/catalog/poligrafiya/pakety/bumazhnyy-paket-belyy-/","200","SEARCHABLE","","22.06.2026","Заказать пакеты с логотипом малым тиражом г. Ижевск | Цифра18.рф","ADD"
"28.06.2026","https://xn--18-6kc5a3bxam.xn--p1ai/catalog/poligrafiya/pechat-bloknotov-a62904/","200","SEARCHABLE","","15.06.2026","Каталог","ADD"
"28.06.2026","https://xn--18-6kc5a3bxam.xn--p1ai/catalog/poligrafiya/pechat-na-papkakh-ugolkakh/pechat-na-papkakh-ugolkakh-i-faylakh/","200","SEARCHABLE","","14.06.2026","Каталог","ADD"
"28.06.2026","https://xn--18-6kc5a3bxam.xn--p1ai/catalog/poligrafiya/pechat-na-samokleyashchikhsya-materialakh/figurnye-nakleyki-na-samokleyushcheysya-plenke-zerkalnoe-zoloto/","200","SEARCHABLE","","12.06.2026","Каталог","ADD"
"28.06.2026","https://xn--18-6kc5a3bxam.xn--p1ai/catalog/poligrafiya/tsifrovaya-pechat/tsifrovaya-a4/","200","SEARCHABLE","","12.06.2026","Каталог","ADD"
"28.06.2026","https://xn--18-6kc5a3bxam.xn--p1ai/catalog/reklama/","200","SEARCHABLE","","17.06.2026","Каталог","ADD"
"28.06.2026","https://xn--18-6kc5a3bxam.xn--p1ai/catalog/reklama/pechat-na-bannere-shirinoy-do-1-6m/","200","SEARCHABLE","","12.06.2026","Каталог","ADD"
"28.06.2026","https://xn--18-6kc5a3bxam.xn--p1ai/catalog/reklama/shirokoformatnaya-pechat/pechat-na-bannere-shirinoy-do-1-6m/","200","SEARCHABLE","","16.06.2026","Каталог","ADD"
"28.06.2026","https://xn--18-6kc5a3bxam.xn--p1ai/catalog/reklama/shirokoformatnaya-pechat/pechat-na-bannere-shirinoy-do-3-2m/","200","SEARCHABLE","","16.06.2026","Каталог","ADD"
"28.06.2026","https://xn--18-6kc5a3bxam.xn--p1ai/catalog/suvenirnaya-produktsiya/beysbolki-kepki/","200","SEARCHABLE","","17.06.2026","Каталог","ADD"
"28.06.2026","https://xn--18-6kc5a3bxam.xn--p1ai/catalog/suvenirnaya-produktsiya/beysbolki-kepki/futbolka-seriya-revolution52899999/","200","SEARCHABLE","","11.06.2026","Каталог","ADD"
"28.06.2026","https://xn--18-6kc5a3bxam.xn--p1ai/catalog/suvenirnaya-produktsiya/futbolki/futbolka-uniseks-belaya/","200","SEARCHABLE","","11.06.2026","Каталог","ADD"
"28.06.2026","https://xn--18-6kc5a3bxam.xn--p1ai/catalog/suvenirnaya-produktsiya/futbolki/futbolka-uniseks-chernaya-tsvetnaya/","200","SEARCHABLE","","12.06.2026","Каталог","ADD"
"28.06.2026","https://xn--18-6kc5a3bxam.xn--p1ai/catalog/suvenirnaya-produktsiya/medali-kubki-nagradnaya-produktsiya/medali-metallicheskie/","200","SEARCHABLE","","12.06.2026","Каталог","ADD"
"28.06.2026","https://xn--18-6kc5a3bxam.xn--p1ai/catalog/suvenirnaya-produktsiya/pechat-na-kruzhkakh/butylka-dlya-vody-700ml/","200","SEARCHABLE","","14.06.2026","Каталог","ADD"
"28.06.2026","https://xn--18-6kc5a3bxam.xn--p1ai/catalog/suvenirnaya-produktsiya/trek-na-stekle/","200","SEARCHABLE","","12.06.2026","Каталог","ADD"
"26.06.2026","https://xn--18-6kc5a3bxam.xn--p1ai/catalog/poligrafiya/beydzhi/beydzh-plastikovyy-54kh86mm/","200","DUPLICATE","https://xn--18-6kc5a3bxam.xn--p1ai/catalog/poligrafiya/beydzh-plastikovyy-54kh86mm/","20.06.2026","Бейдж пластиковый 54х86мм | Цифра18.рф","DELETE"
"26.06.2026","https://xn--18-6kc5a3bxam.xn--p1ai/catalog/poligrafiya/bloki-dlya-zapisey-kubariki/bloki-dlya-zapisey-1-0-50-100-listov/","200","SEARCHABLE","","21.06.2026","Блоки для записей 1+0 (50-100 листов) | Цифра18.рф","ADD"
"26.06.2026","https://xn--18-6kc5a3bxam.xn--p1ai/catalog/poligrafiya/otkrytki-sertifikaty/otkrytka-sertifikat-a6-tsifrovaya-pechat/","200","DUPLICATE","https://xn--18-6kc5a3bxam.xn--p1ai/catalog/poligrafiya/otkrytka-sertifikat-a6-tsifrovaya-pechat/","20.06.2026","Открытка/ сертификат А6 цифровая печать | Цифра18.рф","DELETE"
"26.06.2026","https://xn--18-6kc5a3bxam.xn--p1ai/catalog/suvenirnaya-produktsiya/medali-kubki-nagradnaya-produktsiya/medali-iz-orgstekla/","200","SEARCHABLE","","19.06.2026","Медали из оргстекла | Цифра18.рф","ADD"
"26.06.2026","https://xn--18-6kc5a3bxam.xn--p1ai/catalog/suvenirnaya-produktsiya/pechat-na-usb-ustroystvakh/pechat-na-pauer-bank/","200","SEARCHABLE","","20.06.2026","Каталог","ADD"
"26.06.2026","https://xn--18-6kc5a3bxam.xn--p1ai/news/?PAGEN_1=5","200","SEARCHABLE","","17.05.2026","Новости","ADD"
"26.06.2026","https://xn--18-6kc5a3bxam.xn--p1ai/news/?PAGEN_1=6","200","SEARCHABLE","","05.05.2026","Новости","ADD"
"26.06.2026","https://xn--18-6kc5a3bxam.xn--p1ai/news/aktsiya-na-pechat-na-ruchkakh/","200","SEARCHABLE","","16.02.2026","АКЦИЯ на печать на ручках - Блог | Цифра18.рф","ADD"
"26.06.2026","https://xn--18-6kc5a3bxam.xn--p1ai/news/pechat-na-chernykh-ili-tsvetnykh-kruzhkakh-v-tsvete/","200","SEARCHABLE","","27.03.2026","Печать на черных или цветных кружках в цвете! - Блог | Цифра18.рф","ADD"
"26.06.2026","https://xn--18-6kc5a3bxam.xn--p1ai/news/pechat-na-ezhednevnikakh-logotipa-kompanii-/","200","SEARCHABLE","","21.11.2025","Печать на ежедневниках логотипа компании.. - Блог | Цифра18.рф","ADD"
"26.06.2026","https://xn--18-6kc5a3bxam.xn--p1ai/news/pechat-na-kruzhkakh-pozhaluy-samyy-rasprostranennyy-vid-suvenirnoy-produktsii/","200","SEARCHABLE","","27.02.2026","Печать на кружках – пожалуй самый распространенный вид сувенирной продукции - Блог | Цифра18.рф","ADD"
"26.06.2026","https://xn--18-6kc5a3bxam.xn--p1ai/news/pechat-na-tekstile-na-chernoy-ili-tsvetnoy-futbolke-rubashke-polo-tolstovke-v-tsvete/","200","SEARCHABLE","","20.02.2026","Печать на текстиле – на черной или цветной футболке/ рубашке поло/толстовке в цвете - Блог | Цифра18.рф","ADD"
"26.06.2026","https://xn--18-6kc5a3bxam.xn--p1ai/news/podarok-na-vypusknoy-mozhet-byt-raznym/","200","SEARCHABLE","","26.08.2024","Подарок на выпускной может быть разным - Блог | Цифра18.рф","ADD"
"26.06.2026","https://xn--18-6kc5a3bxam.xn--p1ai/news/shokolad-s-nanesennym-na-nego-firmennym-logotipom/","200","SEARCHABLE","","27.01.2026","Шоколад с нанесенным на него фирменным логотипом - Блог | Цифра18.рф","ADD"
"26.06.2026","https://xn--18-6kc5a3bxam.xn--p1ai/news/skoro-prazdniki-a-vy-vybrali-chto-podarit_1/","200","SEARCHABLE","","10.02.2024","Скоро праздники! А вы выбрали что подарить? - Блог | Цифра18.рф","ADD"
"23.06.2026","https://xn--18-6kc5a3bxam.xn--p1ai/news/?PAGEN_1=5","200","LOW_DEMAND","","17.05.2026","Новости","DELETE"
"23.06.2026","https://xn--18-6kc5a3bxam.xn--p1ai/news/?PAGEN_1=6","200","LOW_DEMAND","","05.05.2026","Новости","DELETE"
"23.06.2026","https://xn--18-6kc5a3bxam.xn--p1ai/news/aktsiya-na-pechat-na-ruchkakh/","200","LOW_DEMAND","","16.02.2026","АКЦИЯ на печать на ручках - Блог | Цифра18.рф","DELETE"
"23.06.2026","https://xn--18-6kc5a3bxam.xn--p1ai/news/pechat-na-chernykh-ili-tsvetnykh-kruzhkakh-v-tsvete/","200","LOW_DEMAND","","27.03.2026","Печать на черных или цветных кружках в цвете! - Блог | Цифра18.рф","DELETE"
"23.06.2026","https://xn--18-6kc5a3bxam.xn--p1ai/news/pechat-na-ezhednevnikakh-logotipa-kompanii-/","200","LOW_DEMAND","","21.11.2025","Печать на ежедневниках логотипа компании.. - Блог | Цифра18.рф","DELETE"
"23.06.2026","https://xn--18-6kc5a3bxam.xn--p1ai/news/pechat-na-kruzhkakh-pozhaluy-samyy-rasprostranennyy-vid-suvenirnoy-produktsii/","200","LOW_DEMAND","","27.02.2026","Печать на кружках – пожалуй самый распространенный вид сувенирной продукции - Блог | Цифра18.рф","DELETE"
"23.06.2026","https://xn--18-6kc5a3bxam.xn--p1ai/news/pechat-na-tekstile-na-chernoy-ili-tsvetnoy-futbolke-rubashke-polo-tolstovke-v-tsvete/","200","LOW_DEMAND","","20.02.2026","Печать на текстиле – на черной или цветной футболке/ рубашке поло/толстовке в цвете - Блог | Цифра18.рф","DELETE"
"23.06.2026","https://xn--18-6kc5a3bxam.xn--p1ai/news/podarok-na-vypusknoy-mozhet-byt-raznym/","200","LOW_DEMAND","","26.08.2024","Подарок на выпускной может быть разным - Блог | Цифра18.рф","DELETE"
"23.06.2026","https://xn--18-6kc5a3bxam.xn--p1ai/news/shokolad-s-nanesennym-na-nego-firmennym-logotipom/","200","LOW_DEMAND","","27.01.2026","Шоколад с нанесенным на него фирменным логотипом - Блог | Цифра18.рф","DELETE"
"23.06.2026","https://xn--18-6kc5a3bxam.xn--p1ai/news/skoro-prazdniki-a-vy-vybrali-chto-podarit_1/","200","LOW_DEMAND","","10.02.2024","Скоро праздники! А вы выбрали что подарить? - Блог | Цифра18.рф","DELETE"
"23.06.2026","https://xn--18-6kc5a3bxam.xn--p1ai/shokolad-s-nanesennym-na-nego-firmennym-logotipom/","404","HTTP_ERROR","","11.06.2026","","DELETE"
