"url","httpCode","status","lastAccess","redirTarget","relCanonical","title","metaDescription"
"https://xn--18-6kc5a3bxam.xn--p1ai/shop/110177348","200","PARSE_ERROR","08.05.2025","","","",""
"https://xn--18-6kc5a3bxam.xn--p1ai/100720014.html","200","DUPLICATE","15.03.2025","","","",""
"https://xn--18-6kc5a3bxam.xn--p1ai/101871888.html","200","DUPLICATE","15.03.2025","","","",""
"https://xn--18-6kc5a3bxam.xn--p1ai/102725958.html","200","DUPLICATE","15.03.2025","","","",""
"https://xn--18-6kc5a3bxam.xn--p1ai/102726207.html","200","DUPLICATE","15.03.2025","","","",""
"https://xn--18-6kc5a3bxam.xn--p1ai/103102944.html","200","DUPLICATE","15.03.2025","","","",""
"https://xn--18-6kc5a3bxam.xn--p1ai/10312347.html","200","DUPLICATE","15.03.2025","","","",""
"https://xn--18-6kc5a3bxam.xn--p1ai/104174142.html","200","DUPLICATE","15.03.2025","","","",""
"https://xn--18-6kc5a3bxam.xn--p1ai/10442076.html","200","DUPLICATE","15.03.2025","","","",""
"https://xn--18-6kc5a3bxam.xn--p1ai/104934837.html","200","DUPLICATE","15.03.2025","","","",""
"https://xn--18-6kc5a3bxam.xn--p1ai/105302112.html","200","DUPLICATE","15.03.2025","","","",""
"https://xn--18-6kc5a3bxam.xn--p1ai/107084454.html","200","DUPLICATE","15.03.2025","","","",""
"https://xn--18-6kc5a3bxam.xn--p1ai/107838675.html","200","DUPLICATE","15.03.2025","","","",""
"https://xn--18-6kc5a3bxam.xn--p1ai/108169347.html","200","DUPLICATE","15.03.2025","","","",""
"https://xn--18-6kc5a3bxam.xn--p1ai/108640206.html","200","DUPLICATE","06.05.2025","","","",""
"https://xn--18-6kc5a3bxam.xn--p1ai/108643443.html","200","DUPLICATE","15.03.2025","","","",""
"https://xn--18-6kc5a3bxam.xn--p1ai/108794088.html","200","DUPLICATE","15.03.2025","","","",""
"https://xn--18-6kc5a3bxam.xn--p1ai/109437255.html","200","DUPLICATE","15.03.2025","","","",""
"https://xn--18-6kc5a3bxam.xn--p1ai/109467633.html","200","DUPLICATE","15.03.2025","","","",""
"https://xn--18-6kc5a3bxam.xn--p1ai/110045811.html","200","OTHER","26.03.2025","","","",""
"https://xn--18-6kc5a3bxam.xn--p1ai/110331165.html","200","DUPLICATE","15.03.2025","","","",""
"https://xn--18-6kc5a3bxam.xn--p1ai/110638431.html","200","DUPLICATE","15.03.2025","","","",""
"https://xn--18-6kc5a3bxam.xn--p1ai/110639676.html","200","DUPLICATE","15.03.2025","","","",""
"https://xn--18-6kc5a3bxam.xn--p1ai/110866515.html","200","DUPLICATE","15.03.2025","","","",""
"https://xn--18-6kc5a3bxam.xn--p1ai/111802257.html","200","OTHER","26.03.2025","","","",""
"https://xn--18-6kc5a3bxam.xn--p1ai/111949167.html","200","OTHER","26.03.2025","","","",""
"https://xn--18-6kc5a3bxam.xn--p1ai/112068687.html","200","DUPLICATE","15.03.2025","","","",""
"https://xn--18-6kc5a3bxam.xn--p1ai/11207253.html","200","OTHER","26.03.2025","","","",""
"https://xn--18-6kc5a3bxam.xn--p1ai/11239623.html","200","DUPLICATE","08.04.2025","","","",""
"https://xn--18-6kc5a3bxam.xn--p1ai/112837848.html","200","DUPLICATE","15.03.2025","","","",""
"https://xn--18-6kc5a3bxam.xn--p1ai/11319303.html","200","OTHER","26.03.2025","","","",""
"https://xn--18-6kc5a3bxam.xn--p1ai/113574888.html","200","DUPLICATE","15.03.2025","","","",""
"https://xn--18-6kc5a3bxam.xn--p1ai/114212826.html","200","OTHER","26.03.2025","","","",""
"https://xn--18-6kc5a3bxam.xn--p1ai/114771084.html","200","OTHER","26.03.2025","","","",""
"https://xn--18-6kc5a3bxam.xn--p1ai/114777558.html","200","DUPLICATE","15.03.2025","","","",""
"https://xn--18-6kc5a3bxam.xn--p1ai/114849270.html","200","DUPLICATE","15.03.2025","","","",""
"https://xn--18-6kc5a3bxam.xn--p1ai/117345744.html","200","OTHER","26.03.2025","","","",""
"https://xn--18-6kc5a3bxam.xn--p1ai/119686842.html","200","DUPLICATE","08.04.2025","","","",""
"https://xn--18-6kc5a3bxam.xn--p1ai/120859632.html","200","DUPLICATE","08.04.2025","","","",""
"https://xn--18-6kc5a3bxam.xn--p1ai/1229-2/","200","SEARCHABLE","25.08.2026","","","Сайт заблокирован хостинг-провайдером",""
"https://xn--18-6kc5a3bxam.xn--p1ai/123541611.html","200","DUPLICATE","07.05.2025","","","",""
"https://xn--18-6kc5a3bxam.xn--p1ai/123942003.html","200","OTHER","26.03.2025","","","",""
"https://xn--18-6kc5a3bxam.xn--p1ai/12515001.html","200","PARSE_ERROR","15.03.2025","","","",""
"https://xn--18-6kc5a3bxam.xn--p1ai/129110745.html","200","DUPLICATE","08.04.2025","","","",""
"https://xn--18-6kc5a3bxam.xn--p1ai/13069275.html","200","DUPLICATE","08.04.2025","","","",""
"https://xn--18-6kc5a3bxam.xn--p1ai/131353488.html","200","DUPLICATE","08.04.2025","","","",""
"https://xn--18-6kc5a3bxam.xn--p1ai/133815351.html","200","DUPLICATE","08.04.2025","","","",""
"https://xn--18-6kc5a3bxam.xn--p1ai/138830709.html","200","OTHER","26.03.2025","","","",""
"https://xn--18-6kc5a3bxam.xn--p1ai/140393682.html","200","DUPLICATE","08.04.2025","","","",""
"https://xn--18-6kc5a3bxam.xn--p1ai/140456430.html","200","DUPLICATE","08.04.2025","","","",""
"https://xn--18-6kc5a3bxam.xn--p1ai/140671317.html","200","OTHER","26.03.2025","","","",""
"https://xn--18-6kc5a3bxam.xn--p1ai/144343320.html","200","DUPLICATE","08.04.2025","","","",""
"https://xn--18-6kc5a3bxam.xn--p1ai/14723880.html","200","OTHER","26.03.2025","","","",""
"https://xn--18-6kc5a3bxam.xn--p1ai/14894196.html","200","DUPLICATE","08.04.2025","","","",""
"https://xn--18-6kc5a3bxam.xn--p1ai/14901666.html","200","DUPLICATE","08.04.2025","","","",""
"https://xn--18-6kc5a3bxam.xn--p1ai/150775737.html","200","OTHER","26.03.2025","","","",""
"https://xn--18-6kc5a3bxam.xn--p1ai/151814814.html","200","DUPLICATE","08.04.2025","","","",""
"https://xn--18-6kc5a3bxam.xn--p1ai/157354068.html","200","DUPLICATE","08.04.2025","","","",""
"https://xn--18-6kc5a3bxam.xn--p1ai/159393876.html","200","DUPLICATE","08.04.2025","","","",""
"https://xn--18-6kc5a3bxam.xn--p1ai/162858711.html","200","DUPLICATE","08.04.2025","","","",""
"https://xn--18-6kc5a3bxam.xn--p1ai/165434865.html","200","DUPLICATE","05.05.2025","","","",""
"https://xn--18-6kc5a3bxam.xn--p1ai/166684347.html","200","DUPLICATE","08.04.2025","","","",""
"https://xn--18-6kc5a3bxam.xn--p1ai/168448014.html","200","DUPLICATE","08.04.2025","","","",""
"https://xn--18-6kc5a3bxam.xn--p1ai/170972625.html","200","DUPLICATE","09.05.2025","","","",""
"https://xn--18-6kc5a3bxam.xn--p1ai/174668283.html","200","PARSE_ERROR","02.04.2025","","","",""
"https://xn--18-6kc5a3bxam.xn--p1ai/175175496.html","200","DUPLICATE","08.04.2025","","","",""
"https://xn--18-6kc5a3bxam.xn--p1ai/188163585.html","200","PARSE_ERROR","15.03.2025","","","",""
"https://xn--18-6kc5a3bxam.xn--p1ai/202837653.html","200","PARSE_ERROR","02.04.2025","","","",""
"https://xn--18-6kc5a3bxam.xn--p1ai/208234230.html","200","PARSE_ERROR","30.03.2025","","","",""
"https://xn--18-6kc5a3bxam.xn--p1ai/212966226.html","200","PARSE_ERROR","15.03.2025","","","",""
"https://xn--18-6kc5a3bxam.xn--p1ai/217108341.html","200","OTHER","02.05.2025","","","",""
"https://xn--18-6kc5a3bxam.xn--p1ai/218322714.html","200","OTHER","01.05.2025","","","",""
"https://xn--18-6kc5a3bxam.xn--p1ai/219024147.html","200","PARSE_ERROR","26.03.2025","","","",""
"https://xn--18-6kc5a3bxam.xn--p1ai/225464781.html","200","OTHER","30.04.2025","","","",""
"https://xn--18-6kc5a3bxam.xn--p1ai/227576799.html","200","PARSE_ERROR","15.03.2025","","","",""
"https://xn--18-6kc5a3bxam.xn--p1ai/227875848.html","200","OTHER","03.05.2025","","","",""
"https://xn--18-6kc5a3bxam.xn--p1ai/23090280.html","200","OTHER","02.05.2025","","","",""
"https://xn--18-6kc5a3bxam.xn--p1ai/231302586.html","200","OTHER","30.04.2025","","","",""
"https://xn--18-6kc5a3bxam.xn--p1ai/232879503.html","200","OTHER","02.05.2025","","","",""
"https://xn--18-6kc5a3bxam.xn--p1ai/235954902.html","200","OTHER","01.05.2025","","","",""
"https://xn--18-6kc5a3bxam.xn--p1ai/236668038.html","200","DUPLICATE","06.05.2025","","","",""
"https://xn--18-6kc5a3bxam.xn--p1ai/246707469.html","200","OTHER","01.05.2025","","","",""
"https://xn--18-6kc5a3bxam.xn--p1ai/248600367.html","200","OTHER","03.05.2025","","","",""
"https://xn--18-6kc5a3bxam.xn--p1ai/249511209.html","200","DUPLICATE","06.05.2025","","","",""
"https://xn--18-6kc5a3bxam.xn--p1ai/251668047.html","200","OTHER","02.05.2025","","","",""
"https://xn--18-6kc5a3bxam.xn--p1ai/252006936.html","200","OTHER","01.05.2025","","","",""
"https://xn--18-6kc5a3bxam.xn--p1ai/253937433.html","200","OTHER","30.04.2025","","","",""
"https://xn--18-6kc5a3bxam.xn--p1ai/254267358.html","200","OTHER","02.05.2025","","","",""
"https://xn--18-6kc5a3bxam.xn--p1ai/276379803.html","200","DUPLICATE","04.05.2025","","","",""
"https://xn--18-6kc5a3bxam.xn--p1ai/278164635.html","200","PARSE_ERROR","19.03.2025","","","",""
"https://xn--18-6kc5a3bxam.xn--p1ai/311889444.html","200","PARSE_ERROR","19.03.2025","","","",""
"https://xn--18-6kc5a3bxam.xn--p1ai/345949656.html","200","PARSE_ERROR","15.03.2025","","","",""
"https://xn--18-6kc5a3bxam.xn--p1ai/354436074.html","200","DUPLICATE","06.05.2025","","","",""
"https://xn--18-6kc5a3bxam.xn--p1ai/366824571.html","200","PARSE_ERROR","15.03.2025","","","",""
"https://xn--18-6kc5a3bxam.xn--p1ai/372130263.html","200","DUPLICATE","05.05.2025","","","",""
"https://xn--18-6kc5a3bxam.xn--p1ai/374615532.html","302","OTHER","01.06.2025","","","",""
"https://xn--18-6kc5a3bxam.xn--p1ai/377387898.html","200","PARSE_ERROR","05.04.2025","","","",""
"https://xn--18-6kc5a3bxam.xn--p1ai/387406662.html","200","DUPLICATE","06.05.2025","","","",""
"https://xn--18-6kc5a3bxam.xn--p1ai/425543751.html","200","DUPLICATE","05.05.2025","","","",""
"https://xn--18-6kc5a3bxam.xn--p1ai/426518088.html","200","PARSE_ERROR","02.04.2025","","","",""
"https://xn--18-6kc5a3bxam.xn--p1ai/433364343.html","200","PARSE_ERROR","15.03.2025","","","",""
"https://xn--18-6kc5a3bxam.xn--p1ai/434206461.html","200","PARSE_ERROR","26.03.2025","","","",""
"https://xn--18-6kc5a3bxam.xn--p1ai/448353396.html","200","PARSE_ERROR","26.04.2025","","","",""
"https://xn--18-6kc5a3bxam.xn--p1ai/45040626.html","200","DUPLICATE","05.05.2025","","","",""
"https://xn--18-6kc5a3bxam.xn--p1ai/453724077.html","200","DUPLICATE","03.05.2025","","","",""
"https://xn--18-6kc5a3bxam.xn--p1ai/45801819.html","200","PARSE_ERROR","15.03.2025","","","",""
"https://xn--18-6kc5a3bxam.xn--p1ai/465543360.html","200","PARSE_ERROR","15.03.2025","","","",""
"https://xn--18-6kc5a3bxam.xn--p1ai/482707677.html","200","PARSE_ERROR","19.03.2025","","","",""
"https://xn--18-6kc5a3bxam.xn--p1ai/505677678.html","200","PARSE_ERROR","15.03.2025","","","",""
"https://xn--18-6kc5a3bxam.xn--p1ai/534490713.html","200","DUPLICATE","04.05.2025","","","",""
"https://xn--18-6kc5a3bxam.xn--p1ai/537900021.html","200","PARSE_ERROR","02.04.2025","","","",""
"https://xn--18-6kc5a3bxam.xn--p1ai/569793933.html","200","PARSE_ERROR","15.03.2025","","","",""
"https://xn--18-6kc5a3bxam.xn--p1ai/580645104.html","200","PARSE_ERROR","19.03.2025","","","",""
"https://xn--18-6kc5a3bxam.xn--p1ai/585049665.html","200","PARSE_ERROR","15.03.2025","","","",""
"https://xn--18-6kc5a3bxam.xn--p1ai/587528211.html","200","PARSE_ERROR","19.03.2025","","","",""
"https://xn--18-6kc5a3bxam.xn--p1ai/596175981.html","200","PARSE_ERROR","15.03.2025","","","",""
"https://xn--18-6kc5a3bxam.xn--p1ai/597878145.html","302","OTHER","01.06.2025","","","",""
"https://xn--18-6kc5a3bxam.xn--p1ai/622255494.html","200","PARSE_ERROR","19.03.2025","","","",""
"https://xn--18-6kc5a3bxam.xn--p1ai/6286515.html","200","PARSE_ERROR","02.04.2025","","","",""
"https://xn--18-6kc5a3bxam.xn--p1ai/64235538.html","200","PARSE_ERROR","02.04.2025","","","",""
"https://xn--18-6kc5a3bxam.xn--p1ai/660397563.html","200","OTHER","06.05.2025","","","",""
"https://xn--18-6kc5a3bxam.xn--p1ai/660568128.html","200","OTHER","05.05.2025","","","",""
"https://xn--18-6kc5a3bxam.xn--p1ai/665635527.html","200","PARSE_ERROR","15.03.2025","","","",""
"https://xn--18-6kc5a3bxam.xn--p1ai/671466360.html","200","PARSE_ERROR","19.03.2025","","","",""
"https://xn--18-6kc5a3bxam.xn--p1ai/680746590.html","200","PARSE_ERROR","15.03.2025","","","",""
"https://xn--18-6kc5a3bxam.xn--p1ai/691694373.html","200","PARSE_ERROR","15.03.2025","","","",""
"https://xn--18-6kc5a3bxam.xn--p1ai/721581843.html","200","OTHER","02.05.2025","","","",""
"https://xn--18-6kc5a3bxam.xn--p1ai/722779284.html","200","OTHER","30.04.2025","","","",""
"https://xn--18-6kc5a3bxam.xn--p1ai/751369713.html","200","PARSE_ERROR","15.03.2025","","","",""
"https://xn--18-6kc5a3bxam.xn--p1ai/99296481.html","200","PARSE_ERROR","15.03.2025","","","",""
"https://xn--18-6kc5a3bxam.xn--p1ai/account/cart/","200","SEARCHABLE","03.09.2026","","","Корзина","Description"
"https://xn--18-6kc5a3bxam.xn--p1ai/account/docs/verstka/nakladnaya_ooo.php","200","SEARCHABLE","06.09.2026","","","","Description"
"https://xn--18-6kc5a3bxam.xn--p1ai/brendirovanie-avtomobilej-pishite-https-vk-com-cifraprint18-zvonite-79658423241/","404","HTTP_ERROR","12.09.2026","","","",""
"https://xn--18-6kc5a3bxam.xn--p1ai/catalog/","200","SEARCHABLE","14.09.2026","","","Каталог","Description"
"https://xn--18-6kc5a3bxam.xn--p1ai/catalog/detail.php?ID=1137","200","DUPLICATE","31.07.2025","","","",""
"https://xn--18-6kc5a3bxam.xn--p1ai/catalog/detail.php?ID=124","200","SEARCHABLE","05.05.2026","","","Каталог","Description"
"https://xn--18-6kc5a3bxam.xn--p1ai/catalog/detail.php?ID=1243","200","DUPLICATE","08.09.2026","","","Каталог","Description"
"https://xn--18-6kc5a3bxam.xn--p1ai/catalog/detail.php?ID=1255","200","SEARCHABLE","14.09.2025","","","Каталог","Description"
"https://xn--18-6kc5a3bxam.xn--p1ai/catalog/detail.php?ID=129","200","SEARCHABLE","26.02.2026","","","Каталог","Description"
"https://xn--18-6kc5a3bxam.xn--p1ai/catalog/detail.php?ID=415","200","SEARCHABLE","26.03.2026","","","Каталог","Description"
"https://xn--18-6kc5a3bxam.xn--p1ai/catalog/detail.php?ID=417","200","DUPLICATE","23.02.2026","","","",""
"https://xn--18-6kc5a3bxam.xn--p1ai/catalog/detail.php?ID=418","200","SEARCHABLE","17.07.2025","","","Каталог","Description"
"https://xn--18-6kc5a3bxam.xn--p1ai/catalog/detail.php?ID=420","200","DUPLICATE","08.09.2026","","","Каталог","Description"
"https://xn--18-6kc5a3bxam.xn--p1ai/catalog/detail.php?ID=421","200","SEARCHABLE","23.04.2026","","","Каталог","Description"
"https://xn--18-6kc5a3bxam.xn--p1ai/catalog/detail.php?ID=424","200","SEARCHABLE","03.03.2024","","","Каталог","Description"
"https://xn--18-6kc5a3bxam.xn--p1ai/catalog/detail.php?ID=426","200","DUPLICATE","02.08.2025","","","",""
"https://xn--18-6kc5a3bxam.xn--p1ai/catalog/detail.php?ID=430","200","DUPLICATE","14.08.2026","","","",""
"https://xn--18-6kc5a3bxam.xn--p1ai/catalog/detail.php?ID=44","200","DUPLICATE","08.09.2026","","","Каталог","Description"
"https://xn--18-6kc5a3bxam.xn--p1ai/catalog/detail.php?ID=47","200","DUPLICATE","19.12.2025","","","",""
"https://xn--18-6kc5a3bxam.xn--p1ai/catalog/detail.php?ID=48","200","SEARCHABLE","23.06.2026","","","Каталог","Description"
"https://xn--18-6kc5a3bxam.xn--p1ai/catalog/detail.php?ID=50","200","SEARCHABLE","22.04.2026","","","Каталог","Description"
"https://xn--18-6kc5a3bxam.xn--p1ai/catalog/detail.php?ID=52","200","OTHER","18.08.2026","","","",""
"https://xn--18-6kc5a3bxam.xn--p1ai/catalog/detail.php?ID=53","200","DUPLICATE","05.06.2025","","","",""
"https://xn--18-6kc5a3bxam.xn--p1ai/catalog/detail.php?ID=57","200","DUPLICATE","01.08.2025","","","",""
"https://xn--18-6kc5a3bxam.xn--p1ai/catalog/detail.php?ID=58","200","OTHER","25.07.2026","","","",""
"https://xn--18-6kc5a3bxam.xn--p1ai/catalog/detail.php?ID=63","200","SEARCHABLE","04.05.2026","","","Каталог","Description"
"https://xn--18-6kc5a3bxam.xn--p1ai/catalog/detail.php?ID=68","200","OTHER","25.07.2026","","","",""
"https://xn--18-6kc5a3bxam.xn--p1ai/catalog/detail.php?ID=69","200","DUPLICATE","20.02.2026","","","",""
"https://xn--18-6kc5a3bxam.xn--p1ai/catalog/detail.php?ID=721","200","DUPLICATE","31.07.2025","","","",""
"https://xn--18-6kc5a3bxam.xn--p1ai/catalog/detail.php?ID=722","200","SEARCHABLE","23.02.2026","","","Каталог","Description"
"https://xn--18-6kc5a3bxam.xn--p1ai/catalog/detail.php?ID=744","200","PARSE_ERROR","06.11.2024","","","",""
"https://xn--18-6kc5a3bxam.xn--p1ai/catalog/detail.php?ID=746","200","DUPLICATE","13.02.2026","","","",""
"https://xn--18-6kc5a3bxam.xn--p1ai/catalog/interer/","200","SEARCHABLE","14.09.2026","","","Интерьер | Цифра18.рф","Интерьер Типография Цифра18.рф г. Ижевск"
"https://xn--18-6kc5a3bxam.xn--p1ai/catalog/interer/fotooboi/","200","SEARCHABLE","12.09.2026","","","Бесшовные фотообои и фрески на заказ в Ижевске — Типография Цифра","Печать бесшовных фотообоев и фресок на заказ в Ижевске. Любые размеры, 3 текстуры, печать по вашим фото. Типография Цифра, ул. Песочная, 34."
"https://xn--18-6kc5a3bxam.xn--p1ai/catalog/interer/fotopostery-na-penokartone/","200","SEARCHABLE","12.09.2026","","","Фотопостеры на пенокартоне в Ижевске — печать недорого | Типография Цифра","Печать фотопостеров и картин на пенокартоне в Ижевске. Форматы от А4 до 100×140 см. Низкие цены, цифровая печать, быстрые сроки. Типография «Цифра»."
"https://xn--18-6kc5a3bxam.xn--p1ai/catalog/interer/kartiny-na-kholste/","200","SEARCHABLE","12.09.2026","","","Картины на холсте в Ижевске — заказать печать в типографии Цифра","Печать картин на холсте в Ижевске. Фотохолст, коллаж, репродукции, стилизация под живопись. Заказать в типографии Цифра."
"https://xn--18-6kc5a3bxam.xn--p1ai/catalog/interer/kartiny-na-kholste6473/","200","SEARCHABLE","14.09.2026","","","Картины на холсте индивидуального размера в Ижевске | Цифра","Закажите картину на холсте по вашему индивидуальному размеру в Ижевске. Превратите любимую фотографию в настоящее произведение искусства. Типография «Цифра»."
"https://xn--18-6kc5a3bxam.xn--p1ai/catalog/interer/pechat-na-kholste-v-rulone/","200","SEARCHABLE","14.09.2026","","","Печать на холсте в рулоне в Ижевске — Типография Цифра","Печать на холсте в рулоне в Ижевске. Натуральный хлопок, экосольвентные чернила, любой метраж от 0,5 м². Закажите онлайн в типографии «Цифра»."
"https://xn--18-6kc5a3bxam.xn--p1ai/catalog/interer/postery/","200","SEARCHABLE","14.09.2026","","","Печать постеров в Ижевске — Цифра","Печать цветных постеров любого формата в Ижевске. Полноцветная печать высокого качества для рекламы и мероприятий. Закажите в типографии Цифра!"
"https://xn--18-6kc5a3bxam.xn--p1ai/catalog/inzhenernaya-pechat/","200","SEARCHABLE","14.09.2026","","","Печать чертежей всех форматов А4, А3, А2, А1, А0 на плоттере г. Ижевск - Цифра18.рф","Наше скоростное оборудование позволит в считанные минуты напечатать как цветной, так и черно белый чертеж любого формата из программ Автокад, Компас и т.д. Лазерная и струйная печать обеспечит максимальное качество линий и корректное отображение шрифтов"
"https://xn--18-6kc5a3bxam.xn--p1ai/catalog/inzhenernaya-pechat/broshyurovka/","200","SEARCHABLE","14.09.2026","","","Брошюровка чертежей г. Ижевск | Цифра18.рф","Оперативная брошюровка чертежей г. Ижевск. Оформите брошюровку онлайн."
"https://xn--18-6kc5a3bxam.xn--p1ai/catalog/inzhenernaya-pechat/broshyurovka/pereplet-na-metallicheskuyu-pruzhinu-3-1/","200","DUPLICATE","14.09.2026","","","Переплет на металлическую пружину 3:1 в Ижевске | Типография Цифра","Переплет документов на металлическую пружину 3:1 в Ижевске. До 120 листов, квадратные отверстия. Минимальный заказ от 60 шт. Типография Цифра."
"https://xn--18-6kc5a3bxam.xn--p1ai/catalog/inzhenernaya-pechat/broshyurovka/pereplet-na-plastikovuyu-pruzhinu/","200","OTHER","08.08.2026","","","",""
"https://xn--18-6kc5a3bxam.xn--p1ai/catalog/inzhenernaya-pechat/broshyurovka/pereplet-na-skobu/","200","DUPLICATE","03.09.2026","","","",""
"https://xn--18-6kc5a3bxam.xn--p1ai/catalog/inzhenernaya-pechat/faltsovka/","200","SEARCHABLE","06.09.2026","","","Фальцовка чертежей в Ижевске | Цифра18.рф","Оказываем услугу фальцовки чертежей в Ижевске, быстро и качественно"
"https://xn--18-6kc5a3bxam.xn--p1ai/catalog/inzhenernaya-pechat/faltsovka/faltsovka-do-a3/","200","SEARCHABLE","03.09.2026","","","Фальцовка чертежей до А3 в Ижевске | Типография Цифра","Фальцовка чертежей до формата А3 в Ижевске. Автоматическая фальцовка крупноформатной документации. Типография «Цифра» — точность и скорость."
"https://xn--18-6kc5a3bxam.xn--p1ai/catalog/inzhenernaya-pechat/faltsovka/faltsovka-do-a4/","200","SEARCHABLE","02.09.2026","","","Фальцовка до А4 в Ижевске — Типография Цифра","Профессиональная фальцовка до А4 в Ижевске. Быстрое складывание чертежей и документов. От 5 руб./шт. Типография Цифра."
"https://xn--18-6kc5a3bxam.xn--p1ai/catalog/inzhenernaya-pechat/kserokopiya/","200","SEARCHABLE","04.09.2026","","","Ксерокопия чертежей всех форматов А4, А3, А2, А1, А0 на плоттере г. Ижевск | Цифра18.рф","Ксерокопия чертежей всех форматов А4, А3, А2, А1, А0 на плоттере г. Ижевск. Быстро, качественно."
"https://xn--18-6kc5a3bxam.xn--p1ai/catalog/inzhenernaya-pechat/kserokopiya/kserokopiya-a2-a0/","200","SEARCHABLE","09.09.2026","","","Ксерокопия и сканирование А2–А0 в Ижевске — Типография Цифра","Широкоформатное сканирование и ксерокопия А2, А1, А0 в Ижевске. Оцифровка чертежей, плакатов, документов с высоким разрешением. Типография «Цифра»."
"https://xn--18-6kc5a3bxam.xn--p1ai/catalog/inzhenernaya-pechat/kserokopiya/kserokopiya-a4-a3/","200","SEARCHABLE","25.07.2026","","","Ксерокопия А4 и А3 в Ижевске — Типография «Цифра»","Ксерокопия А4 и А3 в Ижевске. Чёрно-белое и цветное копирование документов по доступным ценам. Быстро, качественно, рядом."
"https://xn--18-6kc5a3bxam.xn--p1ai/catalog/inzhenernaya-pechat/pechat-chertezhey-proektnoy-dokumentatsii/","200","SEARCHABLE","14.09.2026","","","Печать чертежей всех форматов А4, А3, А2, А1, А0 на плоттере г. Ижевск - Цифра18.рф","Наше скоростное оборудование позволит в считанные минуты напечатать как цветной, так и черно белый чертеж любого формата из программ Автокад, Компас и т.д. Лазерная и струйная печать обеспечит максимальное качество линий и корректное отображение шрифтов"
"https://xn--18-6kc5a3bxam.xn--p1ai/catalog/inzhenernaya-pechat/pechat-chertezhey-proektnoy-dokumentatsii/pechat-chertezhey/","200","SEARCHABLE","14.09.2026","","","Цветная печать чертежей в Ижевске | Типография Цифра","Качественная цветная печать чертежей форматов А4-А0 в Ижевске. Точная цветопередача, плоттерная печать, фальцовка и брошюровка по ГОСТ. Закажите сейчас!"
"https://xn--18-6kc5a3bxam.xn--p1ai/catalog/inzhenernaya-pechat/pechat-chertezhey-proektnoy-dokumentatsii/pechat-chertezhey7148/","200","SEARCHABLE","09.09.2026","","","Печать чертежей ч/б в Ижевске — Типография Цифра","Печать черно-белых чертежей любых форматов в Ижевске. От 35 руб./шт. Быстро, качественно, с доставкой. Типография «Цифра» — 18 лет опыта."
"https://xn--18-6kc5a3bxam.xn--p1ai/catalog/inzhenernaya-pechat/skanirovanie/","200","SEARCHABLE","14.09.2026","","","Сканирование чертежей, плакатов, картин, фотографий А3, А2, А1, А0 г. Ижевск | Цифра18.рф","Широкоформатное сканирование в цвете и монохроме до 1.2 метра шириной с высоким разрешением до 600 взш позволит сохранить большие форматы в электронном виде, для дальнейшей обработки и печати"
"https://xn--18-6kc5a3bxam.xn--p1ai/catalog/inzhenernaya-pechat/skanirovanie/ckanirovanie/","200","SEARCHABLE","10.09.2026","","","Широкоформатное сканирование до А0+ в Ижевске — Типография Цифра","Профессиональное широкоформатное сканирование чертежей, плакатов и документов до А0+ в Ижевске. Оцифровка с высоким разрешением. Типография Цифра."
"https://xn--18-6kc5a3bxam.xn--p1ai/catalog/inzhenernaya-pechat/skanirovanie/ckanirovanie3229/","200","SEARCHABLE","19.08.2026","","","Сканирование А4 и А3 в Ижевске — Типография Цифра","Профессиональное сканирование документов А4-А3 в Ижевске. Оцифровка чертежей, плакатов, архивов. Высокое качество, распознавание текста, быстрые сроки."
"https://xn--18-6kc5a3bxam.xn--p1ai/catalog/mobilnye-stendy/","200","SEARCHABLE","08.09.2026","","","Изготовление мобильных стендов: roll-up, Х-banner, L-banner, штендеров и пресс-волл | Цифра18.рф","Изготавливаем и сдаем в аренду мобильные выставочные стенды для презентаций, внутренней рекламы и промоакций, широкий выбор в наличии и на заказ"
"https://xn--18-6kc5a3bxam.xn--p1ai/catalog/mobilnye-stendy/arenda-press-voll/","200","SEARCHABLE","12.09.2026","","","Аренда пресс-волл в Ижевске | Типография Цифра","Аренда пресс-волл в Ижевске в типографии Цифра. Мобильные стенды с печатью на баннерной ткани. Доступные цены, быстрая подготовка, доставка. Закажите по телефону или на сайте."
"https://xn--18-6kc5a3bxam.xn--p1ai/catalog/mobilnye-stendy/kh-banner/","200","SEARCHABLE","14.09.2026","","","Х-баннеры в Ижевске – заказать напольный рекламный стенд | Типография Цифра","Изготовление Х-баннеров в Ижевске. Алюминиевая конструкция, полноцветная печать на баннере. Быстро, недорого. Звоните!"
"https://xn--18-6kc5a3bxam.xn--p1ai/catalog/mobilnye-stendy/l-banner/","200","SEARCHABLE","12.09.2026","","","L-banner заказать в Ижевске – производство рекламных стендов в типографии Цифра","Профессиональные L-banner из Ижевска. Односторонние рекламные стенды на металлических планках с углепластиком. Ламинированная фотобумага, баннерная ткань, сетка. Сумка-чехол в комплекте. Закажите по адресу ул. Песочная, 34."
"https://xn--18-6kc5a3bxam.xn--p1ai/catalog/mobilnye-stendy/press-voll/","200","SEARCHABLE","14.09.2026","","","Пресс-волл в Ижевске — изготовление и печать | Типография Цифра","Закажите пресс-волл с хромированной трубой в Ижевске. Печать на баннерной ткани, быстрые сроки, доставка по городу. Работаем с 2006 года."
"https://xn--18-6kc5a3bxam.xn--p1ai/catalog/mobilnye-stendy/roll-up/","200","OTHER","17.08.2026","","","",""
"https://xn--18-6kc5a3bxam.xn--p1ai/catalog/mobilnye-stendy/roll-up2950/","200","DUPLICATE","12.09.2026","","","Каталог","Description"
"https://xn--18-6kc5a3bxam.xn--p1ai/catalog/mobilnye-stendy/roll-up29504512/","200","OTHER","01.08.2026","","","",""
"https://xn--18-6kc5a3bxam.xn--p1ai/catalog/mobilnye-stendy/roll-up295045124997/","200","SEARCHABLE","30.08.2026","","","Каталог","Description"
"https://xn--18-6kc5a3bxam.xn--p1ai/catalog/mobilnye-stendy/roll-up2950451249975881/","200","SEARCHABLE","12.09.2026","","","ROLL-UP 2x3 м – купить мобильный стенд в Ижевске | Типография Цифра","Изготовление roll-up 2x3 м в Ижевске. Широкоформатная печать на баннере. Быстрая сборка, качественные материалы. Закажите в типографии Цифра."
"https://xn--18-6kc5a3bxam.xn--p1ai/catalog/mobilnye-stendy/shtender-s-klik-ramkoy/","200","SEARCHABLE","19.08.2026","","","Каталог","Description"
"https://xn--18-6kc5a3bxam.xn--p1ai/catalog/mobilnye-stendy/shtender/","200","SEARCHABLE","12.09.2026","","","Штендеры на заказ в Ижевске – изготовление по выгодной цене | Типография Цифра","Профессиональное изготовление штендеров в Ижевске. Любые размеры, двусторонние, с карманами. УФ-печать, ламинация. Срок от 1 дня. Закажите по тел. или в мессенджере."
"https://xn--18-6kc5a3bxam.xn--p1ai/catalog/poligrafiya/","200","SEARCHABLE","14.09.2026","","","Оперативная полиграфия г. Ижевск | Цифра18.рф","Полиграфия Типография Цифра18.рф г. Ижевск"
"https://xn--18-6kc5a3bxam.xn--p1ai/catalog/poligrafiya/beydzhi/","200","SEARCHABLE","14.09.2026","","","Изготовим бейджи из металла и пластика. г. Ижевск. | Цифра18.рф","Изготовление престижных бейджей из металла и пластика на собственном производстве. Гарантируем высокое качество и печать в срок. Обращайтесь, у нас богатый опыт."
"https://xn--18-6kc5a3bxam.xn--p1ai/catalog/poligrafiya/beydzhi/beydzh-metallicheskiy/","200","DUPLICATE","01.09.2026","","","",""
"https://xn--18-6kc5a3bxam.xn--p1ai/catalog/poligrafiya/beydzhi/beydzh-plastikovyy/","200","OTHER","03.09.2026","","","",""
"https://xn--18-6kc5a3bxam.xn--p1ai/catalog/poligrafiya/beydzhi/beydzh-plastikovyy2506/","200","OTHER","19.08.2026","","","",""
"https://xn--18-6kc5a3bxam.xn--p1ai/catalog/poligrafiya/bloknoty/","200","SEARCHABLE","14.09.2026","","","Печать на блокнотах г. Ижевск | Цифра18.рф","Блокноты Типография Цифра18.рф г. Ижевск"
"https://xn--18-6kc5a3bxam.xn--p1ai/catalog/poligrafiya/bloknoty/pechat-bloknotov-a5/","200","OTHER","19.08.2026","","","",""
"https://xn--18-6kc5a3bxam.xn--p1ai/catalog/poligrafiya/bloknoty/pechat-bloknotov-a56514/","200","DUPLICATE","24.08.2026","","","",""
"https://xn--18-6kc5a3bxam.xn--p1ai/catalog/poligrafiya/bloknoty/pechat-bloknotov-a6/","200","OTHER","02.06.2026","","","",""
"https://xn--18-6kc5a3bxam.xn--p1ai/catalog/poligrafiya/bloknoty/pechat-bloknotov-a62904/","200","OTHER","06.08.2026","","","",""
"https://xn--18-6kc5a3bxam.xn--p1ai/catalog/poligrafiya/kalendari/","200","SEARCHABLE","15.09.2026","","","Печать и изготовление квартальных календарей на 2027 год г. Ижевск | Цифра18.рф","Мы, в Типографии Цифра , предлагаем Вам квартальные, настенные, перекидные, плакатные, настольные, карманные и другие виды данных изделий. Вы можете заказать их у нас как в стандартном, так и в индивидуальном исполнении."
"https://xn--18-6kc5a3bxam.xn--p1ai/catalog/poligrafiya/kalendari/kalendar-domik-perekidnoy/","200","DUPLICATE","24.02.2026","","","",""
"https://xn--18-6kc5a3bxam.xn--p1ai/catalog/poligrafiya/kalendari/kalendar-domik-samosbornyy/","200","SEARCHABLE","03.09.2026","","","Календарь «домик» самосборный – заказать в типографии Ижевск | Цифра","Самосборные календари-домики с печатью в Ижевске. Низкие цены, быстрые сроки. Стильная сувенирная продукция для рекламы. Звоните!"
"https://xn--18-6kc5a3bxam.xn--p1ai/catalog/poligrafiya/kalendari/kalendar-karmannyy/","200","SEARCHABLE","09.09.2026","","","Карманные календари на заказ в Ижевске | Типография Цифра (Цена от 4 руб.)","Изготовление карманных календарей в Ижевске. Минимальный тираж от 50 штук. Полноцветная печать, ламинация, скругление углов. Закажите рекламные календари по выгодной цене."
"https://xn--18-6kc5a3bxam.xn--p1ai/catalog/poligrafiya/kalendari/kvartalnye-3v1/","200","SEARCHABLE","11.09.2026","","","Квартальный календарь «Мини 3в1» — заказать в Ижевске | Типография Цифра","Квартальный календарь «Мини 3в1» от типографии Цифра в Ижевске. Компактный формат, 9 месяцев, яркая печать. Цена от 240 руб. Срочное изготовление. Закажите сейчас!"
"https://xn--18-6kc5a3bxam.xn--p1ai/catalog/poligrafiya/kalendari/kvartalnye/","200","SEARCHABLE","18.12.2025","","","Каталог","Description"
"https://xn--18-6kc5a3bxam.xn--p1ai/catalog/poligrafiya/kalendari/kvartalnyy-kalendar-na-3-pruzhiny-2022-god-biznes/","200","DUPLICATE","13.02.2026","","","",""
"https://xn--18-6kc5a3bxam.xn--p1ai/catalog/poligrafiya/kalendari/nastennyy-kalendar-s-perekidnymi-listami/","200","SEARCHABLE","24.08.2026","","","Настенный календарь с перекидными листами в Ижевске | Типография Цифра","Закажите настенный перекидной календарь в типографии Цифра (Ижевск). Высокое качество печати, индивидуальный дизайн. Оперативная печать от 1 штуки. Звоните!"
"https://xn--18-6kc5a3bxam.xn--p1ai/catalog/poligrafiya/karty-plastikovye/","200","SEARCHABLE","10.09.2026","","","Изготовление пластиковых карт в Ижевске | Типография «Цифра»","Заказать пластиковые карты в Ижевске. Типография Цифра: печать, эмбоссирование, чипы, магнитная полоса. Минимальный тираж 50 шт. Срок от 3 дней. Звоните!"
"https://xn--18-6kc5a3bxam.xn--p1ai/catalog/poligrafiya/karty-plastikovye/karty-plastikovye/","200","SEARCHABLE","05.09.2026","","","Изготовление пластиковых карт в Ижевске | Типография «Цифра»","Заказать пластиковые карты в Ижевске. Типография Цифра: печать, эмбоссирование, чипы, магнитная полоса. Минимальный тираж 50 шт. Срок от 3 дней. Звоните!"
"https://xn--18-6kc5a3bxam.xn--p1ai/catalog/poligrafiya/konverty/","200","SEARCHABLE","03.09.2026","","","Конверты белые с печатью в Ижевске — типография «Цифра»","Заказать белые конверты с печатью в Ижевске. Тираж от 7 шт. Форматы DL, C5, C4, B5. Нанесение логотипа. Доставка по Ижевску."
"https://xn--18-6kc5a3bxam.xn--p1ai/catalog/poligrafiya/laminirovanie/","200","SEARCHABLE","14.09.2026","","","Ламинирование документов, плакатов, постеров А5, А4, А3, А2, А1, А0 в Ижевске | Цифра18.рф","Холодная и горячая ламинация, рулонная и пакетная. Глянцевая и матовая плнека плотностью от 30 до 250 микрон. Фольгирование"
"https://xn--18-6kc5a3bxam.xn--p1ai/catalog/poligrafiya/laminirovanie/goryachee-rulonnoe-laminirovanie/","200","SEARCHABLE","12.09.2026","","","Горячее рулонное ламинирование в Ижевске — Типография Цифра","Горячее рулонное ламинирование в Ижевске. Защита документов, плакатов, баннеров. Ширина до 1,6 м. Матовая и глянцевая пленка. Звоните!"
"https://xn--18-6kc5a3bxam.xn--p1ai/catalog/poligrafiya/laminirovanie/laminirovanie-teploe-shtrokoformatnoe/","200","SEARCHABLE","08.09.2026","","","Теплое широкоформатное ламинирование в Ижевске — Типография Цифра","Теплое широкоформатное ламинирование до 1,6 м в Ижевске. Защита баннеров, плакатов и рекламы от влаги и УФ. Типография «Цифра» — качественно и быстро."
"https://xn--18-6kc5a3bxam.xn--p1ai/catalog/poligrafiya/laminirovanie/paketnoe-laminirovanie/","200","SEARCHABLE","11.09.2026","","","Пакетное ламинирование документов в Ижевске — типография Цифра","Пакетное ламинирование документов, плакатов, бейджей и фотографий в Ижевске. Форматы от А4 до А0, матовая и глянцевая плёнка. Быстро и качественно в типографии «Цифра»."
"https://xn--18-6kc5a3bxam.xn--p1ai/catalog/poligrafiya/laminirovanie/paketnoe-laminirovanie5491/","200","DUPLICATE","01.09.2026","","","",""
"https://xn--18-6kc5a3bxam.xn--p1ai/catalog/poligrafiya/laminirovanie/paketnoe-laminirovanie8235/","200","OTHER","19.08.2026","","","",""
"https://xn--18-6kc5a3bxam.xn--p1ai/catalog/poligrafiya/laminirovanie/shirokoformatnoe-teploe-laminirovanie/","200","SEARCHABLE","11.09.2026","","","Ламинирование теплое станд. листами в Ижевске — Типография Цифра","Теплое ламинирование документов, плакатов, фото стандартными листами в Ижевске. Форматы А4–А0, глянцевая и матовая пленка. Быстро, качественно, недорого."
"https://xn--18-6kc5a3bxam.xn--p1ai/catalog/poligrafiya/listovki-ofsetnaya-pechat/","200","SEARCHABLE","09.09.2026","","","Оперативная полиграфия г. Ижевск | Цифра18.рф","Листовки офсетная печать Типография Цифра18.рф г. Ижевск"
"https://xn--18-6kc5a3bxam.xn--p1ai/catalog/poligrafiya/listovki-ofsetnaya-pechat/evroflaer4185725/","200","DUPLICATE","03.09.2026","","","",""
"https://xn--18-6kc5a3bxam.xn--p1ai/catalog/poligrafiya/listovki-ofsetnaya-pechat/liflet60183579/","200","OTHER","03.09.2026","","","",""
"https://xn--18-6kc5a3bxam.xn--p1ai/catalog/poligrafiya/listovki-ofsetnaya-pechat/pechat-listovok-a326346200/","200","DUPLICATE","22.02.2026","","","",""
"https://xn--18-6kc5a3bxam.xn--p1ai/catalog/poligrafiya/listovki-ofsetnaya-pechat/pechat-listovok-a43213/","200","DUPLICATE","06.08.2026","","","",""
"https://xn--18-6kc5a3bxam.xn--p1ai/catalog/poligrafiya/listovki-ofsetnaya-pechat/pechat-listovok-a56030/","200","DUPLICATE","02.09.2026","","","",""
"https://xn--18-6kc5a3bxam.xn--p1ai/catalog/poligrafiya/listovki-ofsetnaya-pechat/pechat-listovok-a62286/","200","DUPLICATE","03.09.2026","","","",""
"https://xn--18-6kc5a3bxam.xn--p1ai/catalog/poligrafiya/listovki-ofsetnaya-pechat/pechat-listovok-a718530/","200","DUPLICATE","03.09.2026","","","",""
"https://xn--18-6kc5a3bxam.xn--p1ai/catalog/poligrafiya/listovki-tsifrovaya-pechat/","200","SEARCHABLE","09.09.2026","","","Печать листовок, флаеров и евро буклетов формата А6, А5, А4, А3 в г. Ижевск | Цифра18.рф","Мы печатаем на офсете и цифровых машинах любую листовую продукцию для раздачи. Современное оборудование и оптимизация по закупке расходных материалов позволяет удерживать конкурентные цены и высокую скорость производства"
"https://xn--18-6kc5a3bxam.xn--p1ai/catalog/poligrafiya/listovki-tsifrovaya-pechat/evroflaer/","200","DUPLICATE","06.09.2026","","","Каталог","Description"
"https://xn--18-6kc5a3bxam.xn--p1ai/catalog/poligrafiya/listovki-tsifrovaya-pechat/liflet/","200","DUPLICATE","04.09.2026","","","",""
"https://xn--18-6kc5a3bxam.xn--p1ai/catalog/poligrafiya/listovki-tsifrovaya-pechat/pechat-listovok-a5/","200","SEARCHABLE","10.09.2026","","","Печать листовок А5 в Ижевске — типография «Цифра» | от 1 шт.","Закажите печать листовок А5 в Ижевске. Оперативно, качественно, недорого. Офсет и цифра. Мелованная бумага. ✓ Скидки на тиражи. Звоните!"
"https://xn--18-6kc5a3bxam.xn--p1ai/catalog/poligrafiya/listovki-tsifrovaya-pechat/pechat-listovok-a6/","200","SEARCHABLE","07.09.2026","","","Печать листовок А6 в Ижевске — Типография Цифра","Закажите печать листовок А6 в Ижевске. Офсетная и цифровая печать, мелованная бумага. Низкие цены от 1,5 руб/шт. Срочно. Звоните!"
"https://xn--18-6kc5a3bxam.xn--p1ai/catalog/poligrafiya/listovki-tsifrovaya-pechat/pechat-listovok-a71/","200","DUPLICATE","03.09.2026","","","",""
"https://xn--18-6kc5a3bxam.xn--p1ai/catalog/poligrafiya/pakety/","200","SEARCHABLE","15.09.2026","","","Печать на пакетах г. Ижевск | Цифра18.рф","Пакеты Типография Цифра18.рф г. Ижевск"
"https://xn--18-6kc5a3bxam.xn--p1ai/catalog/poligrafiya/pakety/kraft-pakety/","200","DUPLICATE","03.09.2026","","","",""
"https://xn--18-6kc5a3bxam.xn--p1ai/catalog/poligrafiya/pakety/kraft-pakety9654/","200","OTHER","19.08.2026","","","",""
"https://xn--18-6kc5a3bxam.xn--p1ai/catalog/poligrafiya/pechat-belym-tonerom/","200","SEARCHABLE","14.09.2026","","","Печать белым тонером в Ижевске — Типография Цифра","Печать белым тонером на тёмных материалах в Ижевске. Визитки, пригласительные, этикетки, постеры. Цифровая печать A3. Конкурентные цены."
"https://xn--18-6kc5a3bxam.xn--p1ai/catalog/poligrafiya/pechat-belym-tonerom/pechat-belym-tonerom/","200","DUPLICATE","03.09.2026","","","",""
"https://xn--18-6kc5a3bxam.xn--p1ai/catalog/poligrafiya/pechat-na-papkakh-ugolkakh/","200","SEARCHABLE","06.09.2026","","","Каталог","Description"
"https://xn--18-6kc5a3bxam.xn--p1ai/catalog/poligrafiya/pechat-na-papkakh-ugolkakh/papka-na-knopke/","200","DUPLICATE","19.08.2026","","","",""
"https://xn--18-6kc5a3bxam.xn--p1ai/catalog/poligrafiya/pechat-na-papkakh-ugolkakh/pechat-na-papkakh-ugolkakh-i-faylakh/","200","DUPLICATE","06.08.2026","","","",""
"https://xn--18-6kc5a3bxam.xn--p1ai/catalog/poligrafiya/pechat-na-papkakh-ugolkakh/pechat-na-papkakh-ugolkakh-i-faylakh3478/","200","DUPLICATE","03.09.2026","","","",""
"https://xn--18-6kc5a3bxam.xn--p1ai/catalog/poligrafiya/pechat-na-samokleyashchikhsya-materialakh/","200","SEARCHABLE","14.09.2026","","","Печать на самоклеящихся материалах г. Ижевск | Цифра18.рф","Печать на самоклеящихся материалах Типография Цифра18.рф г. Ижевск"
"https://xn--18-6kc5a3bxam.xn--p1ai/catalog/poligrafiya/pechat-na-samokleyashchikhsya-materialakh/listovaya-pechat-na-samokl-plenke-pechat-do-sra3/","200","DUPLICATE","27.02.2026","","","",""
"https://xn--18-6kc5a3bxam.xn--p1ai/catalog/poligrafiya/pechat-na-samokleyashchikhsya-materialakh/pechat-kruglykh-nakleek1931/","200","SEARCHABLE","06.09.2026","","","Каталог","Description"
"https://xn--18-6kc5a3bxam.xn--p1ai/catalog/poligrafiya/plotternaya-rezka/","200","SEARCHABLE","12.09.2026","","","Плоттерная резка г. Ижевск | Цифра18.рф","Плоттерная резка Типография Цифра18.рф г. Ижевск"
"https://xn--18-6kc5a3bxam.xn--p1ai/catalog/poligrafiya/plotternaya-rezka/plotternaya-rezka-listami-a3/","200","DUPLICATE","11.09.2026","","","Каталог","Description"
"https://xn--18-6kc5a3bxam.xn--p1ai/catalog/poligrafiya/plotternaya-rezka/plotternaya-rezka-listami-a31255/","200","SEARCHABLE","09.09.2026","","","Рулонная плоттерная резка пленки до 1,6 м в Ижевске — Цифра","Плоттерная резка самоклеящейся пленки ПВХ до 1,6 м в Ижевске. Печать на пленке с резкой по меткам. Минимальный заказ от 0,25 м². Типография Цифра."
"https://xn--18-6kc5a3bxam.xn--p1ai/catalog/poligrafiya/rizografiya/","200","SEARCHABLE","14.09.2026","","","Ризография от производителя. Быстро и недорого | Цифра18.рф","Скоростная дешевая печать черно белых листовок, обьявлений и документов на ризографе А4 и А3. Также печатаем в цвете на плоттере чертежи, постеры плакаты из любых программ в т.ч. Компас, Автокад. Любые форматы - А4, А3"
"https://xn--18-6kc5a3bxam.xn--p1ai/catalog/poligrafiya/rizografiya/rizografiya-a4/","200","SEARCHABLE","14.09.2026","","","Ризография А3 в Ижевске – заказать чёрно-белую печать больших тиражей | Типография Цифра","Ризография А3 в Ижевске от типографии «Цифра». Быстрая и дешёвая чёрно-белая печать бланков, методичек, листовок. Тиражи от 50 листов. Срок от 1 часа. Звоните!"
"https://xn--18-6kc5a3bxam.xn--p1ai/catalog/poligrafiya/rizografiya/rizografiya-a41169/","200","SEARCHABLE","09.09.2026","","","Ризография А4 в Ижевске | Типография Цифра","Оперативная черно-белая ризография А4 в Ижевске. Печать больших тиражей бланков, методичек, листовок. Низкие цены, быстрые сроки. Закажите!"
"https://xn--18-6kc5a3bxam.xn--p1ai/catalog/poligrafiya/tsifrovaya-pechat/","200","SEARCHABLE","14.09.2026","","","Цветная и черно-белая печать А4, А3, А2, А1, А0 г. Ижевск | Цифра18.рф","Печатаем на профессиональном современном оборудовании любых форматов А4, А3, А2, А1 и А0. Чертежи, постеры, плакаты, большие фотографии. Недорого. Доставка."
"https://xn--18-6kc5a3bxam.xn--p1ai/catalog/poligrafiya/tsifrovaya-pechat/tsifrovaya-a4/","200","OTHER","19.08.2026","","","",""
"https://xn--18-6kc5a3bxam.xn--p1ai/catalog/poligrafiya/tsifrovaya-pechat/tsifrovaya-listovaya-lazernaya-pechat-a3/","200","SEARCHABLE","14.09.2026","","","Цифровая листовая лазерная печать А3+ в Ижевске | Типография Цифра","Профессиональная цифровая листовая лазерная печать формата А3+ в Ижевске. Высокое качество, оперативные сроки, конкурентные цены. Печать на мелованной бумаге, дизайнерском картоне, самоклеящейся пленке. Закажите прямо сейчас!"
"https://xn--18-6kc5a3bxam.xn--p1ai/catalog/poligrafiya/uf-pechat1/","200","SEARCHABLE","14.09.2026","","","УФ печать на дереве, плитке, стекле, пластике, металле, зеркалах г. Ижевск | Цифра18.рф","Уф-печать отлично сохраняется на дереве, плитке, силикатном стекле, мебели (МДФ, фасады, отделочные панели), пластике, металле, зеркалах, камне и других материалах."
"https://xn--18-6kc5a3bxam.xn--p1ai/catalog/poligrafiya/uf-pechat1/uf-pechat-do-150sm2/","200","SEARCHABLE","12.09.2026","","","УФ печать до 150 см² в Ижевске | Типография Цифра","Закажите УФ печать на небольших предметах площадью до 150 см². Высокое качество, стойкость, любые материалы. Типография Цифра в Ижевске. Звоните!"
"https://xn--18-6kc5a3bxam.xn--p1ai/catalog/poligrafiya/vizitki/","200","SEARCHABLE","14.09.2026","","","Печать визиток от 90 копеек, сроки от 1 часа. г. Ижевск | Цифра18.рф","Изготовим визитки с вашим макетом от 100 штук, сроки 1 час, цифровая печать, офсетная печать. При необходимости разработаем дизайн. Уникальное предложение - печать визиток белым цветом на темных материалах!"
"https://xn--18-6kc5a3bxam.xn--p1ai/catalog/poligrafiya/vizitki/pechat-standartnykh-vizitok/","200","OTHER","19.08.2026","","","",""
"https://xn--18-6kc5a3bxam.xn--p1ai/catalog/poligrafiya/vizitki/pechat-standartnykh-vizitok3362/","200","DUPLICATE","19.08.2026","","","",""
"https://xn--18-6kc5a3bxam.xn--p1ai/catalog/poligrafiya/vizitki/vizitki-na-chernom-kartone/","200","SEARCHABLE","31.08.2026","","","Визитки на черном картоне в Ижевске — элитная печать | Типография Цифра","Закажите премиальные визитки на черном картоне в типографии Цифра (Ижевск). УФ-печать белым цветом, фольгирование, тиснение. Высокое качество. Звоните!"
"https://xn--18-6kc5a3bxam.xn--p1ai/catalog/poligrafiya/vizitki/vizitki-na-dizaynerskom-kartone/","200","SEARCHABLE","04.09.2026","","","Визитки на дизайнерском картоне в Ижевске | Типография Цифра","Печать элитных визиток на дизайнерском картоне в Ижевске. Более 50 видов фактур, тиснение фольгой, конгрев. Сроки от 1 дня. Закажите в типографии Цифра!"
"https://xn--18-6kc5a3bxam.xn--p1ai/catalog/poligrafiya/vizitki/vizitki-na-krafte/","200","DUPLICATE","04.09.2026","","","",""
"https://xn--18-6kc5a3bxam.xn--p1ai/catalog/poligrafiya/vizitki/vizitki-na-plastike/","200","OTHER","22.08.2026","","","",""
"https://xn--18-6kc5a3bxam.xn--p1ai/catalog/poligrafiya/vizitki/vizitki-s-laminatsiey-soft-tach/","200","SEARCHABLE","03.09.2026","","","Визитки с ламинацией софт тач в Ижевске — заказать по цене от 10 руб | Типография Цифра","Закажите визитки с ламинацией софт тач в Ижевске. Бархатистое покрытие, премиальный вид. Печать от 100 шт. Срочно. Доставка. Низкие цены. Звоните!"
"https://xn--18-6kc5a3bxam.xn--p1ai/catalog/reklama-stendy/izgotovlenie-tablichek-stendov/","200","DUPLICATE","08.09.2026","","","Каталог","Description"
"https://xn--18-6kc5a3bxam.xn--p1ai/catalog/reklama-stendy/izgotovlenie-tablichek-stendov/karman-pet-/","200","SEARCHABLE","09.09.2026","","","Каталог","Description"
"https://xn--18-6kc5a3bxam.xn--p1ai/catalog/reklama-stendy/shirokoformatnaya-pechat/","200","SEARCHABLE","28.02.2026","","","Каталог","Description"
"https://xn--18-6kc5a3bxam.xn--p1ai/catalog/reklama-stendy/shirokoformatnaya-pechat/pechat-na-bannere-shirinoy-do-1-6m/","200","DUPLICATE","03.09.2026","","","",""
"https://xn--18-6kc5a3bxam.xn--p1ai/catalog/reklama-stendy/shirokoformatnaya-pechat/pechat-na-plenke-gray-back/","200","SEARCHABLE","28.02.2026","","","Каталог","Description"
"https://xn--18-6kc5a3bxam.xn--p1ai/catalog/reklama-stendy/shirokoformatnaya-pechat/pechat-na-plenke/","200","OTHER","07.07.2026","","","",""
"https://xn--18-6kc5a3bxam.xn--p1ai/catalog/reklama-stendy/shirokoformatnaya-pechat/pechat-na-posternoy-bumage/","200","OTHER","03.09.2026","","","",""
"https://xn--18-6kc5a3bxam.xn--p1ai/catalog/reklama/izgotovlenie-tablichek-stendov/","200","SEARCHABLE","05.09.2026","","","Каталог","Description"
"https://xn--18-6kc5a3bxam.xn--p1ai/catalog/reklama/shirokoformatnaya-pechat/","200","DUPLICATE","12.09.2026","","","Каталог","Description"
"https://xn--18-6kc5a3bxam.xn--p1ai/catalog/reklama/shirokoformatnaya-pechat/kartiny-na-kholste/","200","SEARCHABLE","06.09.2026","","","Каталог","Description"
"https://xn--18-6kc5a3bxam.xn--p1ai/catalog/suvenirnaya-produktsiya/","200","SEARCHABLE","14.09.2026","","","Печать на футболках, толстовках, кружках, флешках, брелках, ручках, ежедневниках - Цифра18.рф","Собственное производство позволяет качественно и быстро производить печать на основных видах сувенирной продукции, например: бейсболки, USB флеш, свитшоты, ветровки, зонты, рюкзаки."
"https://xn--18-6kc5a3bxam.xn--p1ai/catalog/suvenirnaya-produktsiya/beysbolki-kepki/","200","OTHER","19.08.2026","","","",""
"https://xn--18-6kc5a3bxam.xn--p1ai/catalog/suvenirnaya-produktsiya/beysbolki-kepki/futbolka-seriya-revolution52899999/","200","OTHER","19.08.2026","","","",""
"https://xn--18-6kc5a3bxam.xn--p1ai/catalog/suvenirnaya-produktsiya/breloki-akrilovye/","200","SEARCHABLE","10.09.2026","","","Брелоки акриловые в Ижевске — заказать в типографии «Цифра»","Акриловые брелоки на заказ в Ижевске. Прочные, долговечные, с нанесением логотипа или фото. Быстрое изготовление за 2-3 дня. Звоните!"
"https://xn--18-6kc5a3bxam.xn--p1ai/catalog/suvenirnaya-produktsiya/breloki-akrilovye/akrilovye-magnity6379/","200","DUPLICATE","10.09.2026","","","Каталог","Description"
"https://xn--18-6kc5a3bxam.xn--p1ai/catalog/suvenirnaya-produktsiya/chekhly-dlya-ruchek/","200","SEARCHABLE","14.09.2026","","","Чехлы для ручек | Цифра18.рф","Чехлы для ручек точно в срок. Закажи онлайн и забери заказ в типографии Цифра!"
"https://xn--18-6kc5a3bxam.xn--p1ai/catalog/suvenirnaya-produktsiya/chekhly-dlya-ruchek/chekhol-dlya-ruchki/","200","SEARCHABLE","04.09.2026","","","Чехол для ручки из дизайнерского картона — заказать в Ижевске | Цифра","Чехол для ручки из дизайнерского картона в Ижевске. Собственное производство, выбор цветов и фактур. Онлайн-калькулятор для просчёта тиража."
"https://xn--18-6kc5a3bxam.xn--p1ai/catalog/suvenirnaya-produktsiya/ezhednevniki/","200","DUPLICATE","05.09.2026","","","",""
"https://xn--18-6kc5a3bxam.xn--p1ai/catalog/suvenirnaya-produktsiya/ezhednevniki1738/","200","SEARCHABLE","14.09.2026","","","Печать и нанесение любого изображения или логотипа в цвете на ежедневники, блокноты.- Цифра18.рф","Собственное производство позволяет качественно и быстро производить печать на основных видах сувенирной продукции, например: бейсболки, USB флеш, свитшоты, ветровки, зонты, рюкзаки."
"https://xn--18-6kc5a3bxam.xn--p1ai/catalog/suvenirnaya-produktsiya/ezhednevniki1738/tisnenie-blintovoe/","200","SEARCHABLE","02.09.2026","","","Блинтовое тиснение на ежедневниках в Ижевске — Типография Цифра","Блинтовое тиснение на ежедневниках в Ижевске. Рельефное бескрасочное нанесение логотипов. Доступные цены, от 1 экземпляра. Закажите в типографии Цифра!"
"https://xn--18-6kc5a3bxam.xn--p1ai/catalog/suvenirnaya-produktsiya/ezhednevniki1738/tisnenie-folgoy/","200","SEARCHABLE","14.09.2026","","","Тиснение фольгой в Ижевске — Типография Цифра","Тиснение фольгой на визитках, ежедневниках, открытках. Премиальная отделка полиграфии в Ижевске. 18 лет опыта. Закажите консультацию!"
"https://xn--18-6kc5a3bxam.xn--p1ai/catalog/suvenirnaya-produktsiya/ezhednevniki1738/uf-pechat/","200","DUPLICATE","03.09.2026","","","",""
"https://xn--18-6kc5a3bxam.xn--p1ai/catalog/suvenirnaya-produktsiya/futbolki/","200","SEARCHABLE","24.08.2026","","","Каталог","Description"
"https://xn--18-6kc5a3bxam.xn--p1ai/catalog/suvenirnaya-produktsiya/futbolki/futbolka-kh-b-polo-belaya-chernaya-tsvetnaya/","200","DUPLICATE","03.09.2026","","","",""
"https://xn--18-6kc5a3bxam.xn--p1ai/catalog/suvenirnaya-produktsiya/futbolki/futbolka-uniseks-belaya/","200","OTHER","19.07.2026","","","",""
"https://xn--18-6kc5a3bxam.xn--p1ai/catalog/suvenirnaya-produktsiya/kubik-transformer/","200","SEARCHABLE","14.09.2026","","","Кубик трансформер на заказ в Ижевске | Типография Цифра","Закажите кубик-трансформер (фотокуб) в типографии Цифра в Ижевске. 12 страниц для презентации, календаря, сувенира. УФ печать и фотопечать. Низкие цены, быстрые сроки."
"https://xn--18-6kc5a3bxam.xn--p1ai/catalog/suvenirnaya-produktsiya/kubik-transformer/kubik-transformer/","200","SEARCHABLE","11.06.2026","","","Заказать сувенир Фото кубики-трансформеры - Цифра18.рф","Кубик-трансформер легко может стать сувениром, подвижным календарем, или головоломкой по сбору из отдельных кусочков изображения единой картинки. Буклет или мини презентация Вашей компании с 12 слайдами, которую будут листать, и листать, и листать, и листать бесконечно."
"https://xn--18-6kc5a3bxam.xn--p1ai/catalog/suvenirnaya-produktsiya/magnity-akrilovye/","200","SEARCHABLE","12.09.2026","","","Магниты акриловые | Цифра18.рф","Магниты акриловые точно в срок. Закажи онлайн и забери заказ в типографии Цифра!"
"https://xn--18-6kc5a3bxam.xn--p1ai/catalog/suvenirnaya-produktsiya/magnity-akrilovye/akrilovye-magnity/","200","SEARCHABLE","05.08.2026","","","Акриловые магниты на заказ в Ижевске — изготовление | Типография Цифра","Производство акриловых магнитов с логотипом в Ижевске. Собственное производство, любые тиражи от 1 шт. УФ-печать, акрил высокого качества. Заказать по цене от 25 руб./шт. Звоните!"
"https://xn--18-6kc5a3bxam.xn--p1ai/catalog/suvenirnaya-produktsiya/magnity-vinilovye/","200","SEARCHABLE","12.09.2026","","","Изготовление виниловых магнитов | Цифра18.рф","Изготовление виниловых магнитов оперативно и точно в срок. Любые объемы. Закажите онлайн в типографии Цифра"
"https://xn--18-6kc5a3bxam.xn--p1ai/catalog/suvenirnaya-produktsiya/magnity-vinilovye/vinilovye-magnity-10kh15sm/","200","SEARCHABLE","03.09.2026","","","Виниловые магниты 10×15 см — печать в Ижевске | Типография Цифра","Печать виниловых магнитов 10×15 см на магнитном виниле с ламинатом. Полноцветная печать, от 10 шт. Типография «Цифра», Ижевск. Закажите сейчас!"
"https://xn--18-6kc5a3bxam.xn--p1ai/catalog/suvenirnaya-produktsiya/magnity-vinilovye/vinilovye-magnity-10kh15sm4903/","200","SEARCHABLE","11.09.2026","","","Виниловые магниты 15×21 см — заказать в Ижевске | Типография «Цифра»","Печать виниловых магнитов 15×21 см в Ижевске. Глянцевый ламинат, полноцветная печать. Реклама, сувениры, промоакции. Закажите в типографии «Цифра»!"
"https://xn--18-6kc5a3bxam.xn--p1ai/catalog/suvenirnaya-produktsiya/magnity-vinilovye/vinilovye-magnity-21kh30m/","200","SEARCHABLE","09.09.2026","","","Каталог","Description"
"https://xn--18-6kc5a3bxam.xn--p1ai/catalog/suvenirnaya-produktsiya/magnity-vinilovye/vinilovye-magnity-3-5kh5sm/","200","DUPLICATE","09.08.2026","","","",""
"https://xn--18-6kc5a3bxam.xn--p1ai/catalog/suvenirnaya-produktsiya/magnity-vinilovye/vinilovye-magnity-30kh40sm/","200","OTHER","19.08.2026","","","",""
"https://xn--18-6kc5a3bxam.xn--p1ai/catalog/suvenirnaya-produktsiya/magnity-vinilovye/vinilovye-magnity-5kh5sm/","200","SEARCHABLE","09.09.2026","","","Виниловые магниты 5×5 см — печать в Ижевске | Цифра","Виниловые магниты 5×5 см с полноцветной печатью и глянцевой ламинацией. Закажите рекламные магниты в Ижевске — типография Цифра."
"https://xn--18-6kc5a3bxam.xn--p1ai/catalog/suvenirnaya-produktsiya/magnity-vinilovye/vinilovye-magnity-5kh7sm/","200","SEARCHABLE","07.09.2026","","","Виниловые магниты 5×7 см в Ижевске — печать на заказ | Типография Цифра","Печать виниловых магнитов 5×7 см и 6×6 см с фото, логотипом и рекламой. Глянцевый ламинат, полноцветная печать. Закажите в типографии Цифра, Ижевск."
"https://xn--18-6kc5a3bxam.xn--p1ai/catalog/suvenirnaya-produktsiya/magnity-vinilovye/vinilovye-magnity-7kh10sm/","200","SEARCHABLE","11.09.2026","","","Виниловые магниты 7×10 см — печать в Ижевске | Типография Цифра","Закажите виниловые магниты 7×10 см в типографии «Цифра» в Ижевске. Полноцветная печать на магнитном виниле с глянцевым ламинатом. От 1 штуки, срочное изготовление."
"https://xn--18-6kc5a3bxam.xn--p1ai/catalog/suvenirnaya-produktsiya/magnity-vinilovye/vinilovye-magnity/","200","SEARCHABLE","11.08.2026","","","Виниловые магниты 4×4 см — заказать в Ижевске | Типография Цифра","Виниловые магниты 4×4 см на заказ в Ижевске. Полноцветная печать, глянцевый ламинат, минимальный тираж. Рекламные и сувенирные магниты от типографии Цифра."
"https://xn--18-6kc5a3bxam.xn--p1ai/catalog/suvenirnaya-produktsiya/medali-kubki/","200","DUPLICATE","10.09.2026","","","Каталог","Description"
"https://xn--18-6kc5a3bxam.xn--p1ai/catalog/suvenirnaya-produktsiya/medali-kubki/plaketki6890/","200","SEARCHABLE","22.04.2026","","","Каталог","Description"
"https://xn--18-6kc5a3bxam.xn--p1ai/catalog/suvenirnaya-produktsiya/pechat-na-chekhlakh-dlya-telefonov/pechat-na-chekhlakh-dlya-telefonov/","200","SEARCHABLE","22.10.2025","","","Каталог","Description"
"https://xn--18-6kc5a3bxam.xn--p1ai/catalog/suvenirnaya-produktsiya/pechat-na-futbolkakh/","200","DUPLICATE","30.08.2026","","","",""
"https://xn--18-6kc5a3bxam.xn--p1ai/catalog/suvenirnaya-produktsiya/pechat-na-kraft-ruchkakh/","200","SEARCHABLE","12.09.2026","","","Бумажные ручки (Эко ручки) с логотипом на заказ в Ижевске. Бумажные эко ручки с логотипом на заказ. | Цифра18.рф","Бумажные ручки с логотипом. Онлайн калькулятор для просчета печати эко ручек облегчит для вас просчет необходимого тиража, а также выбрать цвет ручки из большого ассортимента цветов. Собственное производство. Качественное исполнение.  Типография Цифра18.рф г. Ижевск"
"https://xn--18-6kc5a3bxam.xn--p1ai/catalog/suvenirnaya-produktsiya/pechat-na-kraft-ruchkakh/kraft-ruchki/","200","SEARCHABLE","08.09.2026","","","Бумажные крафт ручки с логотипом на заказ в Ижевске | Типография Цифра","Закажите бумажные крафт ручки (эко ручки) с логотипом в Ижевске. Минимальный тираж от 50 шт. УФ-печать, шелкография. Низкие цены, быстрая доставка. Звоните!"
"https://xn--18-6kc5a3bxam.xn--p1ai/catalog/suvenirnaya-produktsiya/pechat-na-kraft-ruchkakh8198/pechat-na-karandashakh/","200","DUPLICATE","10.09.2026","","","Каталог","Description"
"https://xn--18-6kc5a3bxam.xn--p1ai/catalog/suvenirnaya-produktsiya/pechat-na-kruzhkakh/","200","SEARCHABLE","14.09.2026","","","Печать на кружках. Заказать на сайте г. Ижевск | Цифра18.рф","Печатаем в  цвете на посуде - кружки, стаканы, термосы. Собственное производство. Любые объемы."
"https://xn--18-6kc5a3bxam.xn--p1ai/catalog/suvenirnaya-produktsiya/pechat-na-kruzhkakh/belye-kruzhki/","200","DUPLICATE","03.09.2026","","","",""
"https://xn--18-6kc5a3bxam.xn--p1ai/catalog/suvenirnaya-produktsiya/pechat-na-kruzhkakh/butylky-dlya-vody/","200","DUPLICATE","13.08.2026","","","",""
"https://xn--18-6kc5a3bxam.xn--p1ai/catalog/suvenirnaya-produktsiya/pechat-na-kruzhkakh/korobka-pod-kruzhku/","200","SEARCHABLE","19.08.2026","","","Коробка под кружку на заказ в Ижевске — Типография Цифра","Изготовление коробок для кружек с печатью логотипа. Микрогофра, дизайнерский картон, крафт. От 40 штук. Срочное производство. Заказать по адресу: г. Ижевск, ул. Песочная, 34."
"https://xn--18-6kc5a3bxam.xn--p1ai/catalog/suvenirnaya-produktsiya/pechat-na-kruzhkakh/serebryanaya-zolotaya-/","200","OTHER","19.08.2026","","","",""
"https://xn--18-6kc5a3bxam.xn--p1ai/catalog/suvenirnaya-produktsiya/pechat-na-kruzhkakh/termos-metallicheskiy-/","200","DUPLICATE","06.08.2026","","","",""
"https://xn--18-6kc5a3bxam.xn--p1ai/catalog/suvenirnaya-produktsiya/pechat-na-kruzhkakh/termostakan/","200","SEARCHABLE","19.08.2026","","","Термостакан с полиграфической вставкой 250 мл — заказ в Ижевске | Цифра","Закажите термостакан с полиграфической вставкой 250 мл в типографии Цифра (Ижевск). Полноцветная печать логотипа, фото. Сохраняет тепло до 6 часов. Оптовые скидки. Звоните!"
"https://xn--18-6kc5a3bxam.xn--p1ai/catalog/suvenirnaya-produktsiya/pechat-na-pazlakh/","200","SEARCHABLE","03.09.2026","","","Печать на пазлах на заказ в Ижевске | Типография 'Цифра'","Закажите печать фотопазлов в Ижевске. Картонные и магнитные пазлы любых размеров. Качественные материалы, быстрые сроки. Звоните!"
"https://xn--18-6kc5a3bxam.xn--p1ai/catalog/suvenirnaya-produktsiya/pechat-na-pazlakh/pechat-na-pazlakh/","200","SEARCHABLE","17.08.2026","","","Печать на пазлах на заказ в Ижевске | Типография 'Цифра'","Закажите печать фотопазлов в Ижевске. Картонные и магнитные пазлы любых размеров. Качественные материалы, быстрые сроки. Звоните!"
"https://xn--18-6kc5a3bxam.xn--p1ai/catalog/suvenirnaya-produktsiya/pechat-na-ruchkakh/","200","SEARCHABLE","14.09.2026","","","Печать на ручках с логотипом компании, брендированные ручки | Цифра18.рф","Ручка с нанесением информации и логотипа Печать логотипа на ручках.  Онлайн калькулятор для просчета !  Собственное производство. Качественное исполнение Типография ЦИФРА г. Ижевск"
"https://xn--18-6kc5a3bxam.xn--p1ai/catalog/suvenirnaya-produktsiya/pechat-na-ruchkakh/ruchka-sharikovaya-title-a5152/","200","DUPLICATE","09.09.2026","","","Каталог","Description"
"https://xn--18-6kc5a3bxam.xn--p1ai/catalog/suvenirnaya-produktsiya/pechat-na-ruchkakh/ruchka-sharikovaya-title-ch/","200","DUPLICATE","10.09.2026","","","Ручка шариковая с печатью логотипа в Ижевске | Цифра","Печать на ручках с логотипом в Ижевске. Брендированные ручки — практичный сувенир для клиентов и партнеров. УФ-печать, минимальный заказ от 1 шт."
"https://xn--18-6kc5a3bxam.xn--p1ai/catalog/suvenirnaya-produktsiya/pechat-na-ruchkakh/ruchka-sharikovaya-title-d/","200","SEARCHABLE","05.09.2026","","","Ручка шариковая с логотипом в Ижевске | Типография «Цифра»","Закажите брендированные ручки с логотипом в Ижевске. УФ-печать, минимальный заказ от 100 шт. Индивидуальная подарочная упаковка."
"https://xn--18-6kc5a3bxam.xn--p1ai/catalog/suvenirnaya-produktsiya/pechat-na-ruchkakh/ruchka-sharikovaya-title-e/","200","SEARCHABLE","04.09.2026","","","Ручка шариковая с логотипом в Ижевске | Типография Цифра","Закажите брендированные ручки с логотипом в Ижевске. УФ-печать, минимальный заказ 100 шт. Упаковка в подарочную коробку. Типография Цифра."
"https://xn--18-6kc5a3bxam.xn--p1ai/catalog/suvenirnaya-produktsiya/pechat-na-ruchkakh/ruchka-sharikovaya-title-e6562/","200","SEARCHABLE","09.09.2026","","","Ручка Senator Title К с логотипом — УФ-печать в Ижевске | Цифра","Брендированные ручки Senator Title К с нанесением логотипа УФ-печатью. Корпоративные сувениры в Ижевске. Индивидуальная упаковка. Закажите в типографии «Цифра»!"
"https://xn--18-6kc5a3bxam.xn--p1ai/catalog/suvenirnaya-produktsiya/pechat-na-ruchkakh/ruchka-sharikovaya-title-f/","200","SEARCHABLE","11.09.2026","","","Ручка шариковая Soft touch Title Ф (Ижевск, Цифра)","Брендированная ручка с логотипом компании – наиболее популярный вид сувенирной продукции. Печать на ручках с логотипом компании – наиболее популярный вид сувенирной продукции."
"https://xn--18-6kc5a3bxam.xn--p1ai/catalog/suvenirnaya-produktsiya/pechat-na-ruchkakh/ruchka-sharikovaya-title-m/","200","SEARCHABLE","06.09.2026","","","Каталог","Description"
"https://xn--18-6kc5a3bxam.xn--p1ai/catalog/suvenirnaya-produktsiya/pechat-na-ruchkakh/ruchka-sharikovaya-title-p/","200","SEARCHABLE","09.09.2026","","","Ручка шариковая с логотипом — печать на ручках в Ижевске | Цифра","Брендированные шариковые ручки с УФ-печатью логотипа в Ижевске. От 100 шт. Индивидуальная упаковка. Закажите в типографии «Цифра»!"
"https://xn--18-6kc5a3bxam.xn--p1ai/catalog/suvenirnaya-produktsiya/pechat-na-ruchkakh/ruchka-sharikovaya-title-sh1/","200","SEARCHABLE","17.08.2026","","","Ручка шариковая Soft Touch Ш1 с печатью логотипа в Ижевске | Цифра","Брендированные ручки Soft Touch Ш1 с УФ-печатью логотипа. Минимальный заказ 100 шт. Закажите в типографии Цифра в Ижевске."
"https://xn--18-6kc5a3bxam.xn--p1ai/catalog/suvenirnaya-produktsiya/pechat-na-ruchkakh/ruchka-sharikovaya-title-ts/","200","SEARCHABLE","03.09.2026","","","Ручка шариковая Senator Title Ц с печатью логотипа в Ижевске | Типография Цифра","Закажите брендированные ручки Senator Title Ц с логотипом в Ижевске. УФ-печать высокого качества, минимальный заказ от 100 шт. Индивидуальная упаковка в подарочную коробку."
"https://xn--18-6kc5a3bxam.xn--p1ai/catalog/suvenirnaya-produktsiya/pechat-na-usb-ustroystvakh/","200","SEARCHABLE","12.09.2026","","","Печать на USB устройствах, флешках, картах в полноцвете г. Ижевск | Цифра18.рф","УФ печать на флеш картах USB и флешках на собственном оборудовании, любые тиражи, высокое качество и современные технологии"
"https://xn--18-6kc5a3bxam.xn--p1ai/catalog/suvenirnaya-produktsiya/pechat-na-usb-ustroystvakh/pechat-na-fleshkakh/","200","SEARCHABLE","14.09.2026","","","Печать на флешках в Ижевске | УФ печать на USB носителях | Типография Цифра","Профессиональная УФ печать на флешках в Ижевске. Нанесение логотипов на USB носители. Собственное производство, любые тиражи. Заказывайте сувенирные флешки с доставкой."
"https://xn--18-6kc5a3bxam.xn--p1ai/catalog/suvenirnaya-produktsiya/pechat-na-usb-ustroystvakh/pechat-na-fleshkakh8255/","200","DUPLICATE","03.09.2026","","","",""
"https://xn--18-6kc5a3bxam.xn--p1ai/catalog/suvenirnaya-produktsiya/pechat-na-usb-ustroystvakh/pechat-na-pauer-bank/","200","DUPLICATE","03.09.2026","","","",""
"https://xn--18-6kc5a3bxam.xn--p1ai/catalog/suvenirnaya-produktsiya/plaketki/","200","SEARCHABLE","14.09.2026","","","Наградные плакетки на заказ в  — Типография Цифра (Ижевск)","Изготовление наградных плакеток из натурального дерева с металлической пластиной. Методы нанесения: сублимация и УФ-печать с белым цветом. Закажите плакетки в Ижевске!"
"https://xn--18-6kc5a3bxam.xn--p1ai/catalog/suvenirnaya-produktsiya/plaketki/plaketki/","200","DUPLICATE","03.09.2026","","","",""
"https://xn--18-6kc5a3bxam.xn--p1ai/catalog/suvenirnaya-produktsiya/shokolad/","200","SEARCHABLE","14.09.2026","","","Заказать печать логотипа на этикетке шоколада г. Ижевск | Цифра18.рф","Мы занимаемся печать любого изображения на этикетках от шоколада. Любые тиражи, экологичная печать и минимальные сроки. Шоколад станет отличным бизнес-сувениром на выставке или презентации или в качестве презента."
"https://xn--18-6kc5a3bxam.xn--p1ai/catalog/suvenirnaya-produktsiya/shokolad/otkrytka-s-shokoladom/","200","OTHER","13.08.2026","","","",""
"https://xn--18-6kc5a3bxam.xn--p1ai/catalog/suvenirnaya-produktsiya/shokolad/shokolad-s-logotipom/","200","SEARCHABLE","14.09.2026","","","Шоколад с логотипом 5гр в Ижевске | Заказать брендированный шоколад | Типография Цифра","Закажите шоколад с логотипом 5гр в Ижевске. Брендированные мини-шоколадки для корпоративных подарков и выставок. Высокое качество, оперативная печать упаковки. Типография Цифра."
"https://xn--18-6kc5a3bxam.xn--p1ai/catalog/suvenirnaya-produktsiya/shokolad/shokolad-v-korobke/","200","SEARCHABLE","05.09.2026","","","Шоколад с логотипом 5гр в коробке 18шт – заказать брендированный шоколад в Ижевске | Типография Цифра","Брендированный шоколад 5гр в коробке 18шт с вашим логотипом. Идеальный бизнес-сувенир для выставок и подарков. Высокое качество, молочный/тёмный шоколад. Закажите в Ижевске в типографии Цифра!"
"https://xn--18-6kc5a3bxam.xn--p1ai/catalog/suvenirnaya-produktsiya/sumka-shopper/","200","DUPLICATE","03.09.2026","","","",""
"https://xn--18-6kc5a3bxam.xn--p1ai/catalog/suvenirnaya-produktsiya/sumka-shopper/sumka-shopper-belaya-tkan-gerda-250gr-pod-sublimatsiyu/","200","OTHER","19.08.2026","","","",""
"https://xn--18-6kc5a3bxam.xn--p1ai/catalog/suvenirnaya-produktsiya/sumka-shopper/sumka-shopper-chernaya-100-khlopok6081/","200","SEARCHABLE","24.08.2026","","","Каталог","Description"
"https://xn--18-6kc5a3bxam.xn--p1ai/catalog/suvenirnaya-produktsiya/sumka-shopper/test-sumka-shopper-chernaya-polnotsvetnaya-termotransf-pechat-100-khlopok-3020/","200","SEARCHABLE","10.09.2026","","","Каталог","Description"
"https://xn--18-6kc5a3bxam.xn--p1ai/catalog/suvenirnaya-produktsiya/suvenirnye-chasy-na-zakaz/","200","SEARCHABLE","14.09.2026","","","Сувенирные часы на заказ с логотипом в Ижевске | Типография Цифра","Закажите сувенирные часы с логотипом в Ижевске. Индивидуальный дизайн, нанесение бренда, корпоративные подарки. Цена от 850 руб. Звоните: +7 (965) 842-32-41."
"https://xn--18-6kc5a3bxam.xn--p1ai/catalog/suvenirnaya-produktsiya/suvenirnye-chasy-na-zakaz/suvenirnye-chasy-na-zakaz/","200","OTHER","19.08.2026","","","",""
"https://xn--18-6kc5a3bxam.xn--p1ai/catalog/suvenirnaya-produktsiya/trek-na-stekle/trek-na-stekle-bez-podstavki/","200","DUPLICATE","29.08.2026","","","",""
"https://xn--18-6kc5a3bxam.xn--p1ai/catalog/suvenirnaya-produktsiya/trek-na-stekle/trek-na-stekle-s-podstavkoy-na-bruske/","200","DUPLICATE","10.09.2026","","","Каталог","Description"
"https://xn--18-6kc5a3bxam.xn--p1ai/catalog/suvenirnaya-produktsiya/znachki-zakatnye9558/","200","SEARCHABLE","14.09.2026","","","Значки закатные | Цифра18.рф","Значки закатные точно в срок. Закажи онлайн и забери заказ в типографии Цифра!"
"https://xn--18-6kc5a3bxam.xn--p1ai/catalog/suvenirnaya-produktsiya/znachki-zakatnye9558/zakatnye-znachki/","200","DUPLICATE","06.08.2026","","","",""
"https://xn--18-6kc5a3bxam.xn--p1ai/chto-takoe-press-voll-gde-ego-zakazat-i-napechatat/","200","DUPLICATE","25.08.2026","","","",""
"https://xn--18-6kc5a3bxam.xn--p1ai/dostavka/","404","HTTP_ERROR","14.09.2026","","","",""
"https://xn--18-6kc5a3bxam.xn--p1ai/est-vopros-nuzhno-li-kleit-znak-shipy-na-avtomobil-jetoj-zimoj/","404","HTTP_ERROR","10.09.2026","","","",""
"https://xn--18-6kc5a3bxam.xn--p1ai/kontakty/","200","SEARCHABLE","03.09.2026","","","Title","Description"
"https://xn--18-6kc5a3bxam.xn--p1ai/news/","200","SEARCHABLE","14.09.2026","","","Новости","Description"
"https://xn--18-6kc5a3bxam.xn--p1ai/pechat-falcovka-i-broshjurovka-chertezhej/","301","REDIRECT_NOTSEARCHABLE","06.09.2026","https://xn--18-6kc5a3bxam.xn--p1ai/catalog/inzhenernaya-pechat/faltsovka/","","",""
"https://xn--18-6kc5a3bxam.xn--p1ai/pechat-na-kraft-ruchkah-jeto/","200","SEARCHABLE","25.08.2026","","","Сайт заблокирован хостинг-провайдером",""
"https://xn--18-6kc5a3bxam.xn--p1ai/pechat-na-paketah-bumazhnyh-kraft-paketah/","404","HTTP_ERROR","12.09.2026","","","",""
"https://xn--18-6kc5a3bxam.xn--p1ai/pechat-pazlov-jeto-universalnyj-podarok-na-ljuboj-prazdnik/","404","HTTP_ERROR","12.09.2026","","","",""
"https://xn--18-6kc5a3bxam.xn--p1ai/plotternaja-rezka/","404","HTTP_ERROR","12.09.2026","","","",""
"https://xn--18-6kc5a3bxam.xn--p1ai/privacy-policy/","200","SEARCHABLE","20.08.2026","","","Сайт заблокирован хостинг-провайдером",""
"https://xn--18-6kc5a3bxam.xn--p1ai/product-category/vse-uslugi/operativnaja-poligrafija/","301","REDIRECT_NOTSEARCHABLE","05.09.2026","https://xn--18-6kc5a3bxam.xn--p1ai/catalog/poligrafiya/","","",""
"https://xn--18-6kc5a3bxam.xn--p1ai/product-category/vse-uslugi/pechat-na-tekstile/","404","HTTP_ERROR","14.09.2026","","","",""
"https://xn--18-6kc5a3bxam.xn--p1ai/product-category/vse-uslugi/reklama/","200","OTHER","25.08.2026","","","",""
"https://xn--18-6kc5a3bxam.xn--p1ai/product-category/vse-uslugi/shirokoformatnaja-pechat/","404","HTTP_ERROR","12.09.2026","","","",""
"https://xn--18-6kc5a3bxam.xn--p1ai/product/cifrovaja-pechat/","301","REDIRECT_NOTSEARCHABLE","06.09.2026","https://xn--18-6kc5a3bxam.xn--p1ai/catalog/poligrafiya/tsifrovaya-pechat/","","",""
"https://xn--18-6kc5a3bxam.xn--p1ai/product/cvetnaja-i-chb-pechat/","301","REDIRECT_NOTSEARCHABLE","06.09.2026","https://xn--18-6kc5a3bxam.xn--p1ai/catalog/poligrafiya/rizografiya/","","",""
"https://xn--18-6kc5a3bxam.xn--p1ai/product/fotokartiny-na-holste/","301","REDIRECT_NOTSEARCHABLE","06.09.2026","https://xn--18-6kc5a3bxam.xn--p1ai/catalog/reklama/shirokoformatnaya-pechat/kartiny-na-kholste/","","",""
"https://xn--18-6kc5a3bxam.xn--p1ai/product/izgotovlenie-tablichek-stendov/","301","REDIRECT_NOTSEARCHABLE","05.09.2026","https://xn--18-6kc5a3bxam.xn--p1ai/catalog/reklama/izgotovlenie-tablichek-stendov/","","",""
"https://xn--18-6kc5a3bxam.xn--p1ai/product/kraft-pakety/","301","REDIRECT_NOTSEARCHABLE","15.09.2026","https://xn--18-6kc5a3bxam.xn--p1ai/catalog/poligrafiya/pakety/","","",""
"https://xn--18-6kc5a3bxam.xn--p1ai/product/kubiki-transformery-80h80h80mm/","301","REDIRECT_NOTSEARCHABLE","05.09.2026","https://xn--18-6kc5a3bxam.xn--p1ai/catalog/suvenirnaya-produktsiya/kubik-transformer/","","",""
"https://xn--18-6kc5a3bxam.xn--p1ai/product/laminirovanie/","301","REDIRECT_NOTSEARCHABLE","28.08.2026","https://xn--18-6kc5a3bxam.xn--p1ai/catalog/poligrafiya/laminirovanie/","","",""
"https://xn--18-6kc5a3bxam.xn--p1ai/product/mobilnye-vystavochnye-stendy/","301","REDIRECT_NOTSEARCHABLE","10.04.2026","https://xn--18-6kc5a3bxam.xn--p1ai/catalog/mobilnye-stendy/","","",""
"https://xn--18-6kc5a3bxam.xn--p1ai/product/nanesenie-na-ezhednevniki/","301","REDIRECT_NOTSEARCHABLE","05.09.2026","https://xn--18-6kc5a3bxam.xn--p1ai/catalog/suvenirnaya-produktsiya/ezhednevniki/","","",""
"https://xn--18-6kc5a3bxam.xn--p1ai/product/ofsetnaja-pechat/","404","HTTP_ERROR","12.09.2026","","","",""
"https://xn--18-6kc5a3bxam.xn--p1ai/product/pechat-chertezhej/","301","REDIRECT_NOTSEARCHABLE","06.09.2026","https://xn--18-6kc5a3bxam.xn--p1ai/catalog/inzhenernaya-pechat/pechat-chertezhey-proektnoy-dokumentatsii/","","",""
"https://xn--18-6kc5a3bxam.xn--p1ai/product/pechat-listovok/","301","REDIRECT_NOTSEARCHABLE","21.11.2025","https://xn--18-6kc5a3bxam.xn--p1ai/catalog/poligrafiya/listovki-tsifrovaya-pechat/","","",""
"https://xn--18-6kc5a3bxam.xn--p1ai/product/pechat-na-kruzhkah/","301","REDIRECT_NOTSEARCHABLE","06.09.2026","https://xn--18-6kc5a3bxam.xn--p1ai/catalog/suvenirnaya-produktsiya/pechat-na-kruzhkakh/","","",""
"https://xn--18-6kc5a3bxam.xn--p1ai/product/pechat-na-papkah-ugolkah-i-fajlah/","301","REDIRECT_NOTSEARCHABLE","06.09.2026","https://xn--18-6kc5a3bxam.xn--p1ai/catalog/poligrafiya/pechat-na-papkakh-ugolkakh/","","",""
"https://xn--18-6kc5a3bxam.xn--p1ai/product/pechat-na-ruchkah/","301","REDIRECT_NOTSEARCHABLE","02.01.2026","https://xn--18-6kc5a3bxam.xn--p1ai/catalog/suvenirnaya-produktsiya/pechat-na-ruchkakh/","","",""
"https://xn--18-6kc5a3bxam.xn--p1ai/product/pechat-na-tekstile/","301","REDIRECT_NOTSEARCHABLE","30.08.2026","https://xn--18-6kc5a3bxam.xn--p1ai/catalog/suvenirnaya-produktsiya/pechat-na-futbolkakh/","","",""
"https://xn--18-6kc5a3bxam.xn--p1ai/product/pechat-na-usb-ustrojstvah/","301","REDIRECT_NOTSEARCHABLE","29.08.2026","https://xn--18-6kc5a3bxam.xn--p1ai/catalog/suvenirnaya-produktsiya/pechat-na-usb-ustroystvakh/","","",""
"https://xn--18-6kc5a3bxam.xn--p1ai/product/pechat-pazlov/","301","REDIRECT_NOTSEARCHABLE","03.09.2026","https://xn--18-6kc5a3bxam.xn--p1ai/catalog/suvenirnaya-produktsiya/pechat-na-pazlakh/","","",""
"https://xn--18-6kc5a3bxam.xn--p1ai/product/pechat-vizitok/","302","DUPLICATE","01.06.2025","","","",""
"https://xn--18-6kc5a3bxam.xn--p1ai/product/plastikovye-karty/","301","REDIRECT_NOTSEARCHABLE","10.09.2026","https://xn--18-6kc5a3bxam.xn--p1ai/catalog/poligrafiya/karty-plastikovye/","","",""
"https://xn--18-6kc5a3bxam.xn--p1ai/product/shirokoformatnaja-interernaja-pechat/","301","REDIRECT_NOTSEARCHABLE","12.09.2026","https://xn--18-6kc5a3bxam.xn--p1ai/catalog/reklama/shirokoformatnaya-pechat/","","",""
"https://xn--18-6kc5a3bxam.xn--p1ai/product/shokolad-s-logotipom/","301","REDIRECT_NOTSEARCHABLE","02.08.2026","https://xn--18-6kc5a3bxam.xn--p1ai/catalog/suvenirnaya-produktsiya/shokolad/","","",""
"https://xn--18-6kc5a3bxam.xn--p1ai/product/skanirovanie/","301","REDIRECT_NOTSEARCHABLE","03.09.2026","https://xn--18-6kc5a3bxam.xn--p1ai/catalog/inzhenernaya-pechat/skanirovanie/","","",""
"https://xn--18-6kc5a3bxam.xn--p1ai/product/suvenirnye-chasy-na-zakaz/","301","REDIRECT_NOTSEARCHABLE","06.09.2026","https://xn--18-6kc5a3bxam.xn--p1ai/catalog/suvenirnaya-produktsiya/suvenirnye-chasy-na-zakaz/","","",""
"https://xn--18-6kc5a3bxam.xn--p1ai/product/uf-pechat/","301","REDIRECT_NOTSEARCHABLE","05.02.2026","https://xn--18-6kc5a3bxam.xn--p1ai/catalog/poligrafiya/uf-pechat1/","","",""
"https://xn--18-6kc5a3bxam.xn--p1ai/product/znachki-zakatnye/","301","REDIRECT_NOTSEARCHABLE","06.09.2026","https://xn--18-6kc5a3bxam.xn--p1ai/catalog/suvenirnaya-produktsiya/znachki-zakatnye9558/","","",""
"https://xn--18-6kc5a3bxam.xn--p1ai/segodnja-v-nashem-gorode-prohodit-neskolko-prazdnikov-my/","404","HTTP_ERROR","14.09.2026","","","",""
"https://xn--18-6kc5a3bxam.xn--p1ai/sezonnoe-pereoformlenie-magazinov-odna-iz/","404","HTTP_ERROR","15.09.2026","","","",""
"https://xn--18-6kc5a3bxam.xn--p1ai/shop/100182012","301","REDIRECT_NOTSEARCHABLE","18.05.2025","https://xn--18-6kc5a3bxam.xn--p1ai/shop/100182012/","","",""
"https://xn--18-6kc5a3bxam.xn--p1ai/shop/100182020","301","REDIRECT_NOTSEARCHABLE","18.05.2025","https://xn--18-6kc5a3bxam.xn--p1ai/shop/100182020/","","",""
"https://xn--18-6kc5a3bxam.xn--p1ai/shop/100182200","301","REDIRECT_NOTSEARCHABLE","27.10.2025","https://xn--18-6kc5a3bxam.xn--p1ai/shop/100182200/","","",""
"https://xn--18-6kc5a3bxam.xn--p1ai/shop/100182236","301","REDIRECT_NOTSEARCHABLE","17.05.2025","https://xn--18-6kc5a3bxam.xn--p1ai/shop/100182236/","","",""
"https://xn--18-6kc5a3bxam.xn--p1ai/shop/100182244","301","REDIRECT_NOTSEARCHABLE","18.05.2025","https://xn--18-6kc5a3bxam.xn--p1ai/shop/100182244/","","",""
"https://xn--18-6kc5a3bxam.xn--p1ai/shop/100182432","301","REDIRECT_NOTSEARCHABLE","18.05.2025","https://xn--18-6kc5a3bxam.xn--p1ai/shop/100182432/","","",""
"https://xn--18-6kc5a3bxam.xn--p1ai/shop/100182612","301","REDIRECT_NOTSEARCHABLE","12.10.2025","https://xn--18-6kc5a3bxam.xn--p1ai/shop/100182612/","","",""
"https://xn--18-6kc5a3bxam.xn--p1ai/shop/100182908","301","REDIRECT_NOTSEARCHABLE","15.08.2025","https://xn--18-6kc5a3bxam.xn--p1ai/shop/100182908/","","",""
"https://xn--18-6kc5a3bxam.xn--p1ai/shop/1004/","200","BAD_QUALITY","04.05.2025","","","Типография Цифра г. Ижевск - цифровая и широкоформатная печать","Description"
"https://xn--18-6kc5a3bxam.xn--p1ai/shop/100638712","301","REDIRECT_NOTSEARCHABLE","04.05.2025","https://xn--18-6kc5a3bxam.xn--p1ai/shop/100638712/","","",""
"https://xn--18-6kc5a3bxam.xn--p1ai/shop/100639348","301","REDIRECT_NOTSEARCHABLE","04.05.2025","https://xn--18-6kc5a3bxam.xn--p1ai/shop/100639348/","","",""
"https://xn--18-6kc5a3bxam.xn--p1ai/shop/100640468","301","REDIRECT_NOTSEARCHABLE","17.05.2026","https://xn--18-6kc5a3bxam.xn--p1ai/shop/100640468/","","",""
"https://xn--18-6kc5a3bxam.xn--p1ai/shop/100641212","301","REDIRECT_NOTSEARCHABLE","17.05.2026","https://xn--18-6kc5a3bxam.xn--p1ai/shop/100641212/","","",""
"https://xn--18-6kc5a3bxam.xn--p1ai/shop/100643236","301","REDIRECT_NOTSEARCHABLE","04.05.2025","https://xn--18-6kc5a3bxam.xn--p1ai/shop/100643236/","","",""
"https://xn--18-6kc5a3bxam.xn--p1ai/shop/100645808","301","REDIRECT_NOTSEARCHABLE","17.05.2026","https://xn--18-6kc5a3bxam.xn--p1ai/shop/100645808/","","",""
"https://xn--18-6kc5a3bxam.xn--p1ai/shop/100646328","301","REDIRECT_NOTSEARCHABLE","04.05.2025","https://xn--18-6kc5a3bxam.xn--p1ai/shop/100646328/","","",""
"https://xn--18-6kc5a3bxam.xn--p1ai/shop/100646892","301","REDIRECT_NOTSEARCHABLE","04.05.2025","https://xn--18-6kc5a3bxam.xn--p1ai/shop/100646892/","","",""
"https://xn--18-6kc5a3bxam.xn--p1ai/shop/100649688","301","REDIRECT_NOTSEARCHABLE","17.05.2026","https://xn--18-6kc5a3bxam.xn--p1ai/shop/100649688/","","",""
"https://xn--18-6kc5a3bxam.xn--p1ai/shop/100653756","301","REDIRECT_NOTSEARCHABLE","17.05.2026","https://xn--18-6kc5a3bxam.xn--p1ai/shop/100653756/","","",""
"https://xn--18-6kc5a3bxam.xn--p1ai/shop/100654320","301","REDIRECT_NOTSEARCHABLE","04.05.2025","https://xn--18-6kc5a3bxam.xn--p1ai/shop/100654320/","","",""
"https://xn--18-6kc5a3bxam.xn--p1ai/shop/100656524","301","REDIRECT_NOTSEARCHABLE","04.05.2025","https://xn--18-6kc5a3bxam.xn--p1ai/shop/100656524/","","",""
"https://xn--18-6kc5a3bxam.xn--p1ai/shop/100656864","301","REDIRECT_NOTSEARCHABLE","04.05.2025","https://xn--18-6kc5a3bxam.xn--p1ai/shop/100656864/","","",""
"https://xn--18-6kc5a3bxam.xn--p1ai/shop/100656864/","200","DUPLICATE","04.05.2025","","","",""
"https://xn--18-6kc5a3bxam.xn--p1ai/shop/10152/","200","BAD_QUALITY","04.05.2025","","","Типография Цифра г. Ижевск - цифровая и широкоформатная печать","Description"
"https://xn--18-6kc5a3bxam.xn--p1ai/shop/102525688","301","REDIRECT_NOTSEARCHABLE","04.05.2025","https://xn--18-6kc5a3bxam.xn--p1ai/shop/102525688/","","",""
"https://xn--18-6kc5a3bxam.xn--p1ai/shop/102525696","301","REDIRECT_NOTSEARCHABLE","04.05.2025","https://xn--18-6kc5a3bxam.xn--p1ai/shop/102525696/","","",""
"https://xn--18-6kc5a3bxam.xn--p1ai/shop/102525804","301","REDIRECT_NOTSEARCHABLE","04.05.2025","https://xn--18-6kc5a3bxam.xn--p1ai/shop/102525804/","","",""
"https://xn--18-6kc5a3bxam.xn--p1ai/shop/102525912","301","REDIRECT_NOTSEARCHABLE","04.05.2025","https://xn--18-6kc5a3bxam.xn--p1ai/shop/102525912/","","",""
"https://xn--18-6kc5a3bxam.xn--p1ai/shop/102525956","301","REDIRECT_NOTSEARCHABLE","04.05.2025","https://xn--18-6kc5a3bxam.xn--p1ai/shop/102525956/","","",""
"https://xn--18-6kc5a3bxam.xn--p1ai/shop/102525992","301","REDIRECT_NOTSEARCHABLE","04.05.2025","https://xn--18-6kc5a3bxam.xn--p1ai/shop/102525992/","","",""
"https://xn--18-6kc5a3bxam.xn--p1ai/shop/102526100","301","REDIRECT_NOTSEARCHABLE","04.05.2025","https://xn--18-6kc5a3bxam.xn--p1ai/shop/102526100/","","",""
"https://xn--18-6kc5a3bxam.xn--p1ai/shop/102526136","301","REDIRECT_NOTSEARCHABLE","04.05.2025","https://xn--18-6kc5a3bxam.xn--p1ai/shop/102526136/","","",""
"https://xn--18-6kc5a3bxam.xn--p1ai/shop/102526144","301","REDIRECT_NOTSEARCHABLE","04.05.2025","https://xn--18-6kc5a3bxam.xn--p1ai/shop/102526144/","","",""
"https://xn--18-6kc5a3bxam.xn--p1ai/shop/102526216","301","REDIRECT_NOTSEARCHABLE","04.05.2025","https://xn--18-6kc5a3bxam.xn--p1ai/shop/102526216/","","",""
"https://xn--18-6kc5a3bxam.xn--p1ai/shop/102526252","301","REDIRECT_NOTSEARCHABLE","04.05.2025","https://xn--18-6kc5a3bxam.xn--p1ai/shop/102526252/","","",""
"https://xn--18-6kc5a3bxam.xn--p1ai/shop/102526324","301","REDIRECT_NOTSEARCHABLE","04.05.2025","https://xn--18-6kc5a3bxam.xn--p1ai/shop/102526324/","","",""
"https://xn--18-6kc5a3bxam.xn--p1ai/shop/102526360","301","REDIRECT_NOTSEARCHABLE","04.05.2025","https://xn--18-6kc5a3bxam.xn--p1ai/shop/102526360/","","",""
"https://xn--18-6kc5a3bxam.xn--p1ai/shop/102526440","301","REDIRECT_NOTSEARCHABLE","04.05.2025","https://xn--18-6kc5a3bxam.xn--p1ai/shop/102526440/","","",""
"https://xn--18-6kc5a3bxam.xn--p1ai/shop/102526512","301","REDIRECT_NOTSEARCHABLE","04.05.2025","https://xn--18-6kc5a3bxam.xn--p1ai/shop/102526512/","","",""
"https://xn--18-6kc5a3bxam.xn--p1ai/shop/102526736","301","REDIRECT_NOTSEARCHABLE","04.05.2025","https://xn--18-6kc5a3bxam.xn--p1ai/shop/102526736/","","",""
"https://xn--18-6kc5a3bxam.xn--p1ai/shop/102526772","301","REDIRECT_NOTSEARCHABLE","04.05.2025","https://xn--18-6kc5a3bxam.xn--p1ai/shop/102526772/","","",""
"https://xn--18-6kc5a3bxam.xn--p1ai/shop/102721768/","200","PARSE_ERROR","18.05.2025","","","",""
"https://xn--18-6kc5a3bxam.xn--p1ai/shop/103233088","200","PARSE_ERROR","09.05.2025","","","",""
"https://xn--18-6kc5a3bxam.xn--p1ai/shop/103743656","200","PARSE_ERROR","01.06.2025","","","",""
"https://xn--18-6kc5a3bxam.xn--p1ai/shop/103749436","200","PARSE_ERROR","02.05.2025","","","",""
"https://xn--18-6kc5a3bxam.xn--p1ai/shop/103759928","200","PARSE_ERROR","02.05.2025","","","",""
"https://xn--18-6kc5a3bxam.xn--p1ai/shop/103763252","200","PARSE_ERROR","02.05.2025","","","",""
"https://xn--18-6kc5a3bxam.xn--p1ai/shop/108765288/","200","PARSE_ERROR","11.05.2025","","","",""
"https://xn--18-6kc5a3bxam.xn--p1ai/shop/108934032","200","PARSE_ERROR","18.05.2025","","","",""
"https://xn--18-6kc5a3bxam.xn--p1ai/shop/109298256/","200","PARSE_ERROR","18.05.2025","","","",""
"https://xn--18-6kc5a3bxam.xn--p1ai/shop/110173308","200","PARSE_ERROR","08.05.2025","","","",""
"https://xn--18-6kc5a3bxam.xn--p1ai/shop/110173576","200","PARSE_ERROR","08.05.2025","","","",""
"https://xn--18-6kc5a3bxam.xn--p1ai/shop/110173612","200","PARSE_ERROR","08.05.2025","","","",""
"https://xn--18-6kc5a3bxam.xn--p1ai/shop/110173764","200","PARSE_ERROR","08.05.2025","","","",""
"https://xn--18-6kc5a3bxam.xn--p1ai/shop/110174472","200","PARSE_ERROR","08.05.2025","","","",""
"https://xn--18-6kc5a3bxam.xn--p1ai/shop/110174544","200","PARSE_ERROR","08.05.2025","","","",""
"https://xn--18-6kc5a3bxam.xn--p1ai/shop/110174956","200","PARSE_ERROR","08.05.2025","","","",""
"https://xn--18-6kc5a3bxam.xn--p1ai/shop/110175144","200","PARSE_ERROR","08.05.2025","","","",""
"https://xn--18-6kc5a3bxam.xn--p1ai/shop/110176640","200","PARSE_ERROR","08.05.2025","","","",""
"https://xn--18-6kc5a3bxam.xn--p1ai/shop/110176936","200","PARSE_ERROR","08.05.2025","","","",""
"https://xn--18-6kc5a3bxam.xn--p1ai/100388097.html","200","DUPLICATE","15.03.2025","","","",""
"https://xn--18-6kc5a3bxam.xn--p1ai/shop/110178460","200","PARSE_ERROR","08.05.2025","","","",""
"https://xn--18-6kc5a3bxam.xn--p1ai/shop/110179552","200","PARSE_ERROR","08.05.2025","","","",""
"https://xn--18-6kc5a3bxam.xn--p1ai/shop/110183836","200","PARSE_ERROR","08.05.2025","","","",""
"https://xn--18-6kc5a3bxam.xn--p1ai/shop/110185708","200","PARSE_ERROR","08.05.2025","","","",""
"https://xn--18-6kc5a3bxam.xn--p1ai/shop/110186496","200","PARSE_ERROR","08.05.2025","","","",""
"https://xn--18-6kc5a3bxam.xn--p1ai/shop/110186524","200","PARSE_ERROR","08.05.2025","","","",""
"https://xn--18-6kc5a3bxam.xn--p1ai/shop/110189400","200","PARSE_ERROR","08.05.2025","","","",""
"https://xn--18-6kc5a3bxam.xn--p1ai/shop/110190036","200","PARSE_ERROR","08.05.2025","","","",""
"https://xn--18-6kc5a3bxam.xn--p1ai/shop/110190752","200","PARSE_ERROR","08.05.2025","","","",""
"https://xn--18-6kc5a3bxam.xn--p1ai/shop/110191200","301","REDIRECT_NOTSEARCHABLE","01.08.2025","https://xn--18-6kc5a3bxam.xn--p1ai/shop/110191200/","","",""
"https://xn--18-6kc5a3bxam.xn--p1ai/shop/110191272","200","PARSE_ERROR","08.05.2025","","","",""
"https://xn--18-6kc5a3bxam.xn--p1ai/shop/110191424","200","PARSE_ERROR","08.05.2025","","","",""
"https://xn--18-6kc5a3bxam.xn--p1ai/shop/110191568","200","PARSE_ERROR","08.05.2025","","","",""
"https://xn--18-6kc5a3bxam.xn--p1ai/shop/110192124","200","PARSE_ERROR","08.05.2025","","","",""
"https://xn--18-6kc5a3bxam.xn--p1ai/shop/110192580","200","PARSE_ERROR","08.05.2025","","","",""
"https://xn--18-6kc5a3bxam.xn--p1ai/shop/110194812","200","PARSE_ERROR","08.05.2025","","","",""
"https://xn--18-6kc5a3bxam.xn--p1ai/shop/110195484","200","PARSE_ERROR","08.05.2025","","","",""
"https://xn--18-6kc5a3bxam.xn--p1ai/shop/110196720","200","PARSE_ERROR","08.05.2025","","","",""
"https://xn--18-6kc5a3bxam.xn--p1ai/shop/111162016","301","OTHER","03.05.2025","","","",""
"https://xn--18-6kc5a3bxam.xn--p1ai/shop/111163244","301","OTHER","03.05.2025","","","",""
"https://xn--18-6kc5a3bxam.xn--p1ai/shop/111181200","301","OTHER","03.05.2025","","","",""
"https://xn--18-6kc5a3bxam.xn--p1ai/shop/111355328","200","PARSE_ERROR","03.05.2025","","","",""
"https://xn--18-6kc5a3bxam.xn--p1ai/shop/111355776","200","PARSE_ERROR","03.05.2025","","","",""
"https://xn--18-6kc5a3bxam.xn--p1ai/shop/111360212","200","PARSE_ERROR","03.05.2025","","","",""
"https://xn--18-6kc5a3bxam.xn--p1ai/shop/111362568","200","PARSE_ERROR","03.05.2025","","","",""
"https://xn--18-6kc5a3bxam.xn--p1ai/shop/111365776","200","PARSE_ERROR","03.05.2025","","","",""
"https://xn--18-6kc5a3bxam.xn--p1ai/shop/111369440","200","PARSE_ERROR","03.05.2025","","","",""
"https://xn--18-6kc5a3bxam.xn--p1ai/shop/111372344","200","PARSE_ERROR","03.05.2025","","","",""
"https://xn--18-6kc5a3bxam.xn--p1ai/shop/111372496","200","PARSE_ERROR","03.05.2025","","","",""
"https://xn--18-6kc5a3bxam.xn--p1ai/shop/111373284","200","PARSE_ERROR","03.05.2025","","","",""
"https://xn--18-6kc5a3bxam.xn--p1ai/shop/111375264","200","PARSE_ERROR","03.05.2025","","","",""
"https://xn--18-6kc5a3bxam.xn--p1ai/shop/112605840","200","PARSE_ERROR","18.05.2025","","","",""
"https://xn--18-6kc5a3bxam.xn--p1ai/shop/112813568/","200","DUPLICATE","08.05.2025","","","Типография Цифра г. Ижевск - цифровая и широкоформатная печать","Description"
"https://xn--18-6kc5a3bxam.xn--p1ai/shop/112885652/","200","DUPLICATE","08.05.2025","","","Типография Цифра г. Ижевск - цифровая и широкоформатная печать","Description"
"https://xn--18-6kc5a3bxam.xn--p1ai/shop/112938444/","200","PARSE_ERROR","12.05.2025","","","",""
"https://xn--18-6kc5a3bxam.xn--p1ai/shop/113002580","200","PARSE_ERROR","01.06.2025","","","",""
"https://xn--18-6kc5a3bxam.xn--p1ai/shop/11372508","200","PARSE_ERROR","02.08.2025","","","",""
"https://xn--18-6kc5a3bxam.xn--p1ai/shop/11377436","200","PARSE_ERROR","07.05.2025","","","",""
"https://xn--18-6kc5a3bxam.xn--p1ai/shop/12205644/","200","PARSE_ERROR","28.04.2025","","","",""
"https://xn--18-6kc5a3bxam.xn--p1ai/shop/12479928","200","PARSE_ERROR","04.05.2025","","","",""
"https://xn--18-6kc5a3bxam.xn--p1ai/shop/12992/","200","BAD_QUALITY","04.05.2025","","","Типография Цифра г. Ижевск - цифровая и широкоформатная печать","Description"
"https://xn--18-6kc5a3bxam.xn--p1ai/shop/13210508","200","PARSE_ERROR","09.05.2025","","","",""
"https://xn--18-6kc5a3bxam.xn--p1ai/shop/13213868","200","PARSE_ERROR","09.05.2025","","","",""
"https://xn--18-6kc5a3bxam.xn--p1ai/shop/13217864","200","PARSE_ERROR","09.05.2025","","","",""
"https://xn--18-6kc5a3bxam.xn--p1ai/shop/13789288","200","PARSE_ERROR","03.05.2025","","","",""
"https://xn--18-6kc5a3bxam.xn--p1ai/shop/13805120","200","PARSE_ERROR","03.05.2025","","","",""
"https://xn--18-6kc5a3bxam.xn--p1ai/shop/13805676","301","REDIRECT_NOTSEARCHABLE","02.08.2025","https://xn--18-6kc5a3bxam.xn--p1ai/shop/13805676/","","",""
"https://xn--18-6kc5a3bxam.xn--p1ai/shop/13812916","301","REDIRECT_NOTSEARCHABLE","18.05.2025","https://xn--18-6kc5a3bxam.xn--p1ai/shop/13812916/","","",""
"https://xn--18-6kc5a3bxam.xn--p1ai/shop/13844/","200","BAD_QUALITY","04.05.2025","","","Типография Цифра г. Ижевск - цифровая и широкоформатная печать","Description"
"https://xn--18-6kc5a3bxam.xn--p1ai/shop/13996","301","OTHER","04.05.2025","","","",""
"https://xn--18-6kc5a3bxam.xn--p1ai/shop/14037776","200","PARSE_ERROR","08.05.2025","","","",""
"https://xn--18-6kc5a3bxam.xn--p1ai/shop/14040392","200","PARSE_ERROR","08.05.2025","","","",""
"https://xn--18-6kc5a3bxam.xn--p1ai/shop/14044272","200","PARSE_ERROR","08.05.2025","","","",""
"https://xn--18-6kc5a3bxam.xn--p1ai/shop/14048824","200","PARSE_ERROR","08.05.2025","","","",""
"https://xn--18-6kc5a3bxam.xn--p1ai/shop/14052228","200","PARSE_ERROR","08.05.2025","","","",""
"https://xn--18-6kc5a3bxam.xn--p1ai/shop/14351412/","200","PARSE_ERROR","02.05.2025","","","",""
"https://xn--18-6kc5a3bxam.xn--p1ai/shop/14352156/","200","PARSE_ERROR","18.05.2025","","","",""
"https://xn--18-6kc5a3bxam.xn--p1ai/shop/1462192/","200","DUPLICATE","10.05.2025","","","Типография Цифра г. Ижевск - цифровая и широкоформатная печать","Description"
"https://xn--18-6kc5a3bxam.xn--p1ai/shop/14847840","200","PARSE_ERROR","02.05.2025","","","",""
"https://xn--18-6kc5a3bxam.xn--p1ai/shop/14855116","200","PARSE_ERROR","02.05.2025","","","",""
"https://xn--18-6kc5a3bxam.xn--p1ai/shop/14864712","200","PARSE_ERROR","02.05.2025","","","",""
"https://xn--18-6kc5a3bxam.xn--p1ai/shop/14868896","200","PARSE_ERROR","02.05.2025","","","",""
"https://xn--18-6kc5a3bxam.xn--p1ai/shop/14879308","200","PARSE_ERROR","08.05.2025","","","",""
"https://xn--18-6kc5a3bxam.xn--p1ai/shop/15877112","200","PARSE_ERROR","07.05.2025","","","",""
"https://xn--18-6kc5a3bxam.xn--p1ai/shop/15877380","200","PARSE_ERROR","07.05.2025","","","",""
"https://xn--18-6kc5a3bxam.xn--p1ai/shop/15878008","200","PARSE_ERROR","07.05.2025","","","",""
"https://xn--18-6kc5a3bxam.xn--p1ai/shop/16553260/","200","BAD_QUALITY","04.05.2025","","","Типография Цифра г. Ижевск - цифровая и широкоформатная печать","Description"
"https://xn--18-6kc5a3bxam.xn--p1ai/shop/16557928/","200","BAD_QUALITY","04.05.2025","","","Типография Цифра г. Ижевск - цифровая и широкоформатная печать","Description"
"https://xn--18-6kc5a3bxam.xn--p1ai/shop/16561736/","200","BAD_QUALITY","03.05.2025","","","Типография Цифра г. Ижевск - цифровая и широкоформатная печать","Description"
"https://xn--18-6kc5a3bxam.xn--p1ai/shop/17017612/","200","BAD_QUALITY","03.05.2025","","","Типография Цифра г. Ижевск - цифровая и широкоформатная печать","Description"
"https://xn--18-6kc5a3bxam.xn--p1ai/shop/18204256","200","PARSE_ERROR","10.05.2025","","","",""
"https://xn--18-6kc5a3bxam.xn--p1ai/shop/18271600/","200","PARSE_ERROR","18.05.2025","","","",""
"https://xn--18-6kc5a3bxam.xn--p1ai/shop/18288920","200","PARSE_ERROR","10.05.2025","","","",""
"https://xn--18-6kc5a3bxam.xn--p1ai/shop/19972/","200","BAD_QUALITY","04.05.2025","","","Типография Цифра г. Ижевск - цифровая и широкоформатная печать","Description"
"https://xn--18-6kc5a3bxam.xn--p1ai/shop/21841300","200","PARSE_ERROR","03.05.2025","","","",""
"https://xn--18-6kc5a3bxam.xn--p1ai/shop/22696","301","OTHER","04.05.2025","","","",""
"https://xn--18-6kc5a3bxam.xn--p1ai/shop/23157076","200","PARSE_ERROR","07.05.2025","","","",""
"https://xn--18-6kc5a3bxam.xn--p1ai/shop/23166976","200","PARSE_ERROR","07.05.2025","","","",""
"https://xn--18-6kc5a3bxam.xn--p1ai/shop/24112","200","PARSE_ERROR","04.05.2025","","","",""
"https://xn--18-6kc5a3bxam.xn--p1ai/shop/25507060/","200","PARSE_ERROR","11.05.2025","","","",""
"https://xn--18-6kc5a3bxam.xn--p1ai/shop/28222020","200","PARSE_ERROR","08.05.2025","","","",""
"https://xn--18-6kc5a3bxam.xn--p1ai/shop/2832/","200","BAD_QUALITY","04.05.2025","","","Типография Цифра г. Ижевск - цифровая и широкоформатная печать","Description"
"https://xn--18-6kc5a3bxam.xn--p1ai/shop/2866824","200","PARSE_ERROR","04.05.2025","","","",""
"https://xn--18-6kc5a3bxam.xn--p1ai/shop/2869432","200","PARSE_ERROR","04.05.2025","","","",""
"https://xn--18-6kc5a3bxam.xn--p1ai/shop/2874592","200","PARSE_ERROR","04.05.2025","","","",""
"https://xn--18-6kc5a3bxam.xn--p1ai/shop/29672456","200","PARSE_ERROR","18.05.2025","","","",""
"https://xn--18-6kc5a3bxam.xn--p1ai/shop/29681228","200","PARSE_ERROR","02.05.2025","","","",""
"https://xn--18-6kc5a3bxam.xn--p1ai/shop/31510108","200","PARSE_ERROR","09.05.2025","","","",""
"https://xn--18-6kc5a3bxam.xn--p1ai/shop/31705740/","200","BAD_QUALITY","04.05.2025","","","Типография Цифра г. Ижевск - цифровая и широкоформатная печать","Description"
"https://xn--18-6kc5a3bxam.xn--p1ai/shop/32043828","200","PARSE_ERROR","07.05.2025","","","",""
"https://xn--18-6kc5a3bxam.xn--p1ai/shop/33221244","301","REDIRECT_NOTSEARCHABLE","17.05.2026","https://xn--18-6kc5a3bxam.xn--p1ai/shop/33221244/","","",""
"https://xn--18-6kc5a3bxam.xn--p1ai/shop/33233976","301","REDIRECT_NOTSEARCHABLE","05.05.2025","https://xn--18-6kc5a3bxam.xn--p1ai/shop/33233976/","","",""
"https://xn--18-6kc5a3bxam.xn--p1ai/shop/34623116","200","PARSE_ERROR","07.05.2025","","","",""
"https://xn--18-6kc5a3bxam.xn--p1ai/shop/34640400/","200","PARSE_ERROR","18.05.2025","","","",""
"https://xn--18-6kc5a3bxam.xn--p1ai/shop/35249868/","200","BAD_QUALITY","03.05.2025","","","Типография Цифра г. Ижевск - цифровая и широкоформатная печать","Description"
"https://xn--18-6kc5a3bxam.xn--p1ai/shop/35422312","200","PARSE_ERROR","09.05.2025","","","",""
"https://xn--18-6kc5a3bxam.xn--p1ai/shop/35425824","200","PARSE_ERROR","09.05.2025","","","",""
"https://xn--18-6kc5a3bxam.xn--p1ai/shop/35426980","200","PARSE_ERROR","09.05.2025","","","",""
"https://xn--18-6kc5a3bxam.xn--p1ai/shop/35427796","200","PARSE_ERROR","09.05.2025","","","",""
"https://xn--18-6kc5a3bxam.xn--p1ai/shop/35430332","200","PARSE_ERROR","09.05.2025","","","",""
"https://xn--18-6kc5a3bxam.xn--p1ai/shop/35430752","200","PARSE_ERROR","09.05.2025","","","",""
"https://xn--18-6kc5a3bxam.xn--p1ai/shop/35434068","200","PARSE_ERROR","09.05.2025","","","",""
"https://xn--18-6kc5a3bxam.xn--p1ai/shop/35435232/","200","PARSE_ERROR","09.05.2025","","","",""
"https://xn--18-6kc5a3bxam.xn--p1ai/shop/35435268","200","PARSE_ERROR","09.05.2025","","","",""
"https://xn--18-6kc5a3bxam.xn--p1ai/shop/35594712/","200","BAD_QUALITY","03.05.2025","","","Типография Цифра г. Ижевск - цифровая и широкоформатная печать","Description"
"https://xn--18-6kc5a3bxam.xn--p1ai/shop/35608268","200","PARSE_ERROR","03.05.2025","","","",""
"https://xn--18-6kc5a3bxam.xn--p1ai/shop/35611736","200","PARSE_ERROR","03.05.2025","","","",""
"https://xn--18-6kc5a3bxam.xn--p1ai/shop/35676480","200","PARSE_ERROR","28.04.2025","","","",""
"https://xn--18-6kc5a3bxam.xn--p1ai/shop/36306628","200","PARSE_ERROR","07.05.2025","","","",""
"https://xn--18-6kc5a3bxam.xn--p1ai/shop/36308268","200","PARSE_ERROR","18.05.2025","","","",""
"https://xn--18-6kc5a3bxam.xn--p1ai/shop/36322264","200","PARSE_ERROR","07.05.2025","","","",""
"https://xn--18-6kc5a3bxam.xn--p1ai/shop/36818540/","200","PARSE_ERROR","03.05.2025","","","",""
"https://xn--18-6kc5a3bxam.xn--p1ai/shop/37860140","200","PARSE_ERROR","10.05.2025","","","",""
"https://xn--18-6kc5a3bxam.xn--p1ai/shop/37863168","200","PARSE_ERROR","02.05.2025","","","",""
"https://xn--18-6kc5a3bxam.xn--p1ai/shop/37883364/","200","BAD_QUALITY","03.05.2025","","","Типография Цифра г. Ижевск - цифровая и широкоформатная печать","Description"
"https://xn--18-6kc5a3bxam.xn--p1ai/shop/3965096","200","PARSE_ERROR","03.05.2025","","","",""
"https://xn--18-6kc5a3bxam.xn--p1ai/shop/3967068","200","PARSE_ERROR","03.05.2025","","","",""
"https://xn--18-6kc5a3bxam.xn--p1ai/shop/3971252","200","PARSE_ERROR","03.05.2025","","","",""
"https://xn--18-6kc5a3bxam.xn--p1ai/shop/3972452","200","PARSE_ERROR","03.05.2025","","","",""
"https://xn--18-6kc5a3bxam.xn--p1ai/shop/3984244","200","PARSE_ERROR","03.05.2025","","","",""
"https://xn--18-6kc5a3bxam.xn--p1ai/shop/39985676/","200","PARSE_ERROR","18.05.2025","","","",""
"https://xn--18-6kc5a3bxam.xn--p1ai/shop/40588344","200","PARSE_ERROR","02.05.2025","","","",""
"https://xn--18-6kc5a3bxam.xn--p1ai/shop/40603432","200","PARSE_ERROR","02.05.2025","","","",""
"https://xn--18-6kc5a3bxam.xn--p1ai/shop/40605636","200","PARSE_ERROR","02.05.2025","","","",""
"https://xn--18-6kc5a3bxam.xn--p1ai/shop/40912248","200","PARSE_ERROR","07.05.2025","","","",""
"https://xn--18-6kc5a3bxam.xn--p1ai/shop/40927300","200","PARSE_ERROR","07.05.2025","","","",""
"https://xn--18-6kc5a3bxam.xn--p1ai/shop/42099080","200","PARSE_ERROR","08.05.2025","","","",""
"https://xn--18-6kc5a3bxam.xn--p1ai/shop/42099492","200","PARSE_ERROR","08.05.2025","","","",""
"https://xn--18-6kc5a3bxam.xn--p1ai/shop/42101500","200","PARSE_ERROR","08.05.2025","","","",""
"https://xn--18-6kc5a3bxam.xn--p1ai/shop/42102816","200","PARSE_ERROR","08.05.2025","","","",""
"https://xn--18-6kc5a3bxam.xn--p1ai/shop/42107072","200","PARSE_ERROR","08.05.2025","","","",""
"https://xn--18-6kc5a3bxam.xn--p1ai/shop/42109608","200","PARSE_ERROR","08.05.2025","","","",""
"https://xn--18-6kc5a3bxam.xn--p1ai/shop/42110836","200","PARSE_ERROR","08.05.2025","","","",""
"https://xn--18-6kc5a3bxam.xn--p1ai/shop/42117368","200","PARSE_ERROR","08.05.2025","","","",""
"https://xn--18-6kc5a3bxam.xn--p1ai/shop/42117968","200","PARSE_ERROR","08.05.2025","","","",""
"https://xn--18-6kc5a3bxam.xn--p1ai/shop/42118084","200","PARSE_ERROR","08.05.2025","","","",""
"https://xn--18-6kc5a3bxam.xn--p1ai/shop/42119840","200","PARSE_ERROR","08.05.2025","","","",""
"https://xn--18-6kc5a3bxam.xn--p1ai/shop/42121848","200","PARSE_ERROR","08.05.2025","","","",""
"https://xn--18-6kc5a3bxam.xn--p1ai/shop/43182264","200","PARSE_ERROR","18.05.2025","","","",""
"https://xn--18-6kc5a3bxam.xn--p1ai/shop/4491380/","200","PARSE_ERROR","18.05.2025","","","",""
"https://xn--18-6kc5a3bxam.xn--p1ai/shop/45367052","200","PARSE_ERROR","18.05.2025","","","",""
"https://xn--18-6kc5a3bxam.xn--p1ai/shop/45384864","200","PARSE_ERROR","05.05.2025","","","",""
"https://xn--18-6kc5a3bxam.xn--p1ai/shop/46470584","301","OTHER","04.05.2025","","","",""
"https://xn--18-6kc5a3bxam.xn--p1ai/shop/4696/","200","BAD_QUALITY","04.05.2025","","","Типография Цифра г. Ижевск - цифровая и широкоформатная печать","Description"
"https://xn--18-6kc5a3bxam.xn--p1ai/shop/47502552","200","PARSE_ERROR","08.05.2025","","","",""
"https://xn--18-6kc5a3bxam.xn--p1ai/shop/4928260","200","PARSE_ERROR","02.05.2025","","","",""
"https://xn--18-6kc5a3bxam.xn--p1ai/shop/4932140","200","PARSE_ERROR","02.05.2025","","","",""
"https://xn--18-6kc5a3bxam.xn--p1ai/shop/4942112","200","PARSE_ERROR","02.05.2025","","","",""
"https://xn--18-6kc5a3bxam.xn--p1ai/shop/49954948","301","REDIRECT_NOTSEARCHABLE","18.05.2025","https://xn--18-6kc5a3bxam.xn--p1ai/shop/49954948/","","",""
"https://xn--18-6kc5a3bxam.xn--p1ai/shop/49958756","301","REDIRECT_NOTSEARCHABLE","18.05.2025","https://xn--18-6kc5a3bxam.xn--p1ai/shop/49958756/","","",""
"https://xn--18-6kc5a3bxam.xn--p1ai/shop/51812652","200","PARSE_ERROR","07.05.2025","","","",""
"https://xn--18-6kc5a3bxam.xn--p1ai/shop/51816084","200","PARSE_ERROR","07.05.2025","","","",""
"https://xn--18-6kc5a3bxam.xn--p1ai/shop/51824856","200","PARSE_ERROR","07.05.2025","","","",""
"https://xn--18-6kc5a3bxam.xn--p1ai/shop/52069840","301","REDIRECT_NOTSEARCHABLE","02.08.2025","https://xn--18-6kc5a3bxam.xn--p1ai/shop/52069840/","","",""
"https://xn--18-6kc5a3bxam.xn--p1ai/shop/52070396","301","REDIRECT_NOTSEARCHABLE","17.05.2025","https://xn--18-6kc5a3bxam.xn--p1ai/shop/52070396/","","",""
"https://xn--18-6kc5a3bxam.xn--p1ai/shop/52071524","301","REDIRECT_NOTSEARCHABLE","02.08.2025","https://xn--18-6kc5a3bxam.xn--p1ai/shop/52071524/","","",""
"https://xn--18-6kc5a3bxam.xn--p1ai/shop/52072232","301","REDIRECT_NOTSEARCHABLE","02.08.2025","https://xn--18-6kc5a3bxam.xn--p1ai/shop/52072232/","","",""
"https://xn--18-6kc5a3bxam.xn--p1ai/shop/52073836","301","REDIRECT_NOTSEARCHABLE","18.05.2025","https://xn--18-6kc5a3bxam.xn--p1ai/shop/52073836/","","",""
"https://xn--18-6kc5a3bxam.xn--p1ai/shop/52075816","301","REDIRECT_NOTSEARCHABLE","18.05.2025","https://xn--18-6kc5a3bxam.xn--p1ai/shop/52075816/","","",""
"https://xn--18-6kc5a3bxam.xn--p1ai/shop/52084032","301","REDIRECT_NOTSEARCHABLE","18.05.2025","https://xn--18-6kc5a3bxam.xn--p1ai/shop/52084032/","","",""
"https://xn--18-6kc5a3bxam.xn--p1ai/shop/52085448","301","REDIRECT_NOTSEARCHABLE","12.01.2026","https://xn--18-6kc5a3bxam.xn--p1ai/shop/52085448/","","",""
"https://xn--18-6kc5a3bxam.xn--p1ai/shop/52087016","301","REDIRECT_NOTSEARCHABLE","17.05.2025","https://xn--18-6kc5a3bxam.xn--p1ai/shop/52087016/","","",""
"https://xn--18-6kc5a3bxam.xn--p1ai/shop/52087500","301","REDIRECT_NOTSEARCHABLE","17.05.2025","https://xn--18-6kc5a3bxam.xn--p1ai/shop/52087500/","","",""
"https://xn--18-6kc5a3bxam.xn--p1ai/shop/52089140","301","REDIRECT_NOTSEARCHABLE","17.05.2025","https://xn--18-6kc5a3bxam.xn--p1ai/shop/52089140/","","",""
"https://xn--18-6kc5a3bxam.xn--p1ai/shop/52091416","301","REDIRECT_NOTSEARCHABLE","15.08.2025","https://xn--18-6kc5a3bxam.xn--p1ai/shop/52091416/","","",""
"https://xn--18-6kc5a3bxam.xn--p1ai/shop/54218448/","200","PARSE_ERROR","18.05.2025","","","",""
"https://xn--18-6kc5a3bxam.xn--p1ai/shop/5484/","200","BAD_QUALITY","04.05.2025","","","Типография Цифра г. Ижевск - цифровая и широкоформатная печать","Description"
"https://xn--18-6kc5a3bxam.xn--p1ai/shop/56145188","200","PARSE_ERROR","02.05.2025","","","",""
"https://xn--18-6kc5a3bxam.xn--p1ai/shop/56382360","200","PARSE_ERROR","07.05.2025","","","",""
"https://xn--18-6kc5a3bxam.xn--p1ai/shop/56398828","200","PARSE_ERROR","07.05.2025","","","",""
"https://xn--18-6kc5a3bxam.xn--p1ai/shop/56400728","200","PARSE_ERROR","07.05.2025","","","",""
"https://xn--18-6kc5a3bxam.xn--p1ai/shop/58550572/","200","BAD_QUALITY","03.05.2025","","","Типография Цифра г. Ижевск - цифровая и широкоформатная печать","Description"
"https://xn--18-6kc5a3bxam.xn--p1ai/shop/58860104","200","PARSE_ERROR","02.05.2025","","","",""
"https://xn--18-6kc5a3bxam.xn--p1ai/shop/5886076/","200","PARSE_ERROR","02.05.2025","","","",""
"https://xn--18-6kc5a3bxam.xn--p1ai/shop/59465308/","200","PARSE_ERROR","06.05.2025","","","",""
"https://xn--18-6kc5a3bxam.xn--p1ai/shop/59944560/","200","BAD_QUALITY","03.05.2025","","","Типография Цифра г. Ижевск - цифровая и широкоформатная печать","Description"
"https://xn--18-6kc5a3bxam.xn--p1ai/shop/59945608","200","PARSE_ERROR","18.05.2025","","","",""
"https://xn--18-6kc5a3bxam.xn--p1ai/shop/6119008/","200","BAD_QUALITY","03.05.2025","","","Типография Цифра г. Ижевск - цифровая и широкоформатная печать","Description"
"https://xn--18-6kc5a3bxam.xn--p1ai/shop/62025708","200","PARSE_ERROR","02.05.2025","","","",""
"https://xn--18-6kc5a3bxam.xn--p1ai/shop/62278076","200","PARSE_ERROR","07.05.2025","","","",""
"https://xn--18-6kc5a3bxam.xn--p1ai/shop/62278524/","200","PARSE_ERROR","07.05.2025","","","",""
"https://xn--18-6kc5a3bxam.xn--p1ai/shop/62290700/","200","PARSE_ERROR","07.05.2025","","","",""
"https://xn--18-6kc5a3bxam.xn--p1ai/shop/62402888","301","OTHER","04.05.2025","","","",""
"https://xn--18-6kc5a3bxam.xn--p1ai/shop/65051312","301","REDIRECT_NOTSEARCHABLE","02.08.2025","https://xn--18-6kc5a3bxam.xn--p1ai/shop/65051312/","","",""
"https://xn--18-6kc5a3bxam.xn--p1ai/shop/65054304","301","REDIRECT_NOTSEARCHABLE","17.05.2025","https://xn--18-6kc5a3bxam.xn--p1ai/shop/65054304/","","",""
"https://xn--18-6kc5a3bxam.xn--p1ai/shop/65058408","301","REDIRECT_NOTSEARCHABLE","18.05.2025","https://xn--18-6kc5a3bxam.xn--p1ai/shop/65058408/","","",""
"https://xn--18-6kc5a3bxam.xn--p1ai/shop/65063032","200","PARSE_ERROR","03.05.2025","","","",""
"https://xn--18-6kc5a3bxam.xn--p1ai/shop/65069796","301","REDIRECT_NOTSEARCHABLE","17.05.2025","https://xn--18-6kc5a3bxam.xn--p1ai/shop/65069796/","","",""
"https://xn--18-6kc5a3bxam.xn--p1ai/shop/65077860","200","PARSE_ERROR","04.05.2025","","","",""
"https://xn--18-6kc5a3bxam.xn--p1ai/shop/6555136/","200","PARSE_ERROR","18.05.2025","","","",""
"https://xn--18-6kc5a3bxam.xn--p1ai/shop/65696996","200","PARSE_ERROR","02.05.2025","","","",""
"https://xn--18-6kc5a3bxam.xn--p1ai/shop/66044420","200","PARSE_ERROR","11.05.2025","","","",""
"https://xn--18-6kc5a3bxam.xn--p1ai/shop/66051552","200","PARSE_ERROR","11.05.2025","","","",""
"https://xn--18-6kc5a3bxam.xn--p1ai/shop/68722932","200","PARSE_ERROR","11.05.2025","","","",""
"https://xn--18-6kc5a3bxam.xn--p1ai/shop/68723640","200","PARSE_ERROR","11.05.2025","","","",""
"https://xn--18-6kc5a3bxam.xn--p1ai/shop/68727492","200","PARSE_ERROR","11.05.2025","","","",""
"https://xn--18-6kc5a3bxam.xn--p1ai/shop/68737608","200","PARSE_ERROR","11.05.2025","","","",""
"https://xn--18-6kc5a3bxam.xn--p1ai/shop/70854704","200","PARSE_ERROR","02.05.2025","","","",""
"https://xn--18-6kc5a3bxam.xn--p1ai/shop/70856800","200","PARSE_ERROR","02.05.2025","","","",""
"https://xn--18-6kc5a3bxam.xn--p1ai/shop/70860196/","200","PARSE_ERROR","02.05.2025","","","",""
"https://xn--18-6kc5a3bxam.xn--p1ai/shop/72259516","200","PARSE_ERROR","18.05.2025","","","",""
"https://xn--18-6kc5a3bxam.xn--p1ai/shop/73307388","200","PARSE_ERROR","07.05.2025","","","",""
"https://xn--18-6kc5a3bxam.xn--p1ai/shop/76482444","301","OTHER","05.05.2025","","","",""
"https://xn--18-6kc5a3bxam.xn--p1ai/shop/76492632","301","OTHER","05.05.2025","","","",""
"https://xn--18-6kc5a3bxam.xn--p1ai/shop/77233220","200","PARSE_ERROR","18.05.2025","","","",""
"https://xn--18-6kc5a3bxam.xn--p1ai/shop/77768992","200","PARSE_ERROR","07.05.2025","","","",""
"https://xn--18-6kc5a3bxam.xn--p1ai/shop/77804904","200","PARSE_ERROR","08.05.2025","","","",""
"https://xn--18-6kc5a3bxam.xn--p1ai/shop/78553172","200","PARSE_ERROR","02.05.2025","","","",""
"https://xn--18-6kc5a3bxam.xn--p1ai/shop/80140292","301","REDIRECT_NOTSEARCHABLE","01.08.2025","https://xn--18-6kc5a3bxam.xn--p1ai/shop/80140292/","","",""
"https://xn--18-6kc5a3bxam.xn--p1ai/shop/80719476","200","PARSE_ERROR","07.05.2025","","","",""
"https://xn--18-6kc5a3bxam.xn--p1ai/shop/81048980","200","PARSE_ERROR","02.05.2025","","","",""
"https://xn--18-6kc5a3bxam.xn--p1ai/shop/82108760","200","PARSE_ERROR","02.05.2025","","","",""
"https://xn--18-6kc5a3bxam.xn--p1ai/shop/82122388","200","PARSE_ERROR","02.05.2025","","","",""
"https://xn--18-6kc5a3bxam.xn--p1ai/shop/84639816/","200","BAD_QUALITY","03.05.2025","","","Типография Цифра г. Ижевск - цифровая и широкоформатная печать","Description"
"https://xn--18-6kc5a3bxam.xn--p1ai/shop/85051000","200","PARSE_ERROR","28.04.2025","","","",""
"https://xn--18-6kc5a3bxam.xn--p1ai/shop/85060192/","200","PARSE_ERROR","02.05.2025","","","",""
"https://xn--18-6kc5a3bxam.xn--p1ai/shop/85213220/","200","PARSE_ERROR","03.05.2025","","","",""
"https://xn--18-6kc5a3bxam.xn--p1ai/shop/85224456","200","PARSE_ERROR","03.05.2025","","","",""
"https://xn--18-6kc5a3bxam.xn--p1ai/shop/85227028","200","PARSE_ERROR","03.05.2025","","","",""
"https://xn--18-6kc5a3bxam.xn--p1ai/shop/8609476","200","PARSE_ERROR","18.05.2025","","","",""
"https://xn--18-6kc5a3bxam.xn--p1ai/shop/86278304","200","PARSE_ERROR","09.05.2025","","","",""
"https://xn--18-6kc5a3bxam.xn--p1ai/shop/86280536","200","PARSE_ERROR","09.05.2025","","","",""
"https://xn--18-6kc5a3bxam.xn--p1ai/shop/86287372","200","PARSE_ERROR","09.05.2025","","","",""
"https://xn--18-6kc5a3bxam.xn--p1ai/shop/86287820","200","PARSE_ERROR","09.05.2025","","","",""
"https://xn--18-6kc5a3bxam.xn--p1ai/shop/86289128","200","PARSE_ERROR","09.05.2025","","","",""
"https://xn--18-6kc5a3bxam.xn--p1ai/shop/86289720","200","PARSE_ERROR","09.05.2025","","","",""
"https://xn--18-6kc5a3bxam.xn--p1ai/shop/86290356","200","PARSE_ERROR","09.05.2025","","","",""
"https://xn--18-6kc5a3bxam.xn--p1ai/shop/86294656","200","PARSE_ERROR","09.05.2025","","","",""
"https://xn--18-6kc5a3bxam.xn--p1ai/shop/86294916","200","PARSE_ERROR","09.05.2025","","","",""
"https://xn--18-6kc5a3bxam.xn--p1ai/shop/86296520","200","PARSE_ERROR","09.05.2025","","","",""
"https://xn--18-6kc5a3bxam.xn--p1ai/shop/86298160","200","PARSE_ERROR","09.05.2025","","","",""
"https://xn--18-6kc5a3bxam.xn--p1ai/shop/86298232","200","PARSE_ERROR","09.05.2025","","","",""
"https://xn--18-6kc5a3bxam.xn--p1ai/shop/86298268","200","PARSE_ERROR","09.05.2025","","","",""
"https://xn--18-6kc5a3bxam.xn--p1ai/shop/86459960","200","PARSE_ERROR","18.05.2025","","","",""
"https://xn--18-6kc5a3bxam.xn--p1ai/shop/86772332","200","PARSE_ERROR","03.05.2025","","","",""
"https://xn--18-6kc5a3bxam.xn--p1ai/shop/86779124","200","PARSE_ERROR","03.05.2025","","","",""
"https://xn--18-6kc5a3bxam.xn--p1ai/shop/87532508","200","PARSE_ERROR","04.05.2025","","","",""
"https://xn--18-6kc5a3bxam.xn--p1ai/shop/87872620/","200","PARSE_ERROR","10.05.2025","","","",""
"https://xn--18-6kc5a3bxam.xn--p1ai/shop/88459384/","200","PARSE_ERROR","07.05.2025","","","",""
"https://xn--18-6kc5a3bxam.xn--p1ai/shop/8916","301","OTHER","04.05.2025","","","",""
"https://xn--18-6kc5a3bxam.xn--p1ai/shop/89275084","200","PARSE_ERROR","03.05.2025","","","",""
"https://xn--18-6kc5a3bxam.xn--p1ai/shop/9262212/","200","BAD_QUALITY","03.05.2025","","","Типография Цифра г. Ижевск - цифровая и широкоформатная печать","Description"
"https://xn--18-6kc5a3bxam.xn--p1ai/shop/9277812/","200","BAD_QUALITY","04.05.2025","","","Типография Цифра г. Ижевск - цифровая и широкоформатная печать","Description"
"https://xn--18-6kc5a3bxam.xn--p1ai/shop/94021044","200","PARSE_ERROR","03.05.2025","","","",""
"https://xn--18-6kc5a3bxam.xn--p1ai/shop/94022200/","200","PARSE_ERROR","03.05.2025","","","",""
"https://xn--18-6kc5a3bxam.xn--p1ai/shop/94024896","200","PARSE_ERROR","03.05.2025","","","",""
"https://xn--18-6kc5a3bxam.xn--p1ai/shop/94025264","200","PARSE_ERROR","03.05.2025","","","",""
"https://xn--18-6kc5a3bxam.xn--p1ai/shop/94030452","200","PARSE_ERROR","03.05.2025","","","",""
"https://xn--18-6kc5a3bxam.xn--p1ai/shop/94035308","200","PARSE_ERROR","03.05.2025","","","",""
"https://xn--18-6kc5a3bxam.xn--p1ai/shop/94038140","200","PARSE_ERROR","03.05.2025","","","",""
"https://xn--18-6kc5a3bxam.xn--p1ai/shop/95348844/","200","PARSE_ERROR","28.04.2025","","","",""
"https://xn--18-6kc5a3bxam.xn--p1ai/shop/98234968","301","REDIRECT_NOTSEARCHABLE","15.08.2025","https://xn--18-6kc5a3bxam.xn--p1ai/shop/98234968/","","",""
"https://xn--18-6kc5a3bxam.xn--p1ai/shop/99254508","301","OTHER","04.05.2025","","","",""
"https://xn--18-6kc5a3bxam.xn--p1ai/suvenirka-futbolki-bejsbolki-i-prochij-tekstil-s-logotipom-brendirovannye-ruchki/","404","HTTP_ERROR","14.09.2026","","","",""
"https://xn--18-6kc5a3bxam.xn--p1ai/vse-o-pechati-na-kruzhkah/","404","HTTP_ERROR","11.09.2026","","","",""
"https://xn--18-6kc5a3bxam.xn--p1ai/","200","SEARCHABLE","15.09.2026","","","Типография Цифра г. Ижевск - цифровая и широкоформатная печать","Description"
