url,section,subsection,name,price_raw,price_value,price_unit,is_from,n_tiers,price_min_per_pc,price_max_per_pc,description,n_photos,n_props,has_layout_req
https://xn--18-6kc5a3bxam.xn--p1ai/catalog/,,,Каталог,,,,False,0,,,Description,0,0,False
https://xn--18-6kc5a3bxam.xn--p1ai/catalog/detail.php?ID=125,detail.php,,Каталог,,,,False,0,,,Description,0,0,False
https://xn--18-6kc5a3bxam.xn--p1ai/catalog/detail.php?ID=126,detail.php,,Каталог,,,,False,0,,,Description,0,0,False
https://xn--18-6kc5a3bxam.xn--p1ai/catalog/detail.php?ID=127,detail.php,,Каталог,,,,False,0,,,Description,0,0,False
https://xn--18-6kc5a3bxam.xn--p1ai/catalog/detail.php?ID=128,detail.php,,Каталог,,,,False,0,,,Description,0,0,False
https://xn--18-6kc5a3bxam.xn--p1ai/catalog/detail.php?ID=129,detail.php,,Каталог,,,,False,0,,,Description,0,0,False
https://xn--18-6kc5a3bxam.xn--p1ai/catalog/detail.php?ID=1745,detail.php,,Каталог,,,,False,0,,,Description,0,0,False
https://xn--18-6kc5a3bxam.xn--p1ai/catalog/detail.php?ID=2505,detail.php,,Каталог,,,,False,0,,,Description,0,0,False
https://xn--18-6kc5a3bxam.xn--p1ai/catalog/detail.php?ID=2875,detail.php,,Каталог,,,,False,0,,,Description,0,0,False
https://xn--18-6kc5a3bxam.xn--p1ai/catalog/detail.php?ID=3500,detail.php,,Каталог,,,,False,0,,,Description,0,0,False
https://xn--18-6kc5a3bxam.xn--p1ai/catalog/detail.php?ID=415,detail.php,,Каталог,,,,False,0,,,Description,0,0,False
https://xn--18-6kc5a3bxam.xn--p1ai/catalog/detail.php?ID=416,detail.php,,Каталог,,,,False,0,,,Description,0,0,False
https://xn--18-6kc5a3bxam.xn--p1ai/catalog/detail.php?ID=417,detail.php,,Каталог,,,,False,0,,,Description,0,0,False
https://xn--18-6kc5a3bxam.xn--p1ai/catalog/detail.php?ID=418,detail.php,,Каталог,,,,False,0,,,Description,0,0,False
https://xn--18-6kc5a3bxam.xn--p1ai/catalog/detail.php?ID=419,detail.php,,Каталог,,,,False,0,,,Description,0,0,False
https://xn--18-6kc5a3bxam.xn--p1ai/catalog/detail.php?ID=420,detail.php,,Каталог,,,,False,0,,,Description,0,0,False
https://xn--18-6kc5a3bxam.xn--p1ai/catalog/detail.php?ID=421,detail.php,,Каталог,,,,False,0,,,Description,0,0,False
https://xn--18-6kc5a3bxam.xn--p1ai/catalog/detail.php?ID=422,detail.php,,Каталог,,,,False,0,,,Description,0,0,False
https://xn--18-6kc5a3bxam.xn--p1ai/catalog/detail.php?ID=423,detail.php,,Каталог,,,,False,0,,,Description,0,0,False
https://xn--18-6kc5a3bxam.xn--p1ai/catalog/detail.php?ID=424,detail.php,,Каталог,,,,False,0,,,Description,0,0,False
https://xn--18-6kc5a3bxam.xn--p1ai/catalog/detail.php?ID=425,detail.php,,Каталог,,,,False,0,,,Description,0,0,False
https://xn--18-6kc5a3bxam.xn--p1ai/catalog/detail.php?ID=426,detail.php,,Каталог,,,,False,0,,,Description,0,0,False
https://xn--18-6kc5a3bxam.xn--p1ai/catalog/detail.php?ID=428,detail.php,,Каталог,,,,False,0,,,Description,0,0,False
https://xn--18-6kc5a3bxam.xn--p1ai/catalog/detail.php?ID=429,detail.php,,Каталог,,,,False,0,,,Description,0,0,False
https://xn--18-6kc5a3bxam.xn--p1ai/catalog/detail.php?ID=43,detail.php,,Каталог,,,,False,0,,,Description,0,0,False
https://xn--18-6kc5a3bxam.xn--p1ai/catalog/detail.php?ID=430,detail.php,,Каталог,,,,False,0,,,Description,0,0,False
https://xn--18-6kc5a3bxam.xn--p1ai/catalog/detail.php?ID=44,detail.php,,Каталог,,,,False,0,,,Description,0,0,False
https://xn--18-6kc5a3bxam.xn--p1ai/catalog/detail.php?ID=45,detail.php,,Каталог,,,,False,0,,,Description,0,0,False
https://xn--18-6kc5a3bxam.xn--p1ai/catalog/detail.php?ID=46,detail.php,,Каталог,,,,False,0,,,Description,0,0,False
https://xn--18-6kc5a3bxam.xn--p1ai/catalog/detail.php?ID=47,detail.php,,Каталог,,,,False,0,,,Description,0,0,False
https://xn--18-6kc5a3bxam.xn--p1ai/catalog/detail.php?ID=48,detail.php,,Каталог,,,,False,0,,,Description,0,0,False
https://xn--18-6kc5a3bxam.xn--p1ai/catalog/detail.php?ID=49,detail.php,,Каталог,,,,False,0,,,Description,0,0,False
https://xn--18-6kc5a3bxam.xn--p1ai/catalog/detail.php?ID=50,detail.php,,Каталог,,,,False,0,,,Description,0,0,False
https://xn--18-6kc5a3bxam.xn--p1ai/catalog/detail.php?ID=51,detail.php,,Каталог,,,,False,0,,,Description,0,0,False
https://xn--18-6kc5a3bxam.xn--p1ai/catalog/detail.php?ID=52,detail.php,,Каталог,,,,False,0,,,Description,0,0,False
https://xn--18-6kc5a3bxam.xn--p1ai/catalog/detail.php?ID=53,detail.php,,Каталог,,,,False,0,,,Description,0,0,False
https://xn--18-6kc5a3bxam.xn--p1ai/catalog/detail.php?ID=57,detail.php,,Каталог,,,,False,0,,,Description,0,0,False
https://xn--18-6kc5a3bxam.xn--p1ai/catalog/detail.php?ID=58,detail.php,,Каталог,,,,False,0,,,Description,0,0,False
https://xn--18-6kc5a3bxam.xn--p1ai/catalog/detail.php?ID=59,detail.php,,Каталог,,,,False,0,,,Description,0,0,False
https://xn--18-6kc5a3bxam.xn--p1ai/catalog/detail.php?ID=60,detail.php,,Каталог,,,,False,0,,,Description,0,0,False
https://xn--18-6kc5a3bxam.xn--p1ai/catalog/detail.php?ID=61,detail.php,,Каталог,,,,False,0,,,Description,0,0,False
https://xn--18-6kc5a3bxam.xn--p1ai/catalog/detail.php?ID=62,detail.php,,Каталог,,,,False,0,,,Description,0,0,False
https://xn--18-6kc5a3bxam.xn--p1ai/catalog/detail.php?ID=63,detail.php,,Каталог,,,,False,0,,,Description,0,0,False
https://xn--18-6kc5a3bxam.xn--p1ai/catalog/detail.php?ID=64,detail.php,,Каталог,,,,False,0,,,Description,0,0,False
https://xn--18-6kc5a3bxam.xn--p1ai/catalog/detail.php?ID=65,detail.php,,Каталог,,,,False,0,,,Description,0,0,False
https://xn--18-6kc5a3bxam.xn--p1ai/catalog/detail.php?ID=66,detail.php,,Каталог,,,,False,0,,,Description,0,0,False
https://xn--18-6kc5a3bxam.xn--p1ai/catalog/detail.php?ID=67,detail.php,,Каталог,,,,False,0,,,Description,0,0,False
https://xn--18-6kc5a3bxam.xn--p1ai/catalog/detail.php?ID=68,detail.php,,Каталог,,,,False,0,,,Description,0,0,False
https://xn--18-6kc5a3bxam.xn--p1ai/catalog/detail.php?ID=69,detail.php,,Каталог,,,,False,0,,,Description,0,0,False
https://xn--18-6kc5a3bxam.xn--p1ai/catalog/detail.php?ID=70,detail.php,,Каталог,,,,False,0,,,Description,0,0,False
https://xn--18-6kc5a3bxam.xn--p1ai/catalog/detail.php?ID=719,detail.php,,Каталог,,,,False,0,,,Description,0,0,False
https://xn--18-6kc5a3bxam.xn--p1ai/catalog/detail.php?ID=720,detail.php,,Каталог,,,,False,0,,,Description,0,0,False
https://xn--18-6kc5a3bxam.xn--p1ai/catalog/detail.php?ID=721,detail.php,,Каталог,,,,False,0,,,Description,0,0,False
https://xn--18-6kc5a3bxam.xn--p1ai/catalog/detail.php?ID=722,detail.php,,Каталог,,,,False,0,,,Description,0,0,False
https://xn--18-6kc5a3bxam.xn--p1ai/catalog/detail.php?ID=723,detail.php,,Каталог,,,,False,0,,,Description,0,0,False
https://xn--18-6kc5a3bxam.xn--p1ai/catalog/detail.php?ID=726,detail.php,,Каталог,,,,False,0,,,Description,0,0,False
https://xn--18-6kc5a3bxam.xn--p1ai/catalog/detail.php?ID=742,detail.php,,Каталог,,,,False,0,,,Description,0,0,False
https://xn--18-6kc5a3bxam.xn--p1ai/catalog/detail.php?ID=743,detail.php,,Каталог,,,,False,0,,,Description,0,0,False
https://xn--18-6kc5a3bxam.xn--p1ai/catalog/detail.php?ID=744,detail.php,,Каталог,,,,False,0,,,Description,0,0,False
https://xn--18-6kc5a3bxam.xn--p1ai/catalog/detail.php?ID=745,detail.php,,Каталог,,,,False,0,,,Description,0,0,False
https://xn--18-6kc5a3bxam.xn--p1ai/catalog/detail.php?ID=746,detail.php,,Каталог,,,,False,0,,,Description,0,0,False
https://xn--18-6kc5a3bxam.xn--p1ai/catalog/detail.php?ID=747,detail.php,,Каталог,,,,False,0,,,Description,0,0,False
https://xn--18-6kc5a3bxam.xn--p1ai/catalog/index.php?ID=10,index.php,,Каталог,,,,False,0,,,Description,0,0,False
https://xn--18-6kc5a3bxam.xn--p1ai/catalog/index.php?ID=11,index.php,,Каталог,,,,False,0,,,Description,0,0,False
https://xn--18-6kc5a3bxam.xn--p1ai/catalog/index.php?ID=12,index.php,,Каталог,,,,False,0,,,Description,0,0,False
https://xn--18-6kc5a3bxam.xn--p1ai/catalog/index.php?ID=14,index.php,,Каталог,,,,False,0,,,Description,0,0,False
https://xn--18-6kc5a3bxam.xn--p1ai/catalog/index.php?ID=15,index.php,,Каталог,,,,False,0,,,Description,0,0,False
https://xn--18-6kc5a3bxam.xn--p1ai/catalog/index.php?ID=16,index.php,,Каталог,,,,False,0,,,Description,0,0,False
https://xn--18-6kc5a3bxam.xn--p1ai/catalog/index.php?ID=5,index.php,,Каталог,,,,False,0,,,Description,0,0,False
https://xn--18-6kc5a3bxam.xn--p1ai/catalog/index.php?ID=6,index.php,,Каталог,,,,False,0,,,Description,0,0,False
https://xn--18-6kc5a3bxam.xn--p1ai/catalog/interer/,interer,,Интерьер,,,,False,0,,,Интерьер Типография Цифра18.рф г. Ижевск,1,0,False
https://xn--18-6kc5a3bxam.xn--p1ai/catalog/interer/fotooboi/,interer,fotooboi,Фотообои и фрески бесшовные,,,,False,0,,,"Печать бесшовных фотообоев и фресок на заказ в Ижевске. Любые размеры, 3 текстуры, печать по вашим фото. Типография Цифра, ул. Песочная, 34.",4,0,False
https://xn--18-6kc5a3bxam.xn--p1ai/catalog/interer/fotopostery-na-penokartone/,interer,fotopostery-na-penokartone,Фотопостеры на пенокартоне,,,,False,0,,,"Печать фотопостеров и картин на пенокартоне в Ижевске. Форматы от А4 до 100×140 см. Низкие цены, цифровая печать, быстрые сроки. Типография «Цифра».",5,0,False
https://xn--18-6kc5a3bxam.xn--p1ai/catalog/interer/kartiny-na-kholste/,interer,kartiny-na-kholste,Картины на холсте,,,,False,0,,,"Печать картин на холсте в Ижевске. Фотохолст, коллаж, репродукции, стилизация под живопись. Заказать в типографии Цифра.",5,0,False
https://xn--18-6kc5a3bxam.xn--p1ai/catalog/interer/kartiny-na-kholste6473/,interer,kartiny-na-kholste6473,Картины на холсте индивидуальный размер,,,,False,0,,,Закажите картину на холсте по вашему индивидуальному размеру в Ижевске. Превратите любимую фотографию в настоящее произведение искусства. Типография «Цифра».,7,0,False
https://xn--18-6kc5a3bxam.xn--p1ai/catalog/interer/pechat-na-kholste-v-rulone/,interer,pechat-na-kholste-v-rulone,Печать на холсте в рулоне,,,,False,0,,,"Печать на холсте в рулоне в Ижевске. Натуральный хлопок, экосольвентные чернила, любой метраж от 0,5 м². Закажите онлайн в типографии «Цифра».",3,0,False
https://xn--18-6kc5a3bxam.xn--p1ai/catalog/interer/postery/,interer,postery,Постеры,,,,False,0,,,Печать цветных постеров любого формата в Ижевске. Полноцветная печать высокого качества для рекламы и мероприятий. Закажите в типографии Цифра!,2,0,False
https://xn--18-6kc5a3bxam.xn--p1ai/catalog/inzhenernaya-pechat/,inzhenernaya-pechat,,Инженерная печать,,,,False,0,,,"Наше скоростное оборудование позволит в считанные минуты напечатать как цветной, так и черно белый чертеж любого формата из программ Автокад, Компас и т.д. Лазерная и струйная печать обеспечит максимальное качество линий и корректное отображение шрифтов",1,0,False
https://xn--18-6kc5a3bxam.xn--p1ai/catalog/inzhenernaya-pechat/broshyurovka/,inzhenernaya-pechat,broshyurovka,Брошюровка,,,,False,0,,,Оперативная брошюровка чертежей г. Ижевск. Оформите брошюровку онлайн.,1,0,False
https://xn--18-6kc5a3bxam.xn--p1ai/catalog/inzhenernaya-pechat/broshyurovka/pereplet-na-metallicheskuyu-pruzhinu-3-1/,inzhenernaya-pechat,broshyurovka,Переплет на металлическую пружину 3:1,,,,False,0,,,"Переплет документов на металлическую пружину 3:1 в Ижевске. До 120 листов, квадратные отверстия. Минимальный заказ от 60 шт. Типография Цифра.",5,0,False
https://xn--18-6kc5a3bxam.xn--p1ai/catalog/inzhenernaya-pechat/broshyurovka/pereplet-na-plastikovuyu-pruzhinu/,inzhenernaya-pechat,broshyurovka,Переплет на пластиковую пружину,,,,False,0,,,"Переплет документов на пластиковую пружину в Ижевске. До 120 листов, разные цвета пружин. Быстро, качественно, недорого — типография «Цифра».",3,0,False
https://xn--18-6kc5a3bxam.xn--p1ai/catalog/inzhenernaya-pechat/broshyurovka/pereplet-na-skobu/,inzhenernaya-pechat,broshyurovka,Переплет на скобу (на степлер),,,,False,0,,,"Переплет на скобу в Ижевске. Оперативно, качественно, от 52 руб. Современное оборудование, разные формы отверстий и шаги переплета. Типография «Цифра».",1,0,False
https://xn--18-6kc5a3bxam.xn--p1ai/catalog/inzhenernaya-pechat/faltsovka/,inzhenernaya-pechat,faltsovka,Фальцовка,,,,False,0,,,"Оказываем услугу фальцовки чертежей в Ижевске, быстро и качественно",1,0,False
https://xn--18-6kc5a3bxam.xn--p1ai/catalog/inzhenernaya-pechat/faltsovka/faltsovka-do-a3/,inzhenernaya-pechat,faltsovka,Фальцовка до А3,,,,False,0,,,Фальцовка чертежей до формата А3 в Ижевске. Автоматическая фальцовка крупноформатной документации. Типография «Цифра» — точность и скорость.,2,0,False
https://xn--18-6kc5a3bxam.xn--p1ai/catalog/inzhenernaya-pechat/faltsovka/faltsovka-do-a4/,inzhenernaya-pechat,faltsovka,Фальцовка до А4,,,,False,0,,,Профессиональная фальцовка до А4 в Ижевске. Быстрое складывание чертежей и документов. От 5 руб./шт. Типография Цифра.,2,0,False
https://xn--18-6kc5a3bxam.xn--p1ai/catalog/inzhenernaya-pechat/kserokopiya/,inzhenernaya-pechat,kserokopiya,Ксерокопия,,,,False,0,,,"Ксерокопия чертежей всех форматов А4, А3, А2, А1, А0 на плоттере г. Ижевск. Быстро, качественно.",1,0,False
https://xn--18-6kc5a3bxam.xn--p1ai/catalog/inzhenernaya-pechat/kserokopiya/kserokopiya-a2-a0/,inzhenernaya-pechat,kserokopiya,Ксерокопия А2-А0,,,,False,0,,,"Широкоформатное сканирование и ксерокопия А2, А1, А0 в Ижевске. Оцифровка чертежей, плакатов, документов с высоким разрешением. Типография «Цифра».",4,0,False
https://xn--18-6kc5a3bxam.xn--p1ai/catalog/inzhenernaya-pechat/kserokopiya/kserokopiya-a4-a3/,inzhenernaya-pechat,kserokopiya,Ксерокопия А4-А3,,,,False,0,,,"Ксерокопия А4 и А3 в Ижевске. Чёрно-белое и цветное копирование документов по доступным ценам. Быстро, качественно, рядом.",5,0,False
https://xn--18-6kc5a3bxam.xn--p1ai/catalog/inzhenernaya-pechat/pechat-chertezhey-proektnoy-dokumentatsii/,inzhenernaya-pechat,pechat-chertezhey-proektnoy-dokumentatsii,"Печать чертежей, проектной документации",,,,False,0,,,"Наше скоростное оборудование позволит в считанные минуты напечатать как цветной, так и черно белый чертеж любого формата из программ Автокад, Компас и т.д. Лазерная и струйная печать обеспечит максимальное качество линий и корректное отображение шрифтов",1,0,False
https://xn--18-6kc5a3bxam.xn--p1ai/catalog/inzhenernaya-pechat/pechat-chertezhey-proektnoy-dokumentatsii/pechat-chertezhey/,inzhenernaya-pechat,pechat-chertezhey-proektnoy-dokumentatsii,Печать чертежей цвет,,,,False,0,,,"Качественная цветная печать чертежей форматов А4-А0 в Ижевске. Точная цветопередача, плоттерная печать, фальцовка и брошюровка по ГОСТ. Закажите сейчас!",5,0,False
https://xn--18-6kc5a3bxam.xn--p1ai/catalog/inzhenernaya-pechat/pechat-chertezhey-proektnoy-dokumentatsii/pechat-chertezhey7148/,inzhenernaya-pechat,pechat-chertezhey-proektnoy-dokumentatsii,Печать чертежей ч/б,,,,False,0,,,"Печать черно-белых чертежей любых форматов в Ижевске. От 35 руб./шт. Быстро, качественно, с доставкой. Типография «Цифра» — 18 лет опыта.",4,0,False
https://xn--18-6kc5a3bxam.xn--p1ai/catalog/inzhenernaya-pechat/skanirovanie/,inzhenernaya-pechat,skanirovanie,Сканирование,,,,False,0,,,"Широкоформатное сканирование в цвете и монохроме до 1.2 метра шириной с высоким разрешением до 600 взш позволит сохранить большие форматы в электронном виде, для дальнейшей обработки и печати",1,0,False
https://xn--18-6kc5a3bxam.xn--p1ai/catalog/inzhenernaya-pechat/skanirovanie/ckanirovanie/,inzhenernaya-pechat,skanirovanie,Cканирование до А0+,,,,False,0,,,"Профессиональное широкоформатное сканирование чертежей, плакатов и документов до А0+ в Ижевске. Оцифровка с высоким разрешением. Типография Цифра.",4,0,False
https://xn--18-6kc5a3bxam.xn--p1ai/catalog/inzhenernaya-pechat/skanirovanie/ckanirovanie3229/,inzhenernaya-pechat,skanirovanie,Cканирование А4-А3,,,,False,0,,,"Профессиональное сканирование документов А4-А3 в Ижевске. Оцифровка чертежей, плакатов, архивов. Высокое качество, распознавание текста, быстрые сроки.",4,0,False
https://xn--18-6kc5a3bxam.xn--p1ai/catalog/list.php?SECTION_ID=10,list.php,,Каталог,,,,False,0,,,Description,0,0,False
https://xn--18-6kc5a3bxam.xn--p1ai/catalog/mobilnye-stendy/,mobilnye-stendy,,Мобильные стенды,,,,False,0,,,"Изготавливаем и сдаем в аренду мобильные выставочные стенды для презентаций, внутренней рекламы и промоакций, широкий выбор в наличии и на заказ",1,0,False
https://xn--18-6kc5a3bxam.xn--p1ai/catalog/mobilnye-stendy/arenda-press-voll/,mobilnye-stendy,arenda-press-voll,Аренда Пресс-волл,,,,False,0,,,"Аренда пресс-волл в Ижевске в типографии Цифра. Мобильные стенды с печатью на баннерной ткани. Доступные цены, быстрая подготовка, доставка. Закажите по телефону или на сайте.",1,0,False
https://xn--18-6kc5a3bxam.xn--p1ai/catalog/mobilnye-stendy/kh-banner/,mobilnye-stendy,kh-banner,Х-banner,,,,False,0,,,"Изготовление Х-баннеров в Ижевске. Алюминиевая конструкция, полноцветная печать на баннере. Быстро, недорого. Звоните!",5,0,False
https://xn--18-6kc5a3bxam.xn--p1ai/catalog/mobilnye-stendy/l-banner/,mobilnye-stendy,l-banner,L-banner,,,,False,0,,,"Профессиональные L-banner из Ижевска. Односторонние рекламные стенды на металлических планках с углепластиком. Ламинированная фотобумага, баннерная ткань, сетка. Сумка-чехол в комплекте. Закажите по адресу ул. Песочная, 34.",4,0,False
https://xn--18-6kc5a3bxam.xn--p1ai/catalog/mobilnye-stendy/press-voll/,mobilnye-stendy,press-voll,Пресс-волл,,,,False,0,,,"Закажите пресс-волл с хромированной трубой в Ижевске. Печать на баннерной ткани, быстрые сроки, доставка по городу. Работаем с 2006 года.",4,0,False
https://xn--18-6kc5a3bxam.xn--p1ai/catalog/mobilnye-stendy/roll-up-0-85kh2-m/,mobilnye-stendy,roll-up-0-85kh2-m,"ROLL-UP 0,85х2 м",,,,False,0,,,"Купить ролл ап шириной 0.85м в Ижевске. Изготовление roll-up стендов с полноцветной печатью. Быстро, качественно, недорого. Закажите сейчас!",6,0,False
https://xn--18-6kc5a3bxam.xn--p1ai/catalog/mobilnye-stendy/roll-up-1-2x2-m/,mobilnye-stendy,roll-up-1-2x2-m,ROLL-UP 1.2x2 м,,,,False,0,,,"Профессиональные ролл-ап стенды 1.2х2 м от типографии Цифра в Ижевске. Качественная печать, быстрая сборка, доставка. Закажите по выгодной цене с гарантией.",7,0,False
https://xn--18-6kc5a3bxam.xn--p1ai/catalog/mobilnye-stendy/roll-up-1-5x2-m/,mobilnye-stendy,roll-up-1-5x2-m,ROLL-UP 1.5x2 м,,,,False,0,,,"Закажите roll up 1.5x2 метра в типографии Цифра Ижевск. Быстрое изготовление, высокое качество печати, возможность замены полотна. Цена уточняйте по телефону.",2,0,False
https://xn--18-6kc5a3bxam.xn--p1ai/catalog/mobilnye-stendy/roll-up-1x2-m/,mobilnye-stendy,roll-up-1x2-m,ROLL-UP 1x2 м,,,,False,0,,,"Закажите ролл-ап (roll-up) 1x2 метра в Ижевске в типографии Цифра. Мобильный стенд с баннером, вес 3 кг, чехол в комплекте. Быстрая печать и доставка. Контакты на сайте.",6,0,False
https://xn--18-6kc5a3bxam.xn--p1ai/catalog/mobilnye-stendy/roll-up2950451249975881/,mobilnye-stendy,roll-up2950451249975881,ROLL-UP 2x3 м,,,,False,0,,,"Изготовление roll-up 2x3 м в Ижевске. Широкоформатная печать на баннере. Быстрая сборка, качественные материалы. Закажите в типографии Цифра.",2,0,False
https://xn--18-6kc5a3bxam.xn--p1ai/catalog/mobilnye-stendy/shtender/,mobilnye-stendy,shtender,Штендер,,,,False,0,,,"Профессиональное изготовление штендеров в Ижевске. Любые размеры, двусторонние, с карманами. УФ-печать, ламинация. Срок от 1 дня. Закажите по тел. или в мессенджере.",4,0,False
https://xn--18-6kc5a3bxam.xn--p1ai/catalog/poligrafiya/,poligrafiya,,Полиграфия,,,,False,0,,,Полиграфия Типография Цифра18.рф г. Ижевск,1,0,False
https://xn--18-6kc5a3bxam.xn--p1ai/catalog/poligrafiya/beydzhi/,poligrafiya,beydzhi,Бейджи,,,,False,0,,,"Изготовление престижных бейджей из металла и пластика на собственном производстве. Гарантируем высокое качество и печать в срок. Обращайтесь, у нас богатый опыт...",1,0,False
https://xn--18-6kc5a3bxam.xn--p1ai/catalog/poligrafiya/beydzhi/beydzh-iz-orgstekla-30kh70mm/,poligrafiya,beydzhi,Бейдж из оргстекла 30х70мм,,,,False,0,,,"Бейдж металлический с логотипом компании- необходимый элемент для любой компании. Фирменный бейдж служит как средство коммуникации с партнерами, клиентами и посетителями. Металлические бейджи (бейджики) с цветной печатью крепятся к одежде при помощи магнитнита, что исключает необходимость повреждения любимой и дорогостоящей одежды, например, булавкой. Дополнительно ко всему вы можете заказать лент",2,0,False
https://xn--18-6kc5a3bxam.xn--p1ai/catalog/poligrafiya/beydzhi/beydzh-laminirovannyy/,poligrafiya,beydzhi,Бейдж ламинированный,,,,False,0,,,"Бюджетные ламинированные бейджи для конференций и деловых встреч. Печать от 40 штук, крепление на ленту/клипсу. Быстрое изготовление в Ижевске. Закажите по выгодной цене!",6,0,False
https://xn--18-6kc5a3bxam.xn--p1ai/catalog/poligrafiya/beydzhi/beydzh-metallicheskiy-40kh70mm/,poligrafiya,beydzhi,Бейдж металлический 40х70мм,,,,False,0,,,"Бейдж металлический с логотипом компании- необходимый элемент для любой компании. Фирменный бейдж служит как средство коммуникации с партнерами, клиентами и посетителями. Металлические бейджи (бейджики) с цветной печатью крепятся к одежде при помощи магнитнита, что исключает необходимость повреждения любимой и дорогостоящей одежды, например, булавкой. Дополнительно ко всему вы можете заказать лент",1,0,False
https://xn--18-6kc5a3bxam.xn--p1ai/catalog/poligrafiya/beydzhi/beydzh-metallicheskiy-47kh73mm/,poligrafiya,beydzhi,Бейдж металлический 47х73мм,,,,False,0,,,"Закажите металлические бейджи 51х76 мм с магнитным креплением и УФ-печатью в Ижевске. Качественные нагрудные знаки для сотрудников от типографии Цифра. Доступные цены, быстрые сроки.",5,0,False
https://xn--18-6kc5a3bxam.xn--p1ai/catalog/poligrafiya/beydzhi/beydzh-plastikovyy-54kh86mm/,poligrafiya,beydzhi,Бейдж пластиковый 54х86мм,от 15 ₽/шт.,15,шт.,True,5,15,33,"Купить пластиковые бейджи 54×86 мм в Ижевске. Полноцветная печать, магнитное крепление, лента с логотипом. Быстрое изготовление, онлайн-калькулятор. Типография Цифра.",4,0,False
https://xn--18-6kc5a3bxam.xn--p1ai/catalog/poligrafiya/beydzhi/karman-dlya-beydzha/,poligrafiya,beydzhi,Карман для бейджа,,,,False,0,,,"Закажите карман для бейджа в Ижевске по низким ценам. Пластиковые холдеры, сварка, печать логотипа, лента, клипса. Срочно, от 1 дня. Звоните в типографию «Цифра...",4,0,False
https://xn--18-6kc5a3bxam.xn--p1ai/catalog/poligrafiya/beydzhi/lenta-landyard-dlya-beydzha-s-logotipom-brendirovannaya/,poligrafiya,beydzhi,Лента ландьярд для бейджа с логотипом брендированная,,,,False,0,,,"Закажите брендированные ленты ланьярд для бейджей с логотипом в Ижевске. Печать сублимацией и шелкографией, пантон. Минимальный тираж от 50 шт. Доставка. Типография Цифра.",3,0,False
https://xn--18-6kc5a3bxam.xn--p1ai/catalog/poligrafiya/birki/,poligrafiya,birki,Бирки,,,,False,0,,,Изготовление картонных и бумажных бирок. Типография Цифра18.рф г. Ижевск,1,0,False
https://xn--18-6kc5a3bxam.xn--p1ai/catalog/poligrafiya/birki/birki-individualnoy-formy/,poligrafiya,birki,Бирки индивидуальной формы,,,,False,0,,,"Изготовление бирок индивидуальной формы в Ижевске. Плоттерная резка, любые материалы, переменные данные. Закажите в типографии Цифра.",6,0,False
https://xn--18-6kc5a3bxam.xn--p1ai/catalog/poligrafiya/birki/birki-ofsetnaya-pechat/,poligrafiya,birki,Бирки офсетная печать,от 72 ₽/шт.,72,шт.,True,6,72,85,"Печать бирок офсетом в Ижевске. Качественная полиграфия от 100 штук. Стабильный цвет, четкая детализация. Закажите в типографии Цифра!",5,0,False
https://xn--18-6kc5a3bxam.xn--p1ai/catalog/poligrafiya/birki/birki-so-sgibom/,poligrafiya,birki,Бирки со сгибом,,,,False,0,,,"Печать бирок со сгибом в Ижевске. Бирки на одежду, продукты, товары. Любые тиражи, материалы, постпечатная обработка. Закажите расчёт!",3,0,False
https://xn--18-6kc5a3bxam.xn--p1ai/catalog/poligrafiya/birki/birki-tsifrovaya-pechat/,poligrafiya,birki,Бирки цифровая печать,от 3 ₽/шт.,3,шт.,True,10,3,90,"Заказать бирки цифровой печатью в Ижевске. Печать от 1 штуки, полноцветная печать, персонализация. Типография Цифра — быстро и качественно.",5,0,False
https://xn--18-6kc5a3bxam.xn--p1ai/catalog/poligrafiya/bloki-dlya-zapisey-kubariki/,poligrafiya,bloki-dlya-zapisey-kubariki,"Блоки для записей, кубарики",,,,False,0,,,"Блоки для записей, кубарики Типография Цифра18.рф г. Ижевск",1,0,False
https://xn--18-6kc5a3bxam.xn--p1ai/catalog/poligrafiya/bloki-dlya-zapisey-kubariki/bloki-dlya-zapisey-1-0-50-100-listov/,poligrafiya,bloki-dlya-zapisey-kubariki,Блоки для записей 1+0 (50-100 листов),,,,False,0,,,"Блоки для записей 1+0 (50-100 листов) в Ижевске. Цена от 35 руб./шт. Брендирование, логотип, быстрые сроки. Типография «Цифра» — ул. Песочная, 34.",2,0,False
https://xn--18-6kc5a3bxam.xn--p1ai/catalog/poligrafiya/bloki-dlya-zapisey-kubariki/bloki-dlya-zapisey-4-0-50-100-listov/,poligrafiya,bloki-dlya-zapisey-kubariki,Блоки для записей 4+0 (50-100 листов),,,,False,0,,,"Печать блоков для записей 4+0 от 50 до 100 листов в Ижевске. Минимальный тираж — 35 шт. Нанесение логотипа, быстрые сроки. Закажите в «Цифре»!",2,0,False
https://xn--18-6kc5a3bxam.xn--p1ai/catalog/poligrafiya/bloki-dlya-zapisey-kubariki/bloki-dlya-zapisey-4-0-500-listov/,poligrafiya,bloki-dlya-zapisey-kubariki,Блоки для записей 4+0 (500 листов),,,,False,0,,,"Печать блоков для записей 4+0 тиражом 500 листов в типографии «Цифра» (Ижевск). Односторонняя цветная печать, доступные цены, быстрые сроки.",2,0,False
https://xn--18-6kc5a3bxam.xn--p1ai/catalog/poligrafiya/bloknoty/,poligrafiya,bloknoty,Блокноты,,,,False,0,,,Блокноты Типография Цифра18.рф г. Ижевск,1,0,False
https://xn--18-6kc5a3bxam.xn--p1ai/catalog/poligrafiya/bloknoty/bloknot-a5-oblozhka-perepletnyy-karton-1-5mm/,poligrafiya,bloknoty,"Блокнот А5 (обложка переплетный картон 1,5мм)",,,,False,0,,,"Печать и изготовление блокнотов по ДОСТУПНЫМ ЦЕНАМ от Типографии ЦИФРА . Типография &quot;ЦИФРА&quot; изготавливает блокноты А5 методом цифровой печати, что позволяет выполнить Ваш заказ в сжатые сроки. ... Нужны блокноты А6 по низкой цене? Мы осуществляем печать продукции любым тиражом дешево и с гарантией качества! При заказе через онлайн-калькулятор можно выбрать один из четырех представленных ",7,0,False
https://xn--18-6kc5a3bxam.xn--p1ai/catalog/poligrafiya/bloknoty/pechat-bloknotov-a5-oblozhka-4-0-0-0/,poligrafiya,bloknoty,"Печать блокнотов А5 (обложка 4+0, 0+0)",,,,False,0,,,"Закажите печать блокнотов А5 с полноцветной обложкой 4+0 в типографии «Цифра» в Ижевске. От 1 штуки, сроки от 1 дня. Звоните!",7,0,False
https://xn--18-6kc5a3bxam.xn--p1ai/catalog/poligrafiya/bloknoty/pechat-bloknotov-a5-oblozhka-4-0-4-0/,poligrafiya,bloknoty,"Печать блокнотов А5 (обложка 4+0, 4+0)",,,,False,0,,,"Закажите печать блокнотов А5 с полноцветной обложкой 4+0 в типографии «Цифра» в Ижевске. От 10 шт., быстрые сроки, индивидуальный дизайн.",7,0,False
https://xn--18-6kc5a3bxam.xn--p1ai/catalog/poligrafiya/bloknoty/pechat-bloknotov-a5-s-vyrubkoy-oblozhka-4-0-0-0/,poligrafiya,bloknoty,"Печать блокнотов А5 с вырубкой (обложка 4+0, 0+0)",,,,False,0,,,"Печать и изготовление блокнотов по ДОСТУПНЫМ ЦЕНАМ от Типографии ЦИФРА . Типография &quot;ЦИФРА&quot; изготавливает блокноты А5 методом цифровой печати, что позволяет выполнить Ваш заказ в сжатые сроки. ... Нужны блокноты А6 по низкой цене? Мы осуществляем печать продукции любым тиражом дешево и с гарантией качества! При заказе через онлайн-калькулятор можно выбрать один из четырех представленных ",4,0,False
https://xn--18-6kc5a3bxam.xn--p1ai/catalog/poligrafiya/bloknoty/pechat-bloknotov-a6-oblozhka-4-0-0-0/,poligrafiya,bloknoty,"Печать блокнотов А6 (обложка 4+0, 0+0)",,,,False,0,,,"Печать и изготовление блокнотов А6 по ДОСТУПНЫМ ЦЕНАМ от Типографии ЦИФРА . Типография &quot;ЦИФРА&quot; изготавливает блокноты А5 методом цифровой печати, что позволяет выполнить Ваш заказ в сжатые сроки. ... Нужны блокноты А6 по низкой цене? Мы осуществляем печать продукции любым тиражом дешево и с гарантией качества! При заказе через онлайн-калькулятор можно выбрать один из четырех представленн",7,0,False
https://xn--18-6kc5a3bxam.xn--p1ai/catalog/poligrafiya/bloknoty/pechat-bloknotov-a6-oblozhka-4-0-4-0/,poligrafiya,bloknoty,"Печать блокнотов А6 (обложка 4+0, 4+0)",,,,False,0,,,"Печать и изготовление блокнотов по ДОСТУПНЫМ ЦЕНАМ от Типографии ЦИФРА . Типография &quot;ЦИФРА&quot; изготавливает блокноты А6 методом цифровой печати, что позволяет выполнить Ваш заказ в сжатые сроки. ... Нужны блокноты А6 по низкой цене? Мы осуществляем печать продукции любым тиражом дешево и с гарантией качества! При заказе через онлайн-калькулятор можно выбрать один из четырех представленных ",7,0,False
https://xn--18-6kc5a3bxam.xn--p1ai/catalog/poligrafiya/folgirovanie/,poligrafiya,folgirovanie,Фольгирование,,,,False,0,,,Фольгирование Типография Цифра18.рф г. Ижевск,1,0,False
https://xn--18-6kc5a3bxam.xn--p1ai/catalog/poligrafiya/folgirovanie/tsifrovoe-folgirovanie/,poligrafiya,folgirovanie,Цифровое фольгирование,,,,False,0,,,"Цифровое фольгирование в Ижевске. Нанесение фольги на визитки, пригласительные, открытки. От 50 листов. Быстрые сроки.",2,0,False
https://xn--18-6kc5a3bxam.xn--p1ai/catalog/poligrafiya/kalendari/,poligrafiya,kalendari,Календари,,,,False,0,,,"Мы, в Типографии Цифра , предлагаем Вам квартальные, настенные, перекидные, плакатные, настольные, карманные и другие виды данных изделий. Вы можете заказать их у нас как в стандартном, так и в индивидуальном исполнении.",1,0,False
https://xn--18-6kc5a3bxam.xn--p1ai/catalog/poligrafiya/kalendari/idei-kalendarey-kotorye-my-mozhem-reshit/,poligrafiya,kalendari,"ИДЕИ КАЛЕНДАРЕЙ, которые мы можем реализовать",,,,False,0,,,"Закажите коробку для календаря в Ижевске в типографии «Цифра». Любые размеры и материалы: картон, крафт. Печать, тиснение, вырубка. Тираж от 1 шт. Сроки от 2 дней. Звоните!",12,0,False
https://xn--18-6kc5a3bxam.xn--p1ai/catalog/poligrafiya/kalendari/kalendar-domik-s-perekidnymi-listami/,poligrafiya,kalendari,Календарь «домик» с перекидными листами,от 121 ₽/шт.,121,шт.,True,6,121,231,"Изготовление календарей «домик» с перекидными листами в Ижевске. Индивидуальный дизайн, качественная полиграфия, доступные цены. Закажите сейчас!",6,0,True
https://xn--18-6kc5a3bxam.xn--p1ai/catalog/poligrafiya/kalendari/kalendar-domik-samosbornyy/,poligrafiya,kalendari,Календарь «домик» самосборный,от 24 ₽/шт.,24,шт.,True,5,24,55,"Самосборные календари-домики с печатью в Ижевске. Низкие цены, быстрые сроки. Стильная сувенирная продукция для рекламы. Звоните!",4,0,True
https://xn--18-6kc5a3bxam.xn--p1ai/catalog/poligrafiya/kalendari/kalendar-karmannyy/,poligrafiya,kalendari,Календарь карманный,от 14 ₽/шт.,14,шт.,True,3,14,50,"Изготовление карманных календарей в Ижевске. Минимальный тираж от 50 штук. Полноцветная печать, ламинация, скругление углов. Закажите рекламные календари по выгодной цене.",3,0,True
https://xn--18-6kc5a3bxam.xn--p1ai/catalog/poligrafiya/kalendari/korobka-dlya-kalendarya/,poligrafiya,kalendari,Коробка для календаря,от 120 ₽/шт.,120,шт.,True,4,120,150,"Закажите коробку для календаря в Ижевске в типографии «Цифра». Любые размеры и материалы: картон, крафт. Печать, тиснение, вырубка. Тираж от 1 шт. Сроки от 2 дней. Звоните!",2,0,False
https://xn--18-6kc5a3bxam.xn--p1ai/catalog/poligrafiya/kalendari/kvartalnye-3v1/,poligrafiya,kalendari,КВАРТАЛЬНЫЙ КАЛЕНДАРЬ «МИНИ 3в1»,от 210 ₽/шт.,210,шт.,True,7,210,360,"Квартальный календарь «Мини 3в1» от типографии Цифра в Ижевске. Компактный формат, 9 месяцев, яркая печать. Цена от 240 руб. Срочное изготовление. Закажите сейчас!",5,0,True
https://xn--18-6kc5a3bxam.xn--p1ai/catalog/poligrafiya/kalendari/kvartalnyy-kalendar-2027-biznes-3-reklamnykh-polya-/,poligrafiya,kalendari,Квартальный календарь 2027 «Бизнес» 3 рекламных поля,от 210 ₽/шт.,210,шт.,True,7,210,360,"Квартальный календарь 2027 «Бизнес» с тремя рекламными полями. Высокое качество в типографии Цифра (Ижевск). Разработка дизайна, оперативная печать. Звоните!",6,0,True
https://xn--18-6kc5a3bxam.xn--p1ai/catalog/poligrafiya/kalendari/kvartalnyy-kalendar-2027-god-biznes-3-shirokikh-reklamnykh-polya/,poligrafiya,kalendari,"КВАРТАЛЬНЫЙ КАЛЕНДАРЬ 2027 год ""БИЗНЕС+"" 3 широких рекламных поля",от 210 ₽/шт.,210,шт.,True,7,210,360,"Изготовление квартальных календарей на 2027 год в Ижевске. Три широких рекламных поля, плотная бумага, быстрая печать. Закажите в типографии Цифра!",5,0,True
https://xn--18-6kc5a3bxam.xn--p1ai/catalog/poligrafiya/kalendari/kvartalnyy-kalendar-2027-standart-s-1-reklamnym-polem-/,poligrafiya,kalendari,Квартальный календарь 2027 «Стандарт» с 1 рекламным полем,от 210 ₽/шт.,210,шт.,True,7,210,360,"Профессиональная печать квартальных календарей на 2027 год. Одно рекламное поле. Высокое качество, оперативные сроки. Закажите в типографии «Цифра» в Ижевске.",5,0,True
https://xn--18-6kc5a3bxam.xn--p1ai/catalog/poligrafiya/kalendari/kvartalnyy-kalendar-premium-1-rekl-pole-neon/,poligrafiya,kalendari,КВАРТАЛЬНЫЙ КАЛЕНДАРЬ «PREMIUM» 1 рекл. поле НЕОН,от 210 ₽/шт.,210,шт.,True,7,210,360,"Квартальный календарь PREMIUM с одним рекламным полем от типографии Цифра в Ижевске. Высокое качество, индивидуальный дизайн, быстрые сроки. Закажите сейчас!",4,0,False
https://xn--18-6kc5a3bxam.xn--p1ai/catalog/poligrafiya/kalendari/kvartalnyy-kalendar-premium-1-rekl-pole-s-figurnoy-rezkoy/,poligrafiya,kalendari,КВАРТАЛЬНЫЙ КАЛЕНДАРЬ «PREMIUM» 1 рекл. поле с фигурной резкой,от 210 ₽/шт.,210,шт.,True,7,210,360,"Квартальный календарь PREMIUM с одним рекламным полем от типографии Цифра в Ижевске. Высокое качество, индивидуальный дизайн, быстрые сроки. Закажите сейчас!",2,0,False
https://xn--18-6kc5a3bxam.xn--p1ai/catalog/poligrafiya/kalendari/kvartalnyy-kalendar-premium-1-rekl-pole-svetodiodnyy/,poligrafiya,kalendari,"КВАРТАЛЬНЫЙ КАЛЕНДАРЬ ""PREMIUM"" 1 рекл. поле светодиодный",от 210 ₽/шт.,210,шт.,True,7,210,360,"Квартальный календарь PREMIUM с одним рекламным полем от типографии Цифра в Ижевске. Высокое качество, индивидуальный дизайн, быстрые сроки. Закажите сейчас!",5,0,False
https://xn--18-6kc5a3bxam.xn--p1ai/catalog/poligrafiya/kalendari/kvartalnyy-kalendar-premium-prozrachnyy-plastik-s-1-rekl-polem/,poligrafiya,kalendari,"КВАРТАЛЬНЫЙ КАЛЕНДАРЬ ""PREMIUM"",прозрачный пластик с 1 рекл. полем",от 460 ₽/шт.,460,шт.,True,4,460,620,"Квартальный календарь PREMIUM с одним рекламным полем от типографии Цифра в Ижевске. Высокое качество, индивидуальный дизайн, быстрые сроки. Закажите сейчас!",2,0,False
https://xn--18-6kc5a3bxam.xn--p1ai/catalog/poligrafiya/kalendari/kvartalnyy-kalendar-premium-prozrachnyy-plastik-s-3-rekl-polyami/,poligrafiya,kalendari,"КВАРТАЛЬНЫЙ КАЛЕНДАРЬ ""PREMIUM"",прозрачный пластик с 3 рекл. полями",от 731 ₽/шт.,731,шт.,True,4,731,985,"Квартальный календарь PREMIUM с одним рекламным полем от типографии Цифра в Ижевске. Высокое качество, индивидуальный дизайн, быстрые сроки. Закажите сейчас!",2,0,False
https://xn--18-6kc5a3bxam.xn--p1ai/catalog/poligrafiya/kalendari/nastennyy-kalendar-s-perekidnymi-listami/,poligrafiya,kalendari,Настенный календарь с перекидными листами,,,,False,0,,,"Закажите настенный перекидной календарь в типографии Цифра (Ижевск). Высокое качество печати, индивидуальный дизайн. Оперативная печать от 1 штуки. Звоните!",6,0,True
https://xn--18-6kc5a3bxam.xn--p1ai/catalog/poligrafiya/karty-plastikovye/,poligrafiya,karty-plastikovye,Карты пластиковые,,,,False,0,,,"Заказать пластиковые карты в Ижевске. Типография Цифра: печать, эмбоссирование, чипы, магнитная полоса. Минимальный тираж 50 шт. Срок от 3 дней. Звоните!",5,0,True
https://xn--18-6kc5a3bxam.xn--p1ai/catalog/poligrafiya/karty-plastikovye/karty-plastikovye/,poligrafiya,karty-plastikovye,Карты пластиковые,,,,False,0,,,"Заказать пластиковые карты в Ижевске. Типография Цифра: печать, эмбоссирование, чипы, магнитная полоса. Минимальный тираж 50 шт. Срок от 3 дней. Звоните!",5,0,True
https://xn--18-6kc5a3bxam.xn--p1ai/catalog/poligrafiya/konverty-/,poligrafiya,konverty-,Конверты,,,,False,0,,,Качественная печать на брендированных конвертах. Онлайн калькулятор для просчета! Собственное производство. Качественное исполнение. } Типография Цифра18.рф г. Ижевск,1,0,False
https://xn--18-6kc5a3bxam.xn--p1ai/catalog/poligrafiya/konverty-/konvert-barkhatnyy/,poligrafiya,konverty-,Конверты бархатные,,,,False,0,,,"Бархатные конверты для свадебных приглашений, подарков и открыток. Собственное производство в Ижевске. Широкий выбор цветов и размеров. Закажите онлайн!",3,0,False
https://xn--18-6kc5a3bxam.xn--p1ai/catalog/poligrafiya/konverty-/konvert-mini-pod-kartu-vizitku-sertifikat-6-9sm-120gr/,poligrafiya,konverty-,Конверты МИНИ,,,,False,0,,,"Закажите конверты МИНИ для свадеб, приглашений и подарков. Собственное производство в Ижевске. Онлайн-расчёт стоимости. Качественная бумага, быстрые сроки.",1,0,False
https://xn--18-6kc5a3bxam.xn--p1ai/catalog/poligrafiya/konverty-/konverty-chernye-/,poligrafiya,konverty-,Конверты черные,,,,False,0,,,Черные бумажные подарочные конверты для свадебных приглашений и подарков. Собственное производство в Ижевске. Закажите через онлайн калькулятор.,2,0,True
https://xn--18-6kc5a3bxam.xn--p1ai/catalog/poligrafiya/konverty-/konverty-fakturnaya-bumaga-imitlin-/,poligrafiya,konverty-,Конверты фактурная бумага (имитлин),,,,False,0,,,"Конверты из дизайнерской бумаги имитлин 120 г/м² для свадебных приглашений, открыток и подарков. Широкий выбор цветов. Собственное производство в Ижевске. Закажите онлайн!",3,0,False
https://xn--18-6kc5a3bxam.xn--p1ai/catalog/poligrafiya/konverty-/konverty-iz-kalki-110gr/,poligrafiya,konverty-,Конверты из кальки 110гр,,,,False,0,,,Конверты из кальки 110 г/м² для свадебных приглашений и подарков. Собственное производство в Ижевске. Онлайн-калькулятор тиража. Закажите в типографии «Цифра»!,2,0,False
https://xn--18-6kc5a3bxam.xn--p1ai/catalog/poligrafiya/konverty-/konverty-perlamutrovaya-bumaga/,poligrafiya,konverty-,Конверты перламутровая бумага,,,,False,0,,,"Конверты из перламутровой бумаги на заказ в Ижевске. Свадебные приглашения, подарочные конверты, печать логотипа. Собственное производство, онлайн-калькулятор. Типография «Цифра».",3,0,False
https://xn--18-6kc5a3bxam.xn--p1ai/catalog/poligrafiya/konverty-/konverty-tsvetnye-/,poligrafiya,konverty-,Конверты цветные,,,,False,0,,,"Изготовление цветных конвертов в Ижевске. Дизайнерская бумага, сургуч, печать. Любые тиражи. Собственное производство. Закажите!",4,0,False
https://xn--18-6kc5a3bxam.xn--p1ai/catalog/poligrafiya/konverty-/konverty/,poligrafiya,konverty-,Конверты белые,,,,False,0,,,"Заказать белые конверты с печатью в Ижевске. Тираж от 7 шт. Форматы DL, C5, C4, B5. Нанесение логотипа. Доставка по Ижевску.",6,0,False
https://xn--18-6kc5a3bxam.xn--p1ai/catalog/poligrafiya/korobki-vyrubnye/,poligrafiya,korobki-vyrubnye,Коробки вырубные,,,,False,0,,,Коробки вырубные Типография Цифра18.рф г. Ижевск,1,0,False
https://xn--18-6kc5a3bxam.xn--p1ai/catalog/poligrafiya/korobki-vyrubnye/korobka-pod-kruzhku1568/,poligrafiya,korobki-vyrubnye,Коробка под кружку,,,,False,0,,,"Закажите коробку для кружки с индивидуальной печатью в Ижевске. Микрогофрокартон, дизайнерский картон, атласная лента. Тираж от 40 шт. Типография «Цифра».",2,0,False
https://xn--18-6kc5a3bxam.xn--p1ai/catalog/poligrafiya/korobki-vyrubnye/korobki-dlya-ezhednevnika/,poligrafiya,korobki-vyrubnye,Коробки для ежедневника,,,,False,0,,,"Изготовление коробок для ежедневников по индивидуальным размерам в Ижевске. Тиснение, ламинация, ложемент. Тираж от 50 шт. Рассчитайте стоимость!",1,0,False
https://xn--18-6kc5a3bxam.xn--p1ai/catalog/poligrafiya/korobki-vyrubnye/korobki-dlya-shokolada/,poligrafiya,korobki-vyrubnye,Коробки для шоколада,,,,False,0,,,"Брендированные коробки для шоколада в Ижевске. Изготовление упаковки любой сложности: от 100 шт. Дизайн, тиснение, доставка. Типография Цифра.",6,0,False
https://xn--18-6kc5a3bxam.xn--p1ai/catalog/poligrafiya/korobki-vyrubnye/korobki-pryamougolnye/,poligrafiya,korobki-vyrubnye,Коробки прямоугольные,,,,False,0,,,"Производство прямоугольных коробок из гофрокартона в Ижевске. Печать логотипа, тиснение, ламинирование. От 15 руб/шт. Доставка по Ижевску.",1,0,False
https://xn--18-6kc5a3bxam.xn--p1ai/catalog/poligrafiya/korobki-vyrubnye/korobki-samosbornye-kryshka-dno-/,poligrafiya,korobki-vyrubnye,Коробки самосборные крышка-дно,,,,False,0,,,"Закажите самосборные коробки крышка-дно из микрогофрокартона в Ижевске. Любые размеры, печать, доставка. Типография «Цифра» — производство упаковки на заказ.",2,0,False
https://xn--18-6kc5a3bxam.xn--p1ai/catalog/poligrafiya/korobki-vyrubnye/korobki-samosbornye-s-otkidnoy-kryshkoy/,poligrafiya,korobki-vyrubnye,Коробки самосборные с откидной крышкой,,,,False,0,,,"Самосборные коробки с откидной крышкой из микрогофрокартона в Ижевске. Надёжная упаковка для подарков и почтовой отправки. Индивидуальные размеры, нанесение логотипа. Закажите в типографии Цифра!",2,0,False
https://xn--18-6kc5a3bxam.xn--p1ai/catalog/poligrafiya/laminirovanie/,poligrafiya,laminirovanie,Ламинирование,,,,False,0,,,"Холодная и горячая ламинация, рулонная и пакетная. Глянцевая и матовая плнека плотностью от 30 до 250 микрон. Фольгирование",1,0,False
https://xn--18-6kc5a3bxam.xn--p1ai/catalog/poligrafiya/laminirovanie/goryachee-rulonnoe-laminirovanie/,poligrafiya,laminirovanie,Горячее рулонное ламинирование,,,,False,0,,,"Горячее рулонное ламинирование в Ижевске. Защита документов, плакатов, баннеров. Ширина до 1,6 м. Матовая и глянцевая пленка. Звоните!",1,0,False
https://xn--18-6kc5a3bxam.xn--p1ai/catalog/poligrafiya/laminirovanie/laminirovanie-teploe-shtrokoformatnoe/,poligrafiya,laminirovanie,Ламинирование теплое широкоформатное,,,,False,0,,,"Теплое широкоформатное ламинирование до 1,6 м в Ижевске. Защита баннеров, плакатов и рекламы от влаги и УФ. Типография «Цифра» — качественно и быстро.",1,0,False
https://xn--18-6kc5a3bxam.xn--p1ai/catalog/poligrafiya/laminirovanie/paketnoe-laminirovanie/,poligrafiya,laminirovanie,Пакетное ламинирование,,,,False,0,,,"Пакетное ламинирование документов, плакатов, бейджей и фотографий в Ижевске. Форматы от А4 до А0, матовая и глянцевая плёнка. Быстро и качественно в типографии «Цифра».",3,0,False
https://xn--18-6kc5a3bxam.xn--p1ai/catalog/poligrafiya/laminirovanie/shirokoformatnoe-teploe-laminirovanie/,poligrafiya,laminirovanie,Ламинирование теплое станд. листами,,,,False,0,,,"Теплое ламинирование документов, плакатов, фото стандартными листами в Ижевске. Форматы А4–А0, глянцевая и матовая пленка. Быстро, качественно, недорого.",2,0,False
https://xn--18-6kc5a3bxam.xn--p1ai/catalog/poligrafiya/lekala-vykroyki/,poligrafiya,lekala-vykroyki,"Лекала, выкройки",,,,False,0,,,"Закажите профессиональное изготовление лекал в Ижевске. Цифровые и физические шаблоны для швейного производства, модельных студий и полиграфии. Точность до 0.1 мм.",4,0,False
https://xn--18-6kc5a3bxam.xn--p1ai/catalog/poligrafiya/lekala-vykroyki/lekala-vykroyki/,poligrafiya,lekala-vykroyki,"Лекала, выкройки",,,,False,0,,,"Закажите профессиональное изготовление лекал в Ижевске. Цифровые и физические шаблоны для швейного производства, модельных студий и полиграфии. Точность до 0.1 мм.",4,0,False
https://xn--18-6kc5a3bxam.xn--p1ai/catalog/poligrafiya/listovki-ofsetnaya-pechat/,poligrafiya,listovki-ofsetnaya-pechat,Листовки офсетная печать,,,,False,0,,,Листовки офсетная печать Типография Цифра18.рф г. Ижевск,1,0,False
https://xn--18-6kc5a3bxam.xn--p1ai/catalog/poligrafiya/listovki-ofsetnaya-pechat/evrobuklet-99kh210-mm-ofsetnaya-pechat/,poligrafiya,listovki-ofsetnaya-pechat,ЕВРОБУКЛЕТ 99х210 мм офсетная печать,,,,False,0,,,"Печать евробуклетов 99×210 мм офсетом в Ижевске. Двусторонняя полноцветная печать на мелованной бумаге. Низкие цены, от 500 шт. Закажите в типографии «Цифра»!",1,0,False
https://xn--18-6kc5a3bxam.xn--p1ai/catalog/poligrafiya/listovki-ofsetnaya-pechat/evroflaer-99kh210-mm-ofsetnaya-pechat/,poligrafiya,listovki-ofsetnaya-pechat,ЕВРОФЛАЕР 99х210 мм офсетная печать,,,,False,0,,,Закажите офсетную печать еврофлаеров 99×210 мм в Ижевске. Полноцветная двусторонняя печать на мелованной бумаге. Тиражи от 100 шт. Скидки на крупные заказы.,3,0,False
https://xn--18-6kc5a3bxam.xn--p1ai/catalog/poligrafiya/listovki-ofsetnaya-pechat/liflet-2-faltsa-ofsetnaya-pechat/,poligrafiya,listovki-ofsetnaya-pechat,Лифлет (2 фальца) офсетная печать,,,,False,0,,,"Печать лифлетов с двумя фальцами офсетным способом в Ижевске. Качественная полиграфия для рекламы, выставок и презентаций. Закажите в типографии «Цифра»!",5,0,False
https://xn--18-6kc5a3bxam.xn--p1ai/catalog/poligrafiya/listovki-ofsetnaya-pechat/pechat-listovok-a5-ofsetnaya-pechat/,poligrafiya,listovki-ofsetnaya-pechat,Печать листовок А5 офсетная печать,,,,False,0,,,"Офсетная печать листовок А5 в Ижевске. Полноцветная двусторонняя печать от 500 шт. Низкие цены, качественная бумага. Закажите в типографии Цифра!",4,0,False
https://xn--18-6kc5a3bxam.xn--p1ai/catalog/poligrafiya/listovki-ofsetnaya-pechat/pechat-listovok-a6-ofsetnaya-pechat/,poligrafiya,listovki-ofsetnaya-pechat,Печать листовок А6 офсетная печать,,,,False,0,,,"Офсетная печать листовок А6 в Ижевске. Низкие цены от 100 шт., качественная мелованная бумага, двусторонняя печать. Закажите в типографии «Цифра»!",4,0,False
https://xn--18-6kc5a3bxam.xn--p1ai/catalog/poligrafiya/listovki-ofsetnaya-pechat/pechat-listovok-a7-ofsetnaya-pechat/,poligrafiya,listovki-ofsetnaya-pechat,Печать листовок А7 офсетная печать,,,,False,0,,,"Офсетная печать листовок А7 в Ижевске. Тиражи от 1000 шт. Двусторонняя полноцветная печать. Выгодные цены, сборки со скидкой. Закажите в типографии «Цифра»!",3,0,False
https://xn--18-6kc5a3bxam.xn--p1ai/catalog/poligrafiya/listovki-tsifrovaya-pechat/,poligrafiya,listovki-tsifrovaya-pechat,Листовки цифровая печать,,,,False,0,,,Мы печатаем на офсете и цифровых машинах любую листовую продукцию для раздачи. Современное оборудование и оптимизация по закупке расходных материалов позволяет удерживать конкурентные цены и высокую скорость производства,1,0,False
https://xn--18-6kc5a3bxam.xn--p1ai/catalog/poligrafiya/listovki-tsifrovaya-pechat/evroflaer-99kh210mm/,poligrafiya,listovki-tsifrovaya-pechat,ЕВРОФЛАЕР 99х210мм,,,,False,0,,,"Закажите печать еврофлаеров 99×210 мм в типографии «Цифра» (Ижевск). Офсетная и цифровая печать, мелованная бумага, срочно. Низкие цены, доставка. Звоните!",3,0,False
https://xn--18-6kc5a3bxam.xn--p1ai/catalog/poligrafiya/listovki-tsifrovaya-pechat/liflet-a4-2-faltsa/,poligrafiya,listovki-tsifrovaya-pechat,Лифлет А4 (2 фальца),,,,False,0,,,"Печать лифлетов А4 с двумя фальцами в Ижевске. Недорого, качественно. Цифровая и офсетная печать, любые тиражи. Быстрые сроки. Закажите по выгодной цене в типографии 'Цифра'.",4,0,False
https://xn--18-6kc5a3bxam.xn--p1ai/catalog/poligrafiya/listovki-tsifrovaya-pechat/pechat-listovok-a5/,poligrafiya,listovki-tsifrovaya-pechat,Печать листовок А5,,,,False,0,,,"Закажите печать листовок А5 в Ижевске. Оперативно, качественно, недорого. Офсет и цифра. Мелованная бумага. ✓ Скидки на тиражи. Звоните!",4,0,False
https://xn--18-6kc5a3bxam.xn--p1ai/catalog/poligrafiya/listovki-tsifrovaya-pechat/pechat-listovok-a6/,poligrafiya,listovki-tsifrovaya-pechat,Печать листовок А6,,,,False,0,,,"Закажите печать листовок А6 в Ижевске. Офсетная и цифровая печать, мелованная бумага. Низкие цены от 1,5 руб/шт. Срочно. Звоните!",4,0,False
https://xn--18-6kc5a3bxam.xn--p1ai/catalog/poligrafiya/listovki-tsifrovaya-pechat/pechat-listovok-a7/,poligrafiya,listovki-tsifrovaya-pechat,Печать листовок А7,,,,False,0,,,"Закажите печать листовок А7 в типографии 'Цифра' в Ижевске. Оперативно, качественно, недорого. Офсетная и цифровая печать. От 1 штуки. Звоните!",5,0,False
https://xn--18-6kc5a3bxam.xn--p1ai/catalog/poligrafiya/otkrytki-sertifikaty/,poligrafiya,otkrytki-sertifikaty,"Открытки, сертификаты",,,,False,0,,,"Открытки, сертификаты Типография Цифра18.рф г. Ижевск",1,0,False
https://xn--18-6kc5a3bxam.xn--p1ai/catalog/poligrafiya/otkrytki-sertifikaty/otkrytka-sertifikat-a6-ofsetnaya-pechat/,poligrafiya,otkrytki-sertifikaty,Открытка/ сертификат А6 офсетная печать,,,,False,0,,,"Закажите печать открыток и сертификатов А6 с офсетной печатью в Ижевске. Высокое качество, выгодные цены при больших тиражах. Типография «Цифра».",2,0,False
https://xn--18-6kc5a3bxam.xn--p1ai/catalog/poligrafiya/otkrytki-sertifikaty/otkrytka-sertifikat-a6-s-folgirovaniem/,poligrafiya,otkrytki-sertifikaty,Открытка/сертификат А6 с фольгированием,,,,False,0,,,"Закажите открытку или сертификат А6 с фольгированием в Ижевске. Золото, серебро, голография. Тираж от 20 шт. Дизайн, печать, послепечатная обработка — типография «Цифра».",2,0,False
https://xn--18-6kc5a3bxam.xn--p1ai/catalog/poligrafiya/otkrytki-sertifikaty/otkrytka-sertifikat-a6-tsifrovaya-pechat/,poligrafiya,otkrytki-sertifikaty,Открытка/ сертификат А6 цифровая печать,,,,False,0,,,Цифровая печать открыток и сертификатов А6 в Ижевске. Мелованная бумага и картон 300 г/м². Тираж от 20 шт. Срок от 1 дня. Типография «Цифра».,2,0,False
https://xn--18-6kc5a3bxam.xn--p1ai/catalog/poligrafiya/pakety/,poligrafiya,pakety,Пакеты,,,,False,0,,,Пакеты Типография Цифра18.рф г. Ижевск,1,0,False
https://xn--18-6kc5a3bxam.xn--p1ai/catalog/poligrafiya/pakety/bumazhnyy-paket-belyy-/,poligrafiya,pakety,Бумажный пакет белый ламинированный,,,,False,0,,,"Бумажный пакет белый ламинированный с люверсами и логотипом. Матовая/глянцевая ламинация, от 20 шт., от 3 дней. Типография Цифра, Ижевск.",1,0,False
https://xn--18-6kc5a3bxam.xn--p1ai/catalog/poligrafiya/pakety/bumazhnyy-paket-prezentatsionnyy-ofsetnaya-pechat/,poligrafiya,pakety,Бумажный пакет презентационный офсетная печать,,,,False,0,,,"Бумажные пакеты с логотипом и люверсами. Офсетная печать, ламинация, от 20 шт. Изготовление от 3 дней. Типография Цифра, Ижевск.",2,0,False
https://xn--18-6kc5a3bxam.xn--p1ai/catalog/poligrafiya/pakety/bumazhnyy-paket-prezentatsionnyy/,poligrafiya,pakety,Бумажный пакет презентационный,,,,False,0,,,"Бумажные пакеты с логотипом и люверсами от 20 шт. Плотность от 170 г/м², грузоподъёмность до 3 кг. Срок изготовления от 3 дней. Типография «Цифра», Ижевск.",2,0,False
https://xn--18-6kc5a3bxam.xn--p1ai/catalog/poligrafiya/pakety/kraft-pakety-podarochnye/,poligrafiya,pakety,Крафт пакет подарочный,,,,False,0,,,Изготовление подарочных крафт-пакетов с логотипом в Ижевске. Экологичная упаковка от 25 шт. Типография «Цифра» — качественно и быстро.,2,0,False
https://xn--18-6kc5a3bxam.xn--p1ai/catalog/poligrafiya/pakety/kraft-pakety-s-kruchennymi-ruchkami/,poligrafiya,pakety,Крафт пакет с крученными ручками,,,,False,0,,,Закажите крафт-пакеты с кручёными ручками и печатью в Ижевске. Экологичная упаковка для рекламы и подарков. Тираж от 100 штук. Типография Цифра.,2,0,False
https://xn--18-6kc5a3bxam.xn--p1ai/catalog/poligrafiya/pakety/pakety-belye-pvd/,poligrafiya,pakety,Пакеты БЕЛЫЕ ПВД,,,,False,0,,,Закажите белые пакеты ПВД в Ижевске от типографии «Цифра». Производство от 250 шт. Печать логотипа на пакетах. Доставка по Ижевску и Удмуртии.,2,0,False
https://xn--18-6kc5a3bxam.xn--p1ai/catalog/poligrafiya/pakety/pakety-tsvetnye-pvd/,poligrafiya,pakety,Пакеты ЦВЕТНЫЕ ПВД,,,,False,0,,,"Закажите цветные пакеты ПВД в Ижевске в Типографии Цифра. Печать логотипа, минимальный тираж 250 шт. Сроки от 3–5 дней. Доставка по Удмуртии.",2,0,False
https://xn--18-6kc5a3bxam.xn--p1ai/catalog/poligrafiya/papki-/,poligrafiya,papki-,Папки,,,,False,0,,,Папки Типография Цифра18.рф г. Ижевск,1,0,False
https://xn--18-6kc5a3bxam.xn--p1ai/catalog/poligrafiya/papki-/katalog-na-boltakh/,poligrafiya,papki-,Каталог на болтах,,,,False,0,,,"Папки на полиграфических болтах на заказ в Ижевске. Надёжное крепление для каталогов, меню, прайс-листов. Многократное использование, замена листов. От 1 шт.",1,0,False
https://xn--18-6kc5a3bxam.xn--p1ai/catalog/poligrafiya/papki-/papka-na-knopke/,poligrafiya,papki-,Папка на кнопке,,,,False,0,,,"Папка на кнопке с логотипом компании в Ижевске. УФ-печать от 1 шт., от 45 ₽. Короткие сроки, нанесение на тёмный пластик. Закажите в типографии «Цифра»!",3,0,False
https://xn--18-6kc5a3bxam.xn--p1ai/catalog/poligrafiya/papki-/papka-na-rezkinke/,poligrafiya,papki-,Папка на резкинке,,,,False,0,,,"Брендирование папок на резинке в Ижевске. УФ-печать с белым цветом, тиснение фольгой. От 45 ₽/шт. Срочное изготовление. Типография Цифра.",2,0,False
https://xn--18-6kc5a3bxam.xn--p1ai/catalog/poligrafiya/papki-/papka-planshet-brendirovannaya/,poligrafiya,papki-,Папка планшет брендированная,,,,False,0,,,"Изготовление брендированных папок с прижимом с нанесением логотипа УФ-печатью в Ижевске. Короткие сроки, печать белым цветом. Звоните!",2,0,False
https://xn--18-6kc5a3bxam.xn--p1ai/catalog/poligrafiya/papki-/papka-planshet-s-prizhimom/,poligrafiya,papki-,Папка планшет с прижимом,,,,False,0,,,"Папка планшет с прижимом с логотипом компании в Ижевске. УФ-печать, включая белый цвет. От 45 шт. Короткие сроки. Типография Цифра.",2,0,False
https://xn--18-6kc5a3bxam.xn--p1ai/catalog/poligrafiya/papki-/papki-na-koltsakh/,poligrafiya,papki-,Папка на кольцах,,,,False,0,,,"Изготовление фирменных папок на кольцах с логотипом в Ижевске. Размеры А5, А4, А3, металлические механизмы, тиснение и печать. От 1 шт. Звоните!",1,0,False
https://xn--18-6kc5a3bxam.xn--p1ai/catalog/poligrafiya/papki-/pechat-na-papkakh-ugolkakh-i-faylakh/,poligrafiya,papki-,Папка-уголок,,,,False,0,,,"Нанесение логотипа на пластиковые папки-уголки УФ-печатью в Ижевске. От 1 шт. Полноцветная печать, включая белый. Лавсан и ПВХ. Короткие сроки.",6,0,False
https://xn--18-6kc5a3bxam.xn--p1ai/catalog/poligrafiya/papki-/pechat-na-papkakh-ugolkakh-i-faylakh3478/,poligrafiya,papki-,Печать на файлах,,,,False,0,,,"Печать на файлах в Ижевске. УФ-печать на файлах-вкладышах с логотипом. Быстрые сроки, высокое качество. Цена от 45 руб.",2,0,False
https://xn--18-6kc5a3bxam.xn--p1ai/catalog/poligrafiya/pechat-belym-tonerom/,poligrafiya,pechat-belym-tonerom,Печать белым тонером,,,,False,0,,,"Печать белым тонером на тёмных материалах в Ижевске. Визитки, пригласительные, этикетки, постеры. Цифровая печать A3. Конкурентные цены.",2,0,False
https://xn--18-6kc5a3bxam.xn--p1ai/catalog/poligrafiya/pechat-belym-tonerom/pechat-belym-tonerom/,poligrafiya,pechat-belym-tonerom,Печать белым тонером,,,,False,0,,,"Печать белым тонером на тёмных материалах в Ижевске. Визитки, пригласительные, этикетки, постеры. Цифровая печать A3. Конкурентные цены.",2,0,False
https://xn--18-6kc5a3bxam.xn--p1ai/catalog/poligrafiya/pechat-na-samokleyashchikhsya-materialakh/,poligrafiya,pechat-na-samokleyashchikhsya-materialakh,Печать на самоклеящихся материалах,,,,False,0,,,Печать на самоклеящихся материалах Типография Цифра18.рф г. Ижевск,1,0,False
https://xn--18-6kc5a3bxam.xn--p1ai/catalog/poligrafiya/pechat-na-samokleyashchikhsya-materialakh/figurnye-nakleyki-na-golograficheskoy-plenke-uf-pechat/,poligrafiya,pechat-na-samokleyashchikhsya-materialakh,Фигурные наклейки на голографической пленке УФ печать,,,,False,0,,,"Недорого, срочно, качественно. Цена от 270 руб. Доставка по РФ. Полиграфия / Печать на самоклеящихся материалах, Фигурные наклейки на голографической пленке УФ печать. Типография Цифра18.рф г. Ижевск",2,0,False
https://xn--18-6kc5a3bxam.xn--p1ai/catalog/poligrafiya/pechat-na-samokleyashchikhsya-materialakh/figurnye-nakleyki-na-golograficheskoy-plenke/,poligrafiya,pechat-na-samokleyashchikhsya-materialakh,Фигурные наклейки на голографической пленке (широкоформатная печать от 1кв.м.),,,,False,0,,,Фигурные наклейки на голографической пленке от 270 руб. Широкоформатная печать от 1 кв.м. Изготовление по макету в Ижевске. Типография Цифра.,4,0,False
https://xn--18-6kc5a3bxam.xn--p1ai/catalog/poligrafiya/pechat-na-samokleyashchikhsya-materialakh/figurnye-nakleyki-na-plenke-zerkalnoe-zoloto/,poligrafiya,pechat-na-samokleyashchikhsya-materialakh,Фигурные наклейки на пленке зеркальное золото,,,,False,0,,,"Фигурные наклейки на зеркальной золотой пленке в Ижевске. Любые размеры и формы по вашему макету. Самоклеящиеся этикетки для упаковки, декора, брендирования. Закажите в типографии Цифра.",3,0,False
https://xn--18-6kc5a3bxam.xn--p1ai/catalog/poligrafiya/pechat-na-samokleyashchikhsya-materialakh/figurnye-nakleyki-na-prozrachnoy-plenke-uf-pechat/,poligrafiya,pechat-na-samokleyashchikhsya-materialakh,Фигурные наклейки на прозрачной пленке УФ печать,,,,False,0,,,"Недорого, срочно, качественно. Цена от руб. Доставка по РФ. Полиграфия / Печать на самоклеящихся материалах, Фигурные наклейки на прозрачной пленке УФ печать. Типография Цифра18.рф г. Ижевск",1,0,False
https://xn--18-6kc5a3bxam.xn--p1ai/catalog/poligrafiya/pechat-na-samokleyashchikhsya-materialakh/figurnye-nakleyki-na-samokleyushcheysya-bumage/,poligrafiya,pechat-na-samokleyashchikhsya-materialakh,Фигурные наклейки на самоклеющейся бумаге,,,,False,0,,,"Закажите фигурные наклейки на самоклеющейся бумаге в Ижевске. Плоттерная резка, любые формы и размеры. Типография Цифра — быстро, качественно, по вашему макету.",3,0,False
https://xn--18-6kc5a3bxam.xn--p1ai/catalog/poligrafiya/pechat-na-samokleyashchikhsya-materialakh/figurnye-nakleyki-na-samokleyushcheysya-plenke-belym-tonerom/,poligrafiya,pechat-na-samokleyashchikhsya-materialakh,Фигурные наклейки на самоклеющейся пленке белым тонером,,,,False,0,,,"Недорого, срочно, качественно. Цена от 340 руб. Доставка по РФ. Полиграфия / Печать на самоклеящихся материалах, Фигурные наклейки на самоклеющейся пленке белым тонером. Типография Цифра18.рф г. Ижевск",1,0,False
https://xn--18-6kc5a3bxam.xn--p1ai/catalog/poligrafiya/pechat-na-samokleyashchikhsya-materialakh/figurnye-nakleyki-na-samokleyushcheysya-plenke-zerkalnoe-serebro/,poligrafiya,pechat-na-samokleyashchikhsya-materialakh,Фигурные наклейки на пленке зеркальное серебро,,,,False,0,,,Печать фигурных наклеек на самоклеящейся пленке зеркальное серебро в Ижевске. Любые размеры и формы по вашему макету. Сроки от 1 дня. Звоните!,2,0,False
https://xn--18-6kc5a3bxam.xn--p1ai/catalog/poligrafiya/pechat-na-samokleyashchikhsya-materialakh/figurnye-nakleyki-na-samokleyushcheysya-plenke/,poligrafiya,pechat-na-samokleyashchikhsya-materialakh,Фигурные наклейки на самоклеющейся пленке,,,,False,0,,,Печать фигурных наклеек на самоклеющейся пленке в Ижевске. Любые размеры и формы по вашему макету. Типография Цифра.,5,0,False
https://xn--18-6kc5a3bxam.xn--p1ai/catalog/poligrafiya/pechat-na-samokleyashchikhsya-materialakh/figurnye-nakleyki-na-tsvetnoy-plenke-uf-pechat/,poligrafiya,pechat-na-samokleyashchikhsya-materialakh,Фигурные наклейки на цветной пленке УФ печать,,,,False,0,,,"Недорого, срочно, качественно. Цена от 270 руб. Доставка по РФ. Полиграфия / Печать на самоклеящихся материалах, Фигурные наклейки на цветной пленке УФ печать. Типография Цифра18.рф г. Ижевск",2,0,False
https://xn--18-6kc5a3bxam.xn--p1ai/catalog/poligrafiya/pechat-na-samokleyashchikhsya-materialakh/figurnye-nakleyki-s-folgirovaniem-na-beloy-plenke/,poligrafiya,pechat-na-samokleyashchikhsya-materialakh,Фигурные наклейки с фольгированием на белой пленке,,,,False,0,,,"Недорого, срочно, качественно. Цена от 10 руб. Доставка по РФ. Полиграфия / Печать на самоклеящихся материалах, Фигурные наклейки с фольгированием на белой пленке. Типография Цифра18.рф г. Ижевск",2,0,False
https://xn--18-6kc5a3bxam.xn--p1ai/catalog/poligrafiya/pechat-na-samokleyashchikhsya-materialakh/figurnye-nakleyki-s-folgirovaniem-na-prozrachnoy-plenke/,poligrafiya,pechat-na-samokleyashchikhsya-materialakh,Фигурные наклейки с фольгированием на прозрачной пленке,,,,False,0,,,"Недорого, срочно, качественно. Цена от 10 руб. Доставка по РФ. Полиграфия / Печать на самоклеящихся материалах, Фигурные наклейки с фольгированием на прозрачной пленке. Типография Цифра18.рф г. Ижевск",1,0,False
https://xn--18-6kc5a3bxam.xn--p1ai/catalog/poligrafiya/pechat-na-samokleyashchikhsya-materialakh/figurnye-nakleyki-s-folgirovaniem-na-tsvetnoy-plenke/,poligrafiya,pechat-na-samokleyashchikhsya-materialakh,Фигурные наклейки с фольгированием на цветной пленке,,,,False,0,,,"Недорого, срочно, качественно. Цена от 10 руб. Доставка по РФ. Полиграфия / Печать на самоклеящихся материалах, Фигурные наклейки с фольгированием на цветной пленке. Типография Цифра18.рф г. Ижевск",1,0,False
https://xn--18-6kc5a3bxam.xn--p1ai/catalog/poligrafiya/pechat-na-samokleyashchikhsya-materialakh/figurnye-nakleyki-shirokoformatnaya-pechat-na-plenke-ot-1kv-m/,poligrafiya,pechat-na-samokleyashchikhsya-materialakh,Фигурные наклейки на пленке (широкоформатная печать от 1кв.м.),,,,False,0,,,"Фигурные наклейки на самоклеящейся пленке любой формы. Широкоформатная печать от 1 м², плоттерная резка. Типография «Цифра», Ижевск. Закажите!",4,0,True
https://xn--18-6kc5a3bxam.xn--p1ai/catalog/poligrafiya/pechat-na-samokleyashchikhsya-materialakh/listovaya-pechat-na-samokleyushcheysya-bumage-a3/,poligrafiya,pechat-na-samokleyashchikhsya-materialakh,Листовая печать на самоклеющейся бумаге А3+,,,,False,0,,,"Цифровая печать этикеток и наклеек на самоклейке А3+ в Ижевске. От 1 листа, фигурная высечка, матовая и глянцевая бумага. Типография «Цифра».",10,0,False
https://xn--18-6kc5a3bxam.xn--p1ai/catalog/poligrafiya/pechat-na-samokleyashchikhsya-materialakh/listovaya-pechat-na-samokleyushcheysya-plenke-do-sra3/,poligrafiya,pechat-na-samokleyashchikhsya-materialakh,Листовая печать на самоклеющейся пленке SRA3,,,,False,0,,,"Печать наклеек и этикеток на самоклеющейся пленке SRA3 в Ижевске. Полноцветная печать, фигурная резка, любые тиражи. Типография «Цифра» — ул. Песочная, 34.",9,0,False
https://xn--18-6kc5a3bxam.xn--p1ai/catalog/poligrafiya/pechat-na-samokleyashchikhsya-materialakh/stikerpaki-na-samokleyushcheysya-bumage/,poligrafiya,pechat-na-samokleyashchikhsya-materialakh,Стикерпаки на самоклеющейся бумаге,,,,False,0,,,"Печать стикерпаков на самоклеющейся бумаге в Ижевске. Наборы наклеек любых форм и тематик. Цифровая печать, фигурная вырубка. Закажите в типографии «Цифра».",8,0,False
https://xn--18-6kc5a3bxam.xn--p1ai/catalog/poligrafiya/pechat-na-samokleyashchikhsya-materialakh/stikerpaki-na-samokleyushcheysya-plenke/,poligrafiya,pechat-na-samokleyashchikhsya-materialakh,Стикерпаки на самоклеющейся пленке,,,,False,0,,,"Печать стикерпаков на самоклеящейся пленке в Ижевске. Яркие, устойчивые к влаге и солнцу наклейки для бренда. Закажите в типографии «Цифра»!",8,0,False
https://xn--18-6kc5a3bxam.xn--p1ai/catalog/poligrafiya/plotternaya-rezka/,poligrafiya,plotternaya-rezka,Плоттерная резка,,,,False,0,,,Плоттерная резка Типография Цифра18.рф г. Ижевск,1,0,False
https://xn--18-6kc5a3bxam.xn--p1ai/catalog/poligrafiya/plotternaya-rezka/plotternaya-rezka-listami-a31255/,poligrafiya,plotternaya-rezka,Рулонная плоттерная резка пленки до 1.6м,,,,False,0,,,"Плоттерная резка самоклеящейся пленки ПВХ до 1,6 м в Ижевске. Печать на пленке с резкой по меткам. Минимальный заказ от 0,25 м². Типография Цифра.",5,0,False
https://xn--18-6kc5a3bxam.xn--p1ai/catalog/poligrafiya/plotternaya-rezka/plotternaya-rezka-listami-sra3/,poligrafiya,plotternaya-rezka,Плоттерная резка листами SRA3,,,,False,0,,,Плоттерная резка листами SRA3 в Ижевске. Высокоточная контурная резка самоклеящейся пленки ПВХ. Печать на пленке с последующей резкой по меткам. Типография «Цифра».,4,0,False
https://xn--18-6kc5a3bxam.xn--p1ai/catalog/poligrafiya/postpechatnye-raboty/,poligrafiya,postpechatnye-raboty,Постпечатные работы,,,,False,0,,,"Недорого, срочно, качественно. Цена от руб. Доставка по РФ. Полиграфия / Постпечатные работы, Постпечатные работы. Типография Цифра18.рф г. Ижевск",2,0,False
https://xn--18-6kc5a3bxam.xn--p1ai/catalog/poligrafiya/postpechatnye-raboty/postpechatnye-raboty/,poligrafiya,postpechatnye-raboty,Постпечатные работы,,,,False,0,,,"Недорого, срочно, качественно. Цена от руб. Доставка по РФ. Полиграфия / Постпечатные работы, Постпечатные работы. Типография Цифра18.рф г. Ижевск",2,0,False
https://xn--18-6kc5a3bxam.xn--p1ai/catalog/poligrafiya/rizografiya/,poligrafiya,rizografiya,Ризография,,,,False,0,,,"Скоростная дешевая печать черно белых листовок, обьявлений и документов на ризографе А4 и А3. Также печатаем в цвете на плоттере чертежи, постеры плакаты из любых программ в т.ч. Компас, Автокад. Любые форматы - А4, А3",1,0,False
https://xn--18-6kc5a3bxam.xn--p1ai/catalog/poligrafiya/rizografiya/rizografiya-a4/,poligrafiya,rizografiya,Ризография А3,,,,False,0,,,"Ризография А3 в Ижевске от типографии «Цифра». Быстрая и дешёвая чёрно-белая печать бланков, методичек, листовок. Тиражи от 50 листов. Срок от 1 часа. Звоните!",5,0,False
https://xn--18-6kc5a3bxam.xn--p1ai/catalog/poligrafiya/rizografiya/rizografiya-a41169/,poligrafiya,rizografiya,Ризография А4,,,,False,0,,,"Оперативная черно-белая ризография А4 в Ижевске. Печать больших тиражей бланков, методичек, листовок. Низкие цены, быстрые сроки. Закажите!",5,0,False
https://xn--18-6kc5a3bxam.xn--p1ai/catalog/poligrafiya/teybl-tent/,poligrafiya,teybl-tent,Тейбл-тент,,,,False,0,,,Тейбл-тент — печать фото на стеклянном треке. Оригинальный подарок в Ижевске. Персонализация с вашей фотографией и текстом. Закажите в типографии «Цифра»!,1,0,False
https://xn--18-6kc5a3bxam.xn--p1ai/catalog/poligrafiya/teybl-tent/teybl-tent/,poligrafiya,teybl-tent,Тейбл-тент,,,,False,0,,,Тейбл-тент — печать фото на стеклянном треке. Оригинальный подарок в Ижевске. Персонализация с вашей фотографией и текстом. Закажите в типографии «Цифра»!,1,0,False
https://xn--18-6kc5a3bxam.xn--p1ai/catalog/poligrafiya/tsifrovaya-pechat/,poligrafiya,tsifrovaya-pechat,Цифровая печать,,,,False,0,,,"Печатаем на профессиональном современном оборудовании любых форматов А4, А3, А2, А1 и А0. Чертежи, постеры, плакаты, большие фотографии. Недорого. Доставка.",1,0,False
https://xn--18-6kc5a3bxam.xn--p1ai/catalog/poligrafiya/tsifrovaya-pechat/tsifrovaya-listovaya-lazernaya-pechat-a3/,poligrafiya,tsifrovaya-pechat,Цифровая листовая лазерная печать А3+,,,,False,0,,,"Профессиональная цифровая листовая лазерная печать формата А3+ в Ижевске. Высокое качество, оперативные сроки, конкурентные цены. Печать на мелованной бумаге, дизайнерском картоне, самоклеящейся пленке. Закажите прямо сейчас!",3,0,False
https://xn--18-6kc5a3bxam.xn--p1ai/catalog/poligrafiya/tsifrovaya-pechat/tsifrovaya-listovaya-lazernaya-pechat-a4/,poligrafiya,tsifrovaya-pechat,Цифровая листовая лазерная печать А4,,,,False,0,,,"Быстрая цифровая печать А4 на лазерных принтерах. Визитки, листовки, буклеты, наклейки. Низкая цена, от 1 экз. Высокое качество. Заказать в Ижевске.",2,0,False
https://xn--18-6kc5a3bxam.xn--p1ai/catalog/poligrafiya/uf-pechat1/,poligrafiya,uf-pechat1,УФ печать,,,,False,0,,,"Уф-печать отлично сохраняется на дереве, плитке, силикатном стекле, мебели (МДФ, фасады, отделочные панели), пластике, металле, зеркалах, камне и других материалах.",1,0,False
https://xn--18-6kc5a3bxam.xn--p1ai/catalog/poligrafiya/uf-pechat1/uf-pechat-do-150sm2/,poligrafiya,uf-pechat1,УФ печать до 150 см2,,,,False,0,,,"Закажите УФ печать на небольших предметах площадью до 150 см². Высокое качество, стойкость, любые материалы. Типография Цифра в Ижевске. Звоните!",1,0,False
https://xn--18-6kc5a3bxam.xn--p1ai/catalog/poligrafiya/uf-pechat1/uf-pechat-do-600-kh900mm/,poligrafiya,uf-pechat1,Уф печать до 600 х900мм,,,,False,0,,,"Недорого, срочно, качественно. Цена от руб. Доставка по РФ. Полиграфия / УФ печать, Уф печать до 600 х900мм. Типография Цифра18.рф г. Ижевск",1,0,False
https://xn--18-6kc5a3bxam.xn--p1ai/catalog/poligrafiya/uf-pechat1/uf-pechat-ot-151-sm2-do-300-kh-420-mm-/,poligrafiya,uf-pechat1,Уф печать от 151 см2 (до 300 х 420 мм),,,,False,0,,,"УФ-печать на любых материалах (пластик, металл, дерево, стекло) в Ижевске. Высокое качество, стойкость, срочно. Заказывайте по ул. Песочная, 34 или онлайн.",1,0,False
https://xn--18-6kc5a3bxam.xn--p1ai/catalog/poligrafiya/vizitki/,poligrafiya,vizitki,Визитки,,,,False,0,,,"Изготовим визитки с вашим макетом от 100 штук, сроки 1 час, цифровая печать, офсетная печать. При необходимости разработаем дизайн. Уникальное предложение - печать визиток белым цветом на темных материалах!",1,0,False
https://xn--18-6kc5a3bxam.xn--p1ai/catalog/poligrafiya/vizitki/derevyannye-vizitki-/,poligrafiya,vizitki,Деревянные визитки,от 15 ₽/шт.,15,шт.,True,5,15,33,"Печать элитных визиток на дизайнерском картоне в Ижевске. Более 50 видов фактур, тиснение фольгой, конгрев. Сроки от 1 дня. Закажите в типографии Цифра!",3,0,True
https://xn--18-6kc5a3bxam.xn--p1ai/catalog/poligrafiya/vizitki/ofsetnaya-pechat-standartnykh-vizitok/,poligrafiya,vizitki,Офсетная печать стандартных визиток,от 72 ₽/шт.,72,шт.,True,6,72,85,"Офсетная печать стандартных визиток 90×50 мм в Ижевске. Тираж от 1000 шт., низкая цена, высокое качество. Постпечатная обработка. Звоните!",4,0,True
https://xn--18-6kc5a3bxam.xn--p1ai/catalog/poligrafiya/vizitki/tsifrovaya-pechat-standartnykh-vizitok/,poligrafiya,vizitki,Цифровая печать стандартных визиток,от 3 ₽/шт.,3,шт.,True,10,3,90,"Профессиональная цифровая печать визиток стандартного размера 5x9 см в Ижевске. Корпоративные, личные, элитные визитки. Быстро, качественно, от 50 штук. Закажите сейчас!",5,0,True
https://xn--18-6kc5a3bxam.xn--p1ai/catalog/poligrafiya/vizitki/vizitki-na-chernom-kartone/,poligrafiya,vizitki,Визитки на черном картоне,от 9 ₽/шт.,9,шт.,True,6,9,80,"Закажите премиальные визитки на черном картоне в типографии Цифра (Ижевск). УФ-печать белым цветом, фольгирование, тиснение. Высокое качество. Звоните!",5,0,True
https://xn--18-6kc5a3bxam.xn--p1ai/catalog/poligrafiya/vizitki/vizitki-na-dizaynerskom-kartone/,poligrafiya,vizitki,Визитки на дизайнерском картоне,от 9 ₽/шт.,9,шт.,True,5,9,70,"Печать элитных визиток на дизайнерском картоне в Ижевске. Более 50 видов фактур, тиснение фольгой, конгрев. Сроки от 1 дня. Закажите в типографии Цифра!",5,0,True
https://xn--18-6kc5a3bxam.xn--p1ai/catalog/poligrafiya/vizitki/vizitki-na-krafte/,poligrafiya,vizitki,Визитки на крафте,от 6 ₽/шт.,6,шт.,True,5,6,80,"Экологичные визитки на крафте в Ижевске. Печать от 4.5 руб/шт. Высокое качество, постпечатная обработка, срочно. Закажите в типографии Цифра!",3,0,True
https://xn--18-6kc5a3bxam.xn--p1ai/catalog/poligrafiya/vizitki/vizitki-na-prozrachnom-plastike/,poligrafiya,vizitki,Визитки на прозрачном пластике,от 50 ₽/шт.,50,шт.,True,5,50,50,"Оригинальные визитки на прозрачном матовом пластике. УФ-печать с белым цветом, выборочное лакирование. Быстро и качественно в Ижевске. Закажите сейчас!",5,0,True
https://xn--18-6kc5a3bxam.xn--p1ai/catalog/poligrafiya/vizitki/vizitki-na-tsvetnom-plastike/,poligrafiya,vizitki,Визитки на цветном пластике,от 12 ₽/шт.,12,шт.,True,5,12,35,"Недорого, срочно, качественно. Цена от руб. Доставка по РФ. Полиграфия / Визитки, Визитки на цветном пластике. Типография Цифра18.рф г. Ижевск",1,0,False
https://xn--18-6kc5a3bxam.xn--p1ai/catalog/poligrafiya/vizitki/vizitki-plastikovye/,poligrafiya,vizitki,Визитки пластиковые,от 15 ₽/шт.,15,шт.,True,5,15,33,"Изготовление пластиковых визиток в Ижевске. Долговечные, стильные, от 40 штук. УФ-печать, тиснение, вырубка. Звоните и заказывайте по выгодной цене в типографии Цифра.",1,0,False
https://xn--18-6kc5a3bxam.xn--p1ai/catalog/poligrafiya/vizitki/vizitki-premium-klassa/,poligrafiya,vizitki,Визитки премиум класса,,,,False,0,,,"Закажите визитки премиум класса в Ижевске. Дизайнерская бумага, тиснение, фольгирование, вырубка. 18 лет опыта. Индивидуальный дизайн. Звоните!",1,0,False
https://xn--18-6kc5a3bxam.xn--p1ai/catalog/poligrafiya/vizitki/vizitki-s-folgirovaniem/,poligrafiya,vizitki,Визитки с фольгированием,от 21 ₽/шт.,21,шт.,True,4,21,33,"Изготовление визиток с фольгированием (золото, серебро) в Ижевске. Премиальный дизайн, дизайнерский картон, малые тиражи. Закажите элитные визитки с тиснением в типографии Цифра. Звоните!",1,0,True
https://xn--18-6kc5a3bxam.xn--p1ai/catalog/poligrafiya/vizitki/vizitki-s-laminatsiey-soft-tach/,poligrafiya,vizitki,Визитки с ламинацией софт тач,от 8 ₽/шт.,8,шт.,True,10,8,60,"Закажите визитки с ламинацией софт тач в Ижевске. Бархатистое покрытие, премиальный вид. Печать от 100 шт. Срочно. Доставка. Низкие цены. Звоните!",3,0,True
https://xn--18-6kc5a3bxam.xn--p1ai/catalog/poligrafiya/vysechnaya-produktsiya/,poligrafiya,vysechnaya-produktsiya,Высечная продукция,,,,False,0,,,Высечная продукция Типография Цифра18.рф г. Ижевск,0,0,False
https://xn--18-6kc5a3bxam.xn--p1ai/catalog/poligrafiya/vysechnaya-produktsiya/rezka-mikrogofrokartona/,poligrafiya,vysechnaya-produktsiya,Резка микрогофрокартона,,,,False,0,,,"Закажите точную резку микрогофрокартона в Ижевске. Работаем с любыми объемами и размерами. Оперативные сроки, доступные цены. Типография Цифра.",7,0,False
https://xn--18-6kc5a3bxam.xn--p1ai/catalog/poligrafiya/vysechnaya-produktsiya/vysechnaya-produktsiya-kartona/,poligrafiya,vysechnaya-produktsiya,Высечная продукция картона,,,,False,0,,,"Закажите высечную продукцию из картона в Ижевске. Коробки, упаковка, рекламные стойки от 1 шт. Собственное производство, помощь в разработке конструкции.",6,0,False
https://xn--18-6kc5a3bxam.xn--p1ai/catalog/shirokoformatnaya-pechat/,shirokoformatnaya-pechat,,Широкоформатная печать,,,,False,0,,,Широкоформатная печать Типография Цифра18.рф г. Ижевск,1,0,False
https://xn--18-6kc5a3bxam.xn--p1ai/catalog/shirokoformatnaya-pechat/pechat-na-bannere-shirinoy-do-1-6m/,shirokoformatnaya-pechat,pechat-na-bannere-shirinoy-do-1-6m,Печать на баннере шириной до 1.6м,,,,False,0,,,"Широкоформатная печать на баннере до 1,6м в Ижевске. Винил, латекс, перфорированная ткань. Прошивка, люверсы. Срочно от 1 дня. Заказать по цене от 250 ₽/м².",7,0,False
https://xn--18-6kc5a3bxam.xn--p1ai/catalog/shirokoformatnaya-pechat/pechat-na-bannere-shirinoy-do-3-2m/,shirokoformatnaya-pechat,pechat-na-bannere-shirinoy-do-3-2m,Печать на баннере шириной до 3.2м,,,,False,0,,,"Широкоформатная печать на баннере шириной до 3.2 м в Ижевске. Качественная печать баннеров на виниле, латексе. Низкие цены, быстрые сроки. Закажите в типографии Цифра!",7,0,False
https://xn--18-6kc5a3bxam.xn--p1ai/catalog/shirokoformatnaya-pechat/pechat-na-flazhnoy-tkani/,shirokoformatnaya-pechat,pechat-na-flazhnoy-tkani,Печать на флажной ткани,,,,False,0,,,"Изготовление флагов на заказ в Ижевске. Печать на флажной ткани от 550 руб/м². Корпоративные, геральдические флаги. Быстро, качественно. Звоните!",2,0,False
https://xn--18-6kc5a3bxam.xn--p1ai/catalog/shirokoformatnaya-pechat/pechat-na-plenke-grey-back/,shirokoformatnaya-pechat,pechat-na-plenke-grey-back,Печать на пленке Grey back,,,,False,0,,,"Закажите печать на пленке Grey back в Ижевске. Широкоформатная печать для витрин, окон, фасадов. Цена от 500 руб/м2. Высокое качество, срочно. Звоните!",2,0,False
https://xn--18-6kc5a3bxam.xn--p1ai/catalog/shirokoformatnaya-pechat/pechat-na-plenke-translyutsentnoy-backlit/,shirokoformatnaya-pechat,pechat-na-plenke-translyutsentnoy-backlit,Печать на пленке транслюцентной Backlit,,,,False,0,,,"Закажите печать на транслюцентной пленке Backlit для световых коробов и рекламы. Высокое качество, яркие цвета, долговечность. Изготовление в Ижевске от 1 дня. Цена от 500 руб./м².",2,0,False
https://xn--18-6kc5a3bxam.xn--p1ai/catalog/shirokoformatnaya-pechat/pechat-na-poliesterovoy-tkani/,shirokoformatnaya-pechat,pechat-na-poliesterovoy-tkani,Печать на полиэстеровой ткани,,,,False,0,,,"Закажите широкоформатную печать на полиэстере в Ижевске. Плотность 340 г/м², флаги, баннеры, интерьер. Высокое качество, быстрые сроки. Звоните!",2,0,False
https://xn--18-6kc5a3bxam.xn--p1ai/catalog/shirokoformatnaya-pechat/pechat-na-posternoy-bumage-blue-back/,shirokoformatnaya-pechat,pechat-na-posternoy-bumage-blue-back,Печать на постерной бумаге Blue Back,,,,False,0,,,"Закажите печать на постерной бумаге Blue Back в Ижевске. Высокое качество, быстрые сроки, цены от 420 руб./м². Широкоформатная печать для витрин и интерьеров. Звоните!",3,0,False
https://xn--18-6kc5a3bxam.xn--p1ai/catalog/shirokoformatnaya-pechat/pechat-na-posternoy-bumage/,shirokoformatnaya-pechat,pechat-na-posternoy-bumage,Печать на постерной бумаге,,,,False,0,,,"Закажите печать на постерной бумаге в Ижевске. Высокое качество, доступные цены от 420 руб/м². Плакаты, постеры для рекламы и интерьера. Срочно!",4,0,False
https://xn--18-6kc5a3bxam.xn--p1ai/catalog/shirokoformatnaya-pechat/pechat-na-posternoy-bumage8706/,shirokoformatnaya-pechat,pechat-na-posternoy-bumage8706,Печать на постерной бумаге с ламинацией,,,,False,0,,,"Закажите печать на постерной бумаге с ламинацией в Ижевске. Широкоформатная печать от 420 руб/м2. Высокое качество, быстрые сроки. Звоните!",5,0,False
https://xn--18-6kc5a3bxam.xn--p1ai/catalog/shirokoformatnaya-pechat/pechat-na-samokleyashcheysya-plenke/,shirokoformatnaya-pechat,pechat-na-samokleyashcheysya-plenke,Печать на самоклеящейся пленке,,,,False,0,,,"Широкоформатная печать на самоклеящейся пленке в Ижевске. Виниловые, матовые, глянцевые, перфорированные пленки. Срочно от 350 руб/м². Звоните!",5,0,False
https://xn--18-6kc5a3bxam.xn--p1ai/catalog/stendy/,stendy,,Стенды,,,,False,0,,,Стенды Типография Цифра18.рф г. Ижевск,1,0,False
https://xn--18-6kc5a3bxam.xn--p1ai/catalog/stendy/izdeliya-iz-orgstekla/,stendy,izdeliya-iz-orgstekla,Изделия из оргстекла,,,,False,0,,,"Недорого, срочно, качественно. Цена от руб. Доставка по РФ. Стенды, Изделия из оргстекла. Типография Цифра18.рф г. Ижевск",2,0,False
https://xn--18-6kc5a3bxam.xn--p1ai/catalog/stendy/karman-pet-ploskiy/,stendy,karman-pet-ploskiy,Карман ПЭТ плоский,,,,False,0,,,Плоские прозрачные карманы ПЭТ любых форматов в Ижевске. От 50 шт. Изготовление на заказ — типография «Цифра».,1,0,False
https://xn--18-6kc5a3bxam.xn--p1ai/catalog/stendy/karman-pet-s-prozrachnym-skotchem/,stendy,karman-pet-s-prozrachnym-skotchem,Карман ПЭТ с прозрачным скотчем,,,,False,0,,,"Прозрачный самоклеящийся карман ПЭТ формата A4 для информационных досок. Вертикальный, с клейкой полосой. Купить в Ижевске в типографии «Цифра». Доставка, акции...",1,0,False
https://xn--18-6kc5a3bxam.xn--p1ai/catalog/stendy/stendy/,stendy,stendy,Стенд,,,,False,0,,,"Закажите стенды из пластика, поликарбоната или пенокартона в Ижевске. Печать на плёнке, карманы из ПЭТ-листа. Низкие цены от 1550 руб/м².",2,0,False
https://xn--18-6kc5a3bxam.xn--p1ai/catalog/stendy/tablichki/,stendy,tablichki,Таблички,,,,False,0,,,"Закажите таблички в Ижевске от 1550 руб. Пластик, поликарбонат, пленка за под лицо. Световые коробы, карманы из ПЭТ. Типография Цифра — 18 лет опыта.",1,0,False
https://xn--18-6kc5a3bxam.xn--p1ai/catalog/suvenirnaya-produktsiya/,suvenirnaya-produktsiya,,Сувенирная продукция,,,,False,0,,,"Собственное производство позволяет качественно и быстро производить печать на основных видах сувенирной продукции, например: бейсболки, USB флеш, свитшоты, ветровки, зонты, рюкзаки.",1,0,False
https://xn--18-6kc5a3bxam.xn--p1ai/catalog/suvenirnaya-produktsiya/braslety-silikonovye/,suvenirnaya-produktsiya,braslety-silikonovye,Браслеты силиконовые,,,,False,0,,,"Изготовление силиконовых браслетов с логотипом в Ижевске. Гравировка, деколь, тиснение. От 50 шт. Собственное производство. Доставка по Удмуртии.",2,0,False
https://xn--18-6kc5a3bxam.xn--p1ai/catalog/suvenirnaya-produktsiya/braslety-silikonovye/braslety-silikonovye/,suvenirnaya-produktsiya,braslety-silikonovye,Браслеты силиконовые,,,,False,0,,,"Изготовление силиконовых браслетов с логотипом в Ижевске. Гравировка, деколь, тиснение. От 50 шт. Собственное производство. Доставка по Удмуртии.",2,0,False
https://xn--18-6kc5a3bxam.xn--p1ai/catalog/suvenirnaya-produktsiya/breloki/,suvenirnaya-produktsiya,breloki,Брелоки,,,,False,0,,,"Собственное производство позволяет качественно и быстро производить печать на основных видах сувенирной продукции, например: бейсболки, USB флеш, свитшоты, ветровки, зонты, рюкзаки.",1,0,False
https://xn--18-6kc5a3bxam.xn--p1ai/catalog/suvenirnaya-produktsiya/breloki/brelok-convert-allyuminievyy-serebro/,suvenirnaya-produktsiya,breloki,"Брелок Convert аллюминиевый, серебро",,,,False,0,,,"Брелок Convert из алюминия с нанесением логотипа. Изготовление в Ижевске, от 50 шт. Звоните!",1,0,False
https://xn--18-6kc5a3bxam.xn--p1ai/catalog/suvenirnaya-produktsiya/breloki/brelok-dom-metallicheskiy/,suvenirnaya-produktsiya,breloki,Брелок Дом металлический,,,,False,0,,,"Закажите металлический брелок «Дом» в Ижевске. Лазерная гравировка, эмаль, тампопечать. От 1 шт. Типография «Цифра» — с 2006 года.",2,0,False
https://xn--18-6kc5a3bxam.xn--p1ai/catalog/suvenirnaya-produktsiya/breloki/brelok-hors/,suvenirnaya-produktsiya,breloki,Брелок Hors,,,,False,0,,,"Закажите брелок Hors с логотипом в типографии «Цифра» в Ижевске. Печать на пластике, акриле, металле. Любые тиражи и индивидуальный дизайн.",2,0,False
https://xn--18-6kc5a3bxam.xn--p1ai/catalog/suvenirnaya-produktsiya/breloki/brelok-layn-kozhannyy/,suvenirnaya-produktsiya,breloki,Брелок Лайн кожанный,,,,False,0,,,"Кожаный брелок «Лайн» из натуральной кожи с нанесением логотипа. Корпоративные сувениры и персональные подарки. Типография «Цифра», Ижевск.",2,0,False
https://xn--18-6kc5a3bxam.xn--p1ai/catalog/suvenirnaya-produktsiya/breloki/brelok-long-kozhannyy/,suvenirnaya-produktsiya,breloki,Брелок Long кожанный,,,,False,0,,,"Брелок Long кожаный с нанесением логотипа в Ижевске. Тиснение, гравировка, тампопечать. Корпоративные сувениры от типографии «Цифра». Звоните!",2,0,False
https://xn--18-6kc5a3bxam.xn--p1ai/catalog/suvenirnaya-produktsiya/breloki/brelok-metallicheskiy-lampeduza/,suvenirnaya-produktsiya,breloki,Брелок металлический Лампедуза,,,,False,0,,,"Брелок металлический Лампедуза на заказ в Ижевске. Нанесение логотипа, от 1 шт. Качественные материалы, быстрые сроки. Типография Цифра.",2,0,False
https://xn--18-6kc5a3bxam.xn--p1ai/catalog/suvenirnaya-produktsiya/breloki/brelok-napoli-derevyannyy/,suvenirnaya-produktsiya,breloki,Брелок Napoli деревянный,,,,False,0,,,"Брелок Napoli из натурального дерева — стильный и экологичный аксессуар. Закажите в типографии «Цифра» в Ижевске. Доступные цены, персонализация, доставка.",2,0,False
https://xn--18-6kc5a3bxam.xn--p1ai/catalog/suvenirnaya-produktsiya/breloki/brelok-nobel-metallicheskiy/,suvenirnaya-produktsiya,breloki,Брелок Nobel металлический,,,,False,0,,,"Металлический брелок Nobel с логотипом в Ижевске. Индивидуальный дизайн, нанесение любым способом. Закажите в типографии «Цифра»!",1,0,False
https://xn--18-6kc5a3bxam.xn--p1ai/catalog/suvenirnaya-produktsiya/breloki/brelok-otkryvashka-bavariya/,suvenirnaya-produktsiya,breloki,Брелок-открывашка Бавария,,,,False,0,,,"Брелок-открывашка Бавария с вашим логотипом. Яркий промо-сувенир для баров и фестивалей. Качественная печать, доступные цены. Закажите в типографии Цифра в Ижевске!",2,0,False
https://xn--18-6kc5a3bxam.xn--p1ai/catalog/suvenirnaya-produktsiya/breloki/brelok-ruletka-etti/,suvenirnaya-produktsiya,breloki,Брелок-рулетка Etti,,,,False,0,,,Брелок-рулетка Etti от типографии Цифра в Ижевске. Компактное измерительное устройство с брендированием. Доставка по Ижевску и Удмуртии.,2,0,False
https://xn--18-6kc5a3bxam.xn--p1ai/catalog/suvenirnaya-produktsiya/breloki/brelok-toskana-/,suvenirnaya-produktsiya,breloki,Брелок Тоскана,,,,False,0,,,"Закажите брелоки Тоскана в Ижевске. Минимальный заказ от 40 шт. Брендирование, доставка по Удмуртии. Типография «Цифра» — с 2006 года.",1,0,False
https://xn--18-6kc5a3bxam.xn--p1ai/catalog/suvenirnaya-produktsiya/breloki/breloki-akrilovye/,suvenirnaya-produktsiya,breloki,Брелоки акриловые,,,,False,0,,,"Акриловые брелоки на заказ в Ижевске. Прочные, долговечные, с нанесением логотипа или фото. Быстрое изготовление за 2-3 дня. Звоните!",2,0,False
https://xn--18-6kc5a3bxam.xn--p1ai/catalog/suvenirnaya-produktsiya/brendirovanie-odezhdy/,suvenirnaya-produktsiya,brendirovanie-odezhdy,Брендирование одежды,,,,False,0,,,"Собственное производство позволяет качественно и быстро производить печать на основных видах сувенирной продукции, например: бейсболки, USB флеш, свитшоты, ветровки, зонты, рюкзаки.",1,0,False
https://xn--18-6kc5a3bxam.xn--p1ai/catalog/suvenirnaya-produktsiya/brendirovanie-odezhdy/brendirovanie-beysbolki-kepki/,suvenirnaya-produktsiya,brendirovanie-odezhdy,"Брендирование бейсболки, кепки",,,,False,0,,,"Брендирование бейсболок в Ижевске от типографии Цифра. Вышивка, шелкография, термотрансфер, сублимация. Корпоративные подарки, промо-одежда. Заказать от 1 штуки. Звоните!",3,0,False
https://xn--18-6kc5a3bxam.xn--p1ai/catalog/suvenirnaya-produktsiya/brendirovanie-odezhdy/dtf-dtf-pechat/,suvenirnaya-produktsiya,brendirovanie-odezhdy,DTF ДТФ печать,,,,False,0,,,"Закажите DTF-печать на одежде и аксессуарах в Ижевске. Полноцвет, высокая детализация, износостойкость. Минимальный тираж 1 шт. Срок от 1 дня. Звоните!",2,0,False
https://xn--18-6kc5a3bxam.xn--p1ai/catalog/suvenirnaya-produktsiya/brendirovanie-odezhdy/futbolka-belaya-sendvich-revolution-imitatsiya-khlopka/,suvenirnaya-produktsiya,brendirovanie-odezhdy,Футболка белая СЭНДВИЧ REVOLUTION имитация хлопка,,,,False,0,,,"Купить белую футболку для сублимации СЭНДВИЧ REVOLUTION имитация хлопка в Ижевске. Цена 750 руб./шт. Высокое качество, долговечность. Заказ от 1 штуки. Доставка. Типография Цифра.",2,0,False
https://xn--18-6kc5a3bxam.xn--p1ai/catalog/suvenirnaya-produktsiya/brendirovanie-odezhdy/futbolka-kh-b-polo-/,suvenirnaya-produktsiya,brendirovanie-odezhdy,Футболка х/б ПОЛО,,,,False,0,,,"Закажите футболки поло с логотипом в Ижевске по цене от 1100 руб. Печать на хлопковых поло для корпоративного дресс-кода. Высокое качество, любые тиражи. Звонит...",2,0,False
https://xn--18-6kc5a3bxam.xn--p1ai/catalog/suvenirnaya-produktsiya/brendirovanie-odezhdy/futbolka-uniseks-belaya-poliester-100/,suvenirnaya-produktsiya,brendirovanie-odezhdy,Футболка унисекс белая полиэстер 100%,,,,False,0,,,"Белая футболка унисекс из полиэстера для сублимационной печати по цене от 600 ₽. Штучно и оптом в Ижевске. Высокое качество, стойкие принты. Звоните!",2,0,False
https://xn--18-6kc5a3bxam.xn--p1ai/catalog/suvenirnaya-produktsiya/brendirovanie-odezhdy/futbolka-uniseks-chernaya-tsvetnaya/,suvenirnaya-produktsiya,brendirovanie-odezhdy,Футболка унисекс черная/цветная,,,,False,0,,,"Закажите печать на футболках унисекс черного и цветного цвета в Ижевске. Высокое качество, термоперенос, от 1 штуки. Быстро и недорого. Звоните!",2,0,False
https://xn--18-6kc5a3bxam.xn--p1ai/catalog/suvenirnaya-produktsiya/brendirovanie-odezhdy/korobka-dlya-futbolok/,suvenirnaya-produktsiya,brendirovanie-odezhdy,Коробка для футболок,,,,False,0,,,"Производство коробок для футболок с логотипом. Индивидуальный дизайн, микрогофра/крафт/мелованный. Цена от 44 руб. Закажите упаковку в Ижевске: ул. Песочная, 34...",4,0,False
https://xn--18-6kc5a3bxam.xn--p1ai/catalog/suvenirnaya-produktsiya/brendirovanie-odezhdy/sublimatsionnaya-pechat/,suvenirnaya-produktsiya,brendirovanie-odezhdy,Сублимационная печать,,,,False,0,,,"Профессиональная сублимационная печать на ткани и сувенирах. Яркие цвета, стойкость к стирке. Работаем с любыми тиражами. Звоните в типографию «Цифра» в Ижевске...",2,0,False
https://xn--18-6kc5a3bxam.xn--p1ai/catalog/suvenirnaya-produktsiya/brendirovanie-odezhdy/termoplenka-termotransfer-na-odezhdu/,suvenirnaya-produktsiya,brendirovanie-odezhdy,Термопленка/ термотрансфер на одежду,,,,False,0,,,"Закажите термотрансфер на одежду в Ижевске. Яркие, износостойкие принты. Цена от 35 руб./шт. Минимальный заказ 1 шт. Срочное изготовление. Звоните!",4,0,False
https://xn--18-6kc5a3bxam.xn--p1ai/catalog/suvenirnaya-produktsiya/chekhly-dlya-ruchek/,suvenirnaya-produktsiya,chekhly-dlya-ruchek,Чехлы для ручек,,,,False,0,,,Чехлы для ручек точно в срок. Закажи онлайн и забери заказ в типографии Цифра!,1,0,False
https://xn--18-6kc5a3bxam.xn--p1ai/catalog/suvenirnaya-produktsiya/chekhly-dlya-ruchek/chekhol-dlya-ruchki-24210/,suvenirnaya-produktsiya,chekhly-dlya-ruchek,Чехол для ручки 2,,,,False,0,,,"Закажите чехол для ручки 2 с печатью логотипа в Ижевске. Упаковка 20 шт. Быстрые сроки, качественная полиграфия. Типография «Цифра».",2,0,False
https://xn--18-6kc5a3bxam.xn--p1ai/catalog/suvenirnaya-produktsiya/chekhly-dlya-ruchek/chekhol-dlya-ruchki/,suvenirnaya-produktsiya,chekhly-dlya-ruchek,Чехол для ручки,,,,False,0,,,"Чехол для ручки из дизайнерского картона в Ижевске. Собственное производство, выбор цветов и фактур. Онлайн-калькулятор для просчёта тиража.",3,0,False
https://xn--18-6kc5a3bxam.xn--p1ai/catalog/suvenirnaya-produktsiya/ezhednevniki1738/,suvenirnaya-produktsiya,ezhednevniki1738,Ежедневники,,,,False,0,,,"Собственное производство позволяет качественно и быстро производить печать на основных видах сувенирной продукции, например: бейсболки, USB флеш, свитшоты, ветровки, зонты, рюкзаки.",1,0,False
https://xn--18-6kc5a3bxam.xn--p1ai/catalog/suvenirnaya-produktsiya/ezhednevniki1738/tisnenie-blintovoe/,suvenirnaya-produktsiya,ezhednevniki1738,Тиснение блинтовое,,,,False,0,,,"Блинтовое тиснение на ежедневниках в Ижевске. Рельефное бескрасочное нанесение логотипов. Доступные цены, от 1 экземпляра. Закажите в типографии Цифра!",2,0,False
https://xn--18-6kc5a3bxam.xn--p1ai/catalog/suvenirnaya-produktsiya/ezhednevniki1738/tisnenie-folgoy/,suvenirnaya-produktsiya,ezhednevniki1738,Тиснение фольгой,,,,False,0,,,"Тиснение фольгой на визитках, ежедневниках, открытках. Премиальная отделка полиграфии в Ижевске. 18 лет опыта. Закажите консультацию!",1,0,False
https://xn--18-6kc5a3bxam.xn--p1ai/catalog/suvenirnaya-produktsiya/ezhednevniki1738/uf-pechat-nanesenie-do-50-kv-sm-/,suvenirnaya-produktsiya,ezhednevniki1738,УФ-печать (нанесение до 50 кв.см.),,,,False,0,,,"УФ-печать на ежедневниках в Ижевске от 1 шт. Нанесение логотипа, фото, полноцветных изображений до 50 кв.см. Оборудование Mimaki. Без клише и форм.",2,0,False
https://xn--18-6kc5a3bxam.xn--p1ai/catalog/suvenirnaya-produktsiya/igry-i-golovolomki/,suvenirnaya-produktsiya,igry-i-golovolomki,Игры и головоломки,,,,False,0,,,Собственное производство позволяет качественно и быстро производить печать на основных видах сувенирной продукции,0,0,False
https://xn--18-6kc5a3bxam.xn--p1ai/catalog/suvenirnaya-produktsiya/igry-i-golovolomki/domino-numero/,suvenirnaya-produktsiya,igry-i-golovolomki,Домино Numero,,,,False,0,,,"Недорого, срочно, качественно. Цена от руб. Доставка по РФ. Сувенирная продукция / Игры и головоломки, Домино Numero. Типография Цифра18.рф г. Ижевск",4,0,False
https://xn--18-6kc5a3bxam.xn--p1ai/catalog/suvenirnaya-produktsiya/igry-i-golovolomki/golovolomka-pyatnashki-geometricheskie/,suvenirnaya-produktsiya,igry-i-golovolomki,Головоломка «Пятнашки геометрические»,,,,False,0,,,"Недорого, срочно, качественно. Цена от руб. Доставка по РФ. Сувенирная продукция / Игры и головоломки, Головоломка «Пятнашки геометрические». Типография Цифра18.рф г. Ижевск",2,0,False
https://xn--18-6kc5a3bxam.xn--p1ai/catalog/suvenirnaya-produktsiya/igry-i-golovolomki/golovolomka-pyatnashki/,suvenirnaya-produktsiya,igry-i-golovolomki,Головоломка «Пятнашки»,,,,False,0,,,"Недорого, срочно, качественно. Цена от руб. Доставка по РФ. Сувенирная продукция / Игры и головоломки, Головоломка «Пятнашки». Типография Цифра18.рф г. Ижевск",4,0,False
https://xn--18-6kc5a3bxam.xn--p1ai/catalog/suvenirnaya-produktsiya/igry-i-golovolomki/igra-derevyannaya-bashnya-mini/,suvenirnaya-produktsiya,igry-i-golovolomki,Игра «Деревянная башня мини»,,,,False,0,,,"Недорого, срочно, качественно. Цена от руб. Доставка по РФ. Сувенирная продукция / Игры и головоломки, Игра «Деревянная башня мини». Типография Цифра18.рф г. Ижевск",6,0,False
https://xn--18-6kc5a3bxam.xn--p1ai/catalog/suvenirnaya-produktsiya/igry-i-golovolomki/kartochnaya-igra-memo/,suvenirnaya-produktsiya,igry-i-golovolomki,Карточная игра MEMO,,,,False,0,,,"Недорого, срочно, качественно. Цена от руб. Доставка по РФ. Сувенирная продукция / Игры и головоломки, Карточная игра MEMO. Типография Цифра18.рф г. Ижевск",4,0,False
https://xn--18-6kc5a3bxam.xn--p1ai/catalog/suvenirnaya-produktsiya/igry-i-golovolomki/karty-igralnye/,suvenirnaya-produktsiya,igry-i-golovolomki,Карты игральные,,,,False,0,,,"Недорого, срочно, качественно. Цена от руб. Доставка по РФ. Сувенирная продукция / Игры и головоломки, Карты игральные. Типография Цифра18.рф г. Ижевск",4,0,False
https://xn--18-6kc5a3bxam.xn--p1ai/catalog/suvenirnaya-produktsiya/igry-i-golovolomki/nabor-igr-tetris-pyatnashki-krestiki-noliki/,suvenirnaya-produktsiya,igry-i-golovolomki,"Набор игр (тетрис, пятнашки, крестики/нолики)",,,,False,0,,,"Недорого, срочно, качественно. Цена от руб. Доставка по РФ. Сувенирная продукция / Игры и головоломки, Набор игр (тетрис, пятнашки, крестики/нолики). Типография Цифра18.рф г. Ижевск",2,0,False
https://xn--18-6kc5a3bxam.xn--p1ai/catalog/suvenirnaya-produktsiya/igry-i-golovolomki/pechat-na-pazlakh4263/,suvenirnaya-produktsiya,igry-i-golovolomki,Печать на пазлах,,,,False,0,,,Печать пазлов на заказ – это универсальный подарок на любой праздник! Типография «ЦИFRA» предлагает изготовить пазлы разных размеров и с разным количеством элементов. Пазлы можно выбрать как картонные так и магнитные. Вы сможете подобрать любой подходящий вам вариант.,7,0,False
https://xn--18-6kc5a3bxam.xn--p1ai/catalog/suvenirnaya-produktsiya/igry-i-golovolomki/tetris-derevyannyy/,suvenirnaya-produktsiya,igry-i-golovolomki,Тетрис деревянный,,,,False,0,,,"Недорого, срочно, качественно. Цена от руб. Доставка по РФ. Сувенирная продукция / Игры и головоломки, Тетрис деревянный. Типография Цифра18.рф г. Ижевск",1,0,False
https://xn--18-6kc5a3bxam.xn--p1ai/catalog/suvenirnaya-produktsiya/korporativnye-podarki/,suvenirnaya-produktsiya,korporativnye-podarki,Корпоративные подарки,,,,False,0,,,"Собственное производство позволяет качественно и быстро производить печать на основных видах сувенирной продукции, например: бейсболки, USB флеш, свитшоты, ветровки, зонты, рюкзаки.",1,0,False
https://xn--18-6kc5a3bxam.xn--p1ai/catalog/suvenirnaya-produktsiya/korporativnye-podarki/korobka-otkrytka-s-shokoladom-5gr4215/,suvenirnaya-produktsiya,korporativnye-podarki,Коробка-открытка с шоколадом 5гр.,,,,False,0,,,"Коробка-открытка с шоколадом 5 г и вашим логотипом. Брендированный шоколад — идеальный бизнес-сувенир. Заказ в типографии «Цифра», Ижевск.",2,0,False
https://xn--18-6kc5a3bxam.xn--p1ai/catalog/suvenirnaya-produktsiya/korporativnye-podarki/korobki-samosbornye-s-dvoynym-bortom-dlya-termosa/,suvenirnaya-produktsiya,korporativnye-podarki,Термос в коробке с двойным бортом,,,,False,0,,,"Изготовим коробку с двойным бортом для термоса из картона или дизайнерского картона. Брендирование, индивидуальные размеры. Ижевск, ул. Песочная, 34.",1,0,False
https://xn--18-6kc5a3bxam.xn--p1ai/catalog/suvenirnaya-produktsiya/korporativnye-podarki/korobki-samosbornye-s-dvoynym-bortom-dlya-termosa3599/,suvenirnaya-produktsiya,korporativnye-podarki,Набор товаров в коробке,,,,False,0,,,"Изготовление коробок с двойным бортом для термосов и сувениров в Ижевске. Картон, микрогофрокартон, дизайнерский картон. Брендирование, индивидуальные размеры. Тиражи от 50 шт.",2,0,False
https://xn--18-6kc5a3bxam.xn--p1ai/catalog/suvenirnaya-produktsiya/korporativnye-podarki/korobki-samosbornye-s-lozhementom/,suvenirnaya-produktsiya,korporativnye-podarki,Коробки самосборные с ложементом,,,,False,0,,,"Закажите коробки самосборные с ложементом в Ижевске. Индивидуальный размер, защита хрупких товаров, брендирование. Доставка по России.",4,0,False
https://xn--18-6kc5a3bxam.xn--p1ai/catalog/suvenirnaya-produktsiya/korporativnye-podarki/kruzhka-v-korobke-s-dvoynym-bortom/,suvenirnaya-produktsiya,korporativnye-podarki,Кружка в коробке с двойным бортом,,,,False,0,,,Кружка в коробке с двойным бортом — презентабельная упаковка для сувениров. Изготовление в Ижевске с брендированием. Звоните!,1,0,False
https://xn--18-6kc5a3bxam.xn--p1ai/catalog/suvenirnaya-produktsiya/korporativnye-podarki/shokolad-v-korobke4741/,suvenirnaya-produktsiya,korporativnye-podarki,Шоколад 5гр. в коробке (18шт. в коробке),,,,False,0,,,Брендированный шоколад 5 г в коробке (18 шт.) с логотипом в Ижевске. Молочный или тёмный. Идеальный бизнес-сувенир. Закажите в типографии «Цифра»!,2,0,False
https://xn--18-6kc5a3bxam.xn--p1ai/catalog/suvenirnaya-produktsiya/korporativnye-podarki/upakovka-dlya-alkogolnoy-produktsii/,suvenirnaya-produktsiya,korporativnye-podarki,Упаковка для алкогольной продукции,,,,False,0,,,"Производство подарочной упаковки для алкоголя с логотипом в Ижевске. Брендирование шампанского, водки, виски, коньяка. Корпоративные подарки и новогодние наборы...",2,0,False
https://xn--18-6kc5a3bxam.xn--p1ai/catalog/suvenirnaya-produktsiya/korporativnye-podarki/upakovka-dlya-futbolok/,suvenirnaya-produktsiya,korporativnye-podarki,Упаковка для футболок,,,,False,0,,,"Закажите фирменную упаковку для футболок в Ижевске. Коробки, крафтовые и полиэтиленовые пакеты с логотипом. Индивидуальный дизайн, оперативные сроки, доставка по Удмуртии.",2,0,False
https://xn--18-6kc5a3bxam.xn--p1ai/catalog/suvenirnaya-produktsiya/kubik-transformer/,suvenirnaya-produktsiya,kubik-transformer,Кубик трансформер,,,,False,0,,,"Закажите кубик-трансформер (фотокуб) в типографии Цифра в Ижевске. 12 страниц для презентации, календаря, сувенира. УФ печать и фотопечать. Низкие цены, быстрые сроки.",2,0,False
https://xn--18-6kc5a3bxam.xn--p1ai/catalog/suvenirnaya-produktsiya/kubik-transformer/kubik-transformer/,suvenirnaya-produktsiya,kubik-transformer,Кубик трансформер,,,,False,0,,,"Закажите кубик-трансформер (фотокуб) в типографии Цифра в Ижевске. 12 страниц для презентации, календаря, сувенира. УФ печать и фотопечать. Низкие цены, быстрые сроки.",2,0,False
https://xn--18-6kc5a3bxam.xn--p1ai/catalog/suvenirnaya-produktsiya/lazernaya-gravirovka-markirovka/,suvenirnaya-produktsiya,lazernaya-gravirovka-markirovka,Лазерная гравировка/ маркировка,,,,False,0,,,"Собственное производство позволяет качественно и быстро производить печать на основных видах сувенирной продукции, например: бейсболки, USB флеш, свитшоты, ветровки, зонты, рюкзаки.",1,0,False
https://xn--18-6kc5a3bxam.xn--p1ai/catalog/suvenirnaya-produktsiya/lazernaya-gravirovka-markirovka/gravirovka-na-dereve/,suvenirnaya-produktsiya,lazernaya-gravirovka-markirovka,Лазерная гравировка на дереве,,,,False,0,,,"Гравировка на дереве в Ижевске. Персонализированные подарки, сувениры и декоративные элементы. Закажите у нас!",3,0,False
https://xn--18-6kc5a3bxam.xn--p1ai/catalog/suvenirnaya-produktsiya/lazernaya-gravirovka-markirovka/gravirovka-na-ezhednevnike-kozha-kozh-zam/,suvenirnaya-produktsiya,lazernaya-gravirovka-markirovka,Лазерная гравировка на ежедневнике (кожа/кож.зам),,,,False,0,,,Лазерная гравировка на ежедневниках из кожи и кожзаменителя в Ижевске. Персонализируйте подарок с помощью профессионального оборудования.,2,0,False
https://xn--18-6kc5a3bxam.xn--p1ai/catalog/suvenirnaya-produktsiya/lazernaya-gravirovka-markirovka/gravirovka-na-fleshkakh/,suvenirnaya-produktsiya,lazernaya-gravirovka-markirovka,Лазерная гравировка на флешках,,,,False,0,,,"Лазерная гравировка на флешках в Ижевске. Нанесение логотипов, надписей и изображений. Работаем с единичными заказами и крупными тиражами. Звоните!",2,0,False
https://xn--18-6kc5a3bxam.xn--p1ai/catalog/suvenirnaya-produktsiya/lazernaya-gravirovka-markirovka/gravirovka-na-kruzhkakh-s-pokrytiem-soft-tach/,suvenirnaya-produktsiya,lazernaya-gravirovka-markirovka,Лазерная гравировка на кружках с покрытием софт тач,,,,False,0,,,"Лазерная гравировка на кружках с покрытием софт-тач в Ижевске. Персональные надписи, логотипы, подарки. От 1 шт. — Типография Цифра.",2,0,False
https://xn--18-6kc5a3bxam.xn--p1ai/catalog/suvenirnaya-produktsiya/lazernaya-gravirovka-markirovka/gravirovka-na-metallich-kruzhkakh/,suvenirnaya-produktsiya,lazernaya-gravirovka-markirovka,Лазерная гравировка на металлических кружках,,,,False,0,,,"Лазерная гравировка на металлических кружках в Ижевске. Нанесение логотипов, надписей, персонализация. Долговечное монохромное изображение. Закажите в типографии Цифра!",2,0,False
https://xn--18-6kc5a3bxam.xn--p1ai/catalog/suvenirnaya-produktsiya/lazernaya-gravirovka-markirovka/gravirovka-na-ruchkakh/,suvenirnaya-produktsiya,lazernaya-gravirovka-markirovka,Лазерная гравировка на ручках,,,,False,0,,,"Лазерная гравировка на ручках в Ижевске. Нанесение логотипов и надписей на корпоративные сувениры. Любой тираж, доступные цены. Типография «Цифра».",2,0,False
https://xn--18-6kc5a3bxam.xn--p1ai/catalog/suvenirnaya-produktsiya/lazernaya-gravirovka-markirovka/gravirovka-na-termose/,suvenirnaya-produktsiya,lazernaya-gravirovka-markirovka,Лазерная гравировка на термосе,,,,False,0,,,"Закажите гравировку на термосе в Ижевске. Персонализация, логотипы, надписи. Работаем с единичными заказами и корпоративными партиями.",2,0,False
https://xn--18-6kc5a3bxam.xn--p1ai/catalog/suvenirnaya-produktsiya/lazernaya-gravirovka-markirovka/lazernaya-gravirovka/,suvenirnaya-produktsiya,lazernaya-gravirovka-markirovka,Лазерная гравировка,,,,False,0,,,"Лазерная гравировка на металле, дереве, пластике и стекле в Ижевске. Высокая точность, долговечность, быстрые сроки. Закажите в типографии «Цифра»!",1,0,False
https://xn--18-6kc5a3bxam.xn--p1ai/catalog/suvenirnaya-produktsiya/magnity-akrilovye/,suvenirnaya-produktsiya,magnity-akrilovye,Магниты акриловые,,,,False,0,,,Магниты акриловые точно в срок. Закажи онлайн и забери заказ в типографии Цифра!,1,0,False
https://xn--18-6kc5a3bxam.xn--p1ai/catalog/suvenirnaya-produktsiya/magnity-akrilovye/akrilovye-magnity/,suvenirnaya-produktsiya,magnity-akrilovye,Акриловые магниты,,,,False,0,,,"Производство акриловых магнитов с логотипом в Ижевске. Собственное производство, любые тиражи от 1 шт. УФ-печать, акрил высокого качества. Заказать по цене от 25 руб./шт. Звоните!",2,0,False
https://xn--18-6kc5a3bxam.xn--p1ai/catalog/suvenirnaya-produktsiya/magnity-vinilovye/,suvenirnaya-produktsiya,magnity-vinilovye,Магниты виниловые,,,,False,0,,,Изготовление виниловых магнитов оперативно и точно в срок. Любые объемы. Закажите онлайн в типографии Цифра,1,0,False
https://xn--18-6kc5a3bxam.xn--p1ai/catalog/suvenirnaya-produktsiya/magnity-vinilovye/figurnye-vinilovye-magnity-/,suvenirnaya-produktsiya,magnity-vinilovye,Фигурные виниловые магниты,,,,False,0,,,"Фигурные виниловые магниты с полноцветной печатью и вырубкой любой формы. Заказ от 10 шт. в Ижевске. Типография «Цифра» — быстро, качественно, недорого.",3,0,False
https://xn--18-6kc5a3bxam.xn--p1ai/catalog/suvenirnaya-produktsiya/magnity-vinilovye/vinilovye-magnity-10kh15sm/,suvenirnaya-produktsiya,magnity-vinilovye,Виниловые магниты 10х15см,,,,False,0,,,"Печать виниловых магнитов 10×15 см на магнитном виниле с ламинатом. Полноцветная печать, от 10 шт. Типография «Цифра», Ижевск. Закажите сейчас!",1,0,False
https://xn--18-6kc5a3bxam.xn--p1ai/catalog/suvenirnaya-produktsiya/magnity-vinilovye/vinilovye-magnity-10kh15sm4903/,suvenirnaya-produktsiya,magnity-vinilovye,Виниловые магниты 15х21см,,,,False,0,,,"Печать виниловых магнитов 15×21 см в Ижевске. Глянцевый ламинат, полноцветная печать. Реклама, сувениры, промоакции. Закажите в типографии «Цифра»!",1,0,False
https://xn--18-6kc5a3bxam.xn--p1ai/catalog/suvenirnaya-produktsiya/magnity-vinilovye/vinilovye-magnity-21kh30sm/,suvenirnaya-produktsiya,magnity-vinilovye,Виниловые магниты 21х30см,,,,False,0,,,Закажите виниловые магниты 21×30 см в Ижевске. Яркая печать на магнитном виниле с глянцевым ламинатом. Идеально для рекламы на холодильнике.,1,0,False
https://xn--18-6kc5a3bxam.xn--p1ai/catalog/suvenirnaya-produktsiya/magnity-vinilovye/vinilovye-magnity-30kh42sm/,suvenirnaya-produktsiya,magnity-vinilovye,Виниловые магниты 30х42см,,,,False,0,,,"Печать виниловых магнитов 30×42 см в Ижевске. Рекламные и сувенирные магниты с фото, логотипом, контактами. Яркая печать, ламинация, быстрые сроки. Типография «Цифра».",1,0,False
https://xn--18-6kc5a3bxam.xn--p1ai/catalog/suvenirnaya-produktsiya/magnity-vinilovye/vinilovye-magnity-5kh5sm/,suvenirnaya-produktsiya,magnity-vinilovye,"Виниловые магниты 5х5см/ 4,5х4,5см/ 4х6см",,,,False,0,,,Виниловые магниты 5×5 см с полноцветной печатью и глянцевой ламинацией. Закажите рекламные магниты в Ижевске — типография Цифра.,1,0,False
https://xn--18-6kc5a3bxam.xn--p1ai/catalog/suvenirnaya-produktsiya/magnity-vinilovye/vinilovye-magnity-5kh7sm/,suvenirnaya-produktsiya,magnity-vinilovye,"Виниловые магниты 5х7см /6х6см/ 5,5х5,5см",,,,False,0,,,"Печать виниловых магнитов 5×7 см и 6×6 см с фото, логотипом и рекламой. Глянцевый ламинат, полноцветная печать. Закажите в типографии Цифра, Ижевск.",1,0,False
https://xn--18-6kc5a3bxam.xn--p1ai/catalog/suvenirnaya-produktsiya/magnity-vinilovye/vinilovye-magnity-7kh10sm/,suvenirnaya-produktsiya,magnity-vinilovye,Виниловые магниты 7х10см,,,,False,0,,,"Закажите виниловые магниты 7×10 см в типографии «Цифра» в Ижевске. Полноцветная печать на магнитном виниле с глянцевым ламинатом. От 1 штуки, срочное изготовление.",1,0,False
https://xn--18-6kc5a3bxam.xn--p1ai/catalog/suvenirnaya-produktsiya/magnity-vinilovye/vinilovye-magnity-7kh7sm/,suvenirnaya-produktsiya,magnity-vinilovye,Виниловые магниты 7х7см,,,,False,0,,,"Закажите виниловые магниты 7×7 см в Ижевске. Полноцветная печать, защитный ламинат, быстрые сроки. Типография Цифра — ул. Песочная, 34.",1,0,False
https://xn--18-6kc5a3bxam.xn--p1ai/catalog/suvenirnaya-produktsiya/magnity-vinilovye/vinilovye-magnity/,suvenirnaya-produktsiya,magnity-vinilovye,Виниловые магниты 4х4см,,,,False,0,,,"Виниловые магниты 4×4 см на заказ в Ижевске. Полноцветная печать, глянцевый ламинат, минимальный тираж. Рекламные и сувенирные магниты от типографии Цифра.",1,0,False
https://xn--18-6kc5a3bxam.xn--p1ai/catalog/suvenirnaya-produktsiya/medali-kubki-nagradnaya-produktsiya/,suvenirnaya-produktsiya,medali-kubki-nagradnaya-produktsiya,"Медали, кубки. Наградная продукция",,,,False,0,,,"Собственное производство позволяет качественно и быстро производить печать на основных видах сувенирной продукции, например: бейсболки, USB флеш, свитшоты, ветровки, зонты, рюкзаки.",1,0,False
https://xn--18-6kc5a3bxam.xn--p1ai/catalog/suvenirnaya-produktsiya/medali-kubki-nagradnaya-produktsiya/kubki-iz-orgstekla/,suvenirnaya-produktsiya,medali-kubki-nagradnaya-produktsiya,Кубки из оргстекла,,,,False,0,,,"Недорого, срочно, качественно. Цена от руб. Доставка по РФ. Сувенирная продукция / Медали, кубки. Наградная продукция, Кубки из оргстекла. Типография Цифра18.рф г. Ижевск",3,0,False
https://xn--18-6kc5a3bxam.xn--p1ai/catalog/suvenirnaya-produktsiya/medali-kubki-nagradnaya-produktsiya/kubki/,suvenirnaya-produktsiya,medali-kubki-nagradnaya-produktsiya,Кубки,,,,False,0,,,"Закажите медали в Ижевске: спортивные, корпоративные, наградные. Литьё, гравировка, эмаль. Любой тираж от 1 шт. Доставка по Удмуртии.",3,0,False
https://xn--18-6kc5a3bxam.xn--p1ai/catalog/suvenirnaya-produktsiya/medali-kubki-nagradnaya-produktsiya/medal-pod-nanesenie-d-5-sm-s-lentoy/,suvenirnaya-produktsiya,medali-kubki-nagradnaya-produktsiya,"Медаль под нанесение d=5 см, с лентой",от 66 ₽/шт.,66,шт.,True,4,66,253,"Недорого, срочно, качественно. Цена от руб. Доставка по РФ. Сувенирная продукция / Медали, кубки. Наградная продукция, Медаль под нанесение d=5 см, с лентой. Типография Цифра18.рф г. Ижевск",1,0,False
https://xn--18-6kc5a3bxam.xn--p1ai/catalog/suvenirnaya-produktsiya/medali-kubki-nagradnaya-produktsiya/medal-pod-nanesenie-d-7-sm-s-lentoy/,suvenirnaya-produktsiya,medali-kubki-nagradnaya-produktsiya,"Медаль под нанесение d=7 см, с лентой",от 66 ₽/шт.,66,шт.,True,4,66,253,"Недорого, срочно, качественно. Цена от руб. Доставка по РФ. Сувенирная продукция / Медали, кубки. Наградная продукция, Медаль под нанесение d=7 см, с лентой. Типография Цифра18.рф г. Ижевск",2,0,False
https://xn--18-6kc5a3bxam.xn--p1ai/catalog/suvenirnaya-produktsiya/medali-kubki-nagradnaya-produktsiya/medali-iz-orgstekla/,suvenirnaya-produktsiya,medali-kubki-nagradnaya-produktsiya,Медали из оргстекла,,,,False,0,,,"Недорого, срочно, качественно. Цена от руб. Доставка по РФ. Сувенирная продукция / Медали, кубки. Наградная продукция, Медали из оргстекла. Типография Цифра18.рф г. Ижевск",4,0,False
https://xn--18-6kc5a3bxam.xn--p1ai/catalog/suvenirnaya-produktsiya/medali-kubki-nagradnaya-produktsiya/nagrada-scriptum/,suvenirnaya-produktsiya,medali-kubki-nagradnaya-produktsiya,Награда Scriptum,,,,False,0,,,"Недорого, срочно, качественно. Цена от руб. Доставка по РФ. Сувенирная продукция / Медали, кубки. Наградная продукция, Награда Scriptum. Типография Цифра18.рф г. Ижевск",3,0,False
https://xn--18-6kc5a3bxam.xn--p1ai/catalog/suvenirnaya-produktsiya/medali-kubki-nagradnaya-produktsiya/nagradnye-stely-stela-tribute/,suvenirnaya-produktsiya,medali-kubki-nagradnaya-produktsiya,Наградные стелы Стела Tribute,,,,False,0,,,"Недорого, срочно, качественно. Цена от руб. Доставка по РФ. Сувенирная продукция / Медали, кубки. Наградная продукция, Наградные стелы Стела Tribute. Типография Цифра18.рф г. Ижевск",5,0,False
https://xn--18-6kc5a3bxam.xn--p1ai/catalog/suvenirnaya-produktsiya/medali-kubki-nagradnaya-produktsiya/stela-extra-malaya/,suvenirnaya-produktsiya,medali-kubki-nagradnaya-produktsiya,"Стела Extra, малая",,,,False,0,,,"Недорого, срочно, качественно. Цена от руб. Доставка по РФ. Сувенирная продукция / Медали, кубки. Наградная продукция, Стела Extra, малая. Типография Цифра18.рф г. Ижевск",2,0,False
https://xn--18-6kc5a3bxam.xn--p1ai/catalog/suvenirnaya-produktsiya/medali-kubki-nagradnaya-produktsiya/stela-fame-frame/,suvenirnaya-produktsiya,medali-kubki-nagradnaya-produktsiya,Стела Fame Frame,,,,False,0,,,"Недорого, срочно, качественно. Цена от руб. Доставка по РФ. Сувенирная продукция / Медали, кубки. Наградная продукция, Стела Fame Frame. Типография Цифра18.рф г. Ижевск",5,0,False
https://xn--18-6kc5a3bxam.xn--p1ai/catalog/suvenirnaya-produktsiya/medali-kubki-nagradnaya-produktsiya/stela-staklar/,suvenirnaya-produktsiya,medali-kubki-nagradnaya-produktsiya,Стела Staklar,,,,False,0,,,"Недорого, срочно, качественно. Цена от руб. Доставка по РФ. Сувенирная продукция / Медали, кубки. Наградная продукция, Стела Staklar. Типография Цифра18.рф г. Ижевск",4,0,False
https://xn--18-6kc5a3bxam.xn--p1ai/catalog/suvenirnaya-produktsiya/medali-kubki-nagradnaya-produktsiya/stela-winwave/,suvenirnaya-produktsiya,medali-kubki-nagradnaya-produktsiya,Стела Winwave,,,,False,0,,,"Недорого, срочно, качественно. Цена от руб. Доставка по РФ. Сувенирная продукция / Медали, кубки. Наградная продукция, Стела Winwave. Типография Цифра18.рф г. Ижевск",4,0,False
https://xn--18-6kc5a3bxam.xn--p1ai/catalog/suvenirnaya-produktsiya/pechat-na-karandashakh/,suvenirnaya-produktsiya,pechat-na-karandashakh,Печать на карандашах,,,,False,0,,,"Закажите печать логотипа на карандашах в Ижевске. Карандаши с фирменной символикой от 3 шт. Недорого, быстро, качественно. Типография Цифра.",3,0,False
https://xn--18-6kc5a3bxam.xn--p1ai/catalog/suvenirnaya-produktsiya/pechat-na-karandashakh/pechat-na-karandashakh/,suvenirnaya-produktsiya,pechat-na-karandashakh,Печать на карандашах,,,,False,0,,,"Закажите печать логотипа на карандашах в Ижевске. Карандаши с фирменной символикой от 3 шт. Недорого, быстро, качественно. Типография Цифра.",2,0,False
https://xn--18-6kc5a3bxam.xn--p1ai/catalog/suvenirnaya-produktsiya/pechat-na-kraft-ruchkakh/,suvenirnaya-produktsiya,pechat-na-kraft-ruchkakh,Печать на крафт ручках,,,,False,0,,,"Бумажные ручки с логотипом. Онлайн калькулятор для просчета печати эко ручек облегчит для вас просчет необходимого тиража, а также выбрать цвет ручки из большого ассортимента цветов. Собственное производство. Качественное исполнение. Типография Цифра18.рф г. Ижевск",1,0,False
https://xn--18-6kc5a3bxam.xn--p1ai/catalog/suvenirnaya-produktsiya/pechat-na-kraft-ruchkakh/kraft-ruchki/,suvenirnaya-produktsiya,pechat-na-kraft-ruchkakh,Бумажные крафт ручки,,,,False,0,,,"Закажите бумажные крафт ручки (эко ручки) с логотипом в Ижевске. Минимальный тираж от 50 шт. УФ-печать, шелкография. Низкие цены, быстрая доставка. Звоните!",2,0,False
https://xn--18-6kc5a3bxam.xn--p1ai/catalog/suvenirnaya-produktsiya/pechat-na-kruzhkakh/,suvenirnaya-produktsiya,pechat-na-kruzhkakh,"Кружки, термосы, термостаканы",,,,False,0,,,"Печатаем в цвете на посуде - кружки, стаканы, термосы. Собственное производство. Любые объемы.",1,0,False
https://xn--18-6kc5a3bxam.xn--p1ai/catalog/suvenirnaya-produktsiya/pechat-na-kruzhkakh/belaya-kruzhka-330ml/,suvenirnaya-produktsiya,pechat-na-kruzhkakh,Белая кружка 330мл,,,,False,0,,,"Закажите сублимационную печать на белых кружках 330 мл в типографии Цифра (Ижевск). Высокое качество, быстрые сроки, собственное производство. Цена от 300 руб.",5,0,False
https://xn--18-6kc5a3bxam.xn--p1ai/catalog/suvenirnaya-produktsiya/pechat-na-kruzhkakh/belaya-kruzhka-tsvetnaya-ruchka-dno-330ml/,suvenirnaya-produktsiya,pechat-na-kruzhkakh,Белая кружка/цветная ручка/дно 330мл,,,,False,0,,,"Закажите печать на белых кружках 330 мл с цветной ручкой и дном. Сувенирная продукция с логотипом. Низкие цены, быстрые сроки. Типография Цифра в Ижевске.",4,0,False
https://xn--18-6kc5a3bxam.xn--p1ai/catalog/suvenirnaya-produktsiya/pechat-na-kruzhkakh/butylka-dlya-vody-gulp-500ml/,suvenirnaya-produktsiya,pechat-na-kruzhkakh,Бутылка для воды Gulp 500мл,,,,False,0,,,"Закажите бутылку Gulp 500 мл с логотипом компании. УФ печать, полноцвет, срочно. Без бисфенола А. Типография Цифра в Ижевске – сувенирная продукция с доставкой. Звоните!",6,0,False
https://xn--18-6kc5a3bxam.xn--p1ai/catalog/suvenirnaya-produktsiya/pechat-na-kruzhkakh/butylka-dlya-vody-jogger-600ml/,suvenirnaya-produktsiya,pechat-na-kruzhkakh,Бутылка для воды Jogger 600мл,,,,False,0,,,"Закажите спортивную бутылку для воды Jogger 600 мл с логотипом компании. УФ печать, без бисфенола А, для велосипедных держателей. Типография Цифра в Ижевске. Быстро и качественно.",3,0,False
https://xn--18-6kc5a3bxam.xn--p1ai/catalog/suvenirnaya-produktsiya/pechat-na-kruzhkakh/butylka-dlya-vody-mystik-700ml/,suvenirnaya-produktsiya,pechat-na-kruzhkakh,Бутылка для воды Mystik 700мл,,,,False,0,,,"Закажите бутылку для воды Mystik 700 мл с УФ-печатью логотипа в Ижевске. Спортивная бутылка с трубочкой, без бисфенола А. Быстрое нанесение, доступные цены. Типография Цифра на Песочной, 34.",3,0,False
https://xn--18-6kc5a3bxam.xn--p1ai/catalog/suvenirnaya-produktsiya/pechat-na-kruzhkakh/butylka-dlya-vody-rama-600ml/,suvenirnaya-produktsiya,pechat-na-kruzhkakh,Бутылка для воды Rama 600мл,,,,False,0,,,"Закажите бутылку для воды Rama 600 мл с логотипом в Ижевске. УФ-печать, полноцвет, от 1 штуки. Без бисфенола А, подходит для велосипедных держателей. Носик-поилка с трубочкой.",4,0,False
https://xn--18-6kc5a3bxam.xn--p1ai/catalog/suvenirnaya-produktsiya/pechat-na-kruzhkakh/butylka-dlya-vody-sportes-700ml/,suvenirnaya-produktsiya,pechat-na-kruzhkakh,Бутылка для воды Sportes 700мл,,,,False,0,,,"Закажите спортивную бутылку Sportes 700 мл с носиком-поилкой. УФ-печать, полноцветный логотип. Без бисфенола А. Минимальный тираж 50 шт. Доставка по Ижевску. Типография Цифра.",3,0,False
https://xn--18-6kc5a3bxam.xn--p1ai/catalog/suvenirnaya-produktsiya/pechat-na-kruzhkakh/korobka-pod-kruzhku/,suvenirnaya-produktsiya,pechat-na-kruzhkakh,Коробка под кружку,,,,False,0,,,"Изготовление коробок для кружек с печатью логотипа. Микрогофра, дизайнерский картон, крафт. От 40 штук. Срочное производство. Заказать по адресу: г. Ижевск, ул. Песочная, 34.",3,0,False
https://xn--18-6kc5a3bxam.xn--p1ai/catalog/suvenirnaya-produktsiya/pechat-na-kruzhkakh/kruzhka-avtomobilnaya-400ml/,suvenirnaya-produktsiya,pechat-na-kruzhkakh,Кружка автомобильная 400мл,,,,False,0,,,"Купить автомобильную кружку 400 мл с печатью в Ижевске. Металлическая термокружка для авто: двойные стенки, не бьётся, для подстаканника. Подарок для водителей. Цена от 720 руб.",3,0,False
https://xn--18-6kc5a3bxam.xn--p1ai/catalog/suvenirnaya-produktsiya/pechat-na-kruzhkakh/kruzhka-bonn-soft-soft-tach/,suvenirnaya-produktsiya,pechat-na-kruzhkakh,"Кружка Bonn Soft, софт-тач",,,,False,0,,,"Недорого, срочно, качественно. Цена от 1400 руб. Доставка по РФ. Сувенирная продукция / Кружки, термосы, термостаканы, Кружка Bonn Soft, софт-тач. Типография Цифра18.рф г. Ижевск",2,0,False
https://xn--18-6kc5a3bxam.xn--p1ai/catalog/suvenirnaya-produktsiya/pechat-na-kruzhkakh/kruzhka-elegante-soft-tach-350ml/,suvenirnaya-produktsiya,pechat-na-kruzhkakh,"Кружка Elegante, софт-тач, 350мл",,,,False,0,,,"Закажите кружку Elegante с SoftTouch покрытием в Ижевске. Премиум сувенирная продукция для бизнеса. Приятные тактильные ощущения, быстрая печать. Звоните!",8,0,False
https://xn--18-6kc5a3bxam.xn--p1ai/catalog/suvenirnaya-produktsiya/pechat-na-kruzhkakh/kruzhka-khameleon-330ml/,suvenirnaya-produktsiya,pechat-na-kruzhkakh,Кружка Хамелеон 330мл,,,,False,0,,,Закажите кружку-хамелеон 330мл с уникальным изображением в Ижевске. При нагреве меняет цвет. Два изображения: до и после. Сублимационная печать. Подарок с сюрпризом. Недорого.,2,0,False
https://xn--18-6kc5a3bxam.xn--p1ai/catalog/suvenirnaya-produktsiya/pechat-na-kruzhkakh/kruzhka-latte-350ml/,suvenirnaya-produktsiya,pechat-na-kruzhkakh,Кружка латте 350мл,,,,False,0,,,"Закажите кружку латте 350мл с полноцветной печатью в типографии 'Цифра' (Ижевск). Идеальный подарок кофеману: высокая цветопередача, сублимация, быстрые сроки. Контакты на сайте.",1,0,False
https://xn--18-6kc5a3bxam.xn--p1ai/catalog/suvenirnaya-produktsiya/pechat-na-kruzhkakh/kruzhka-serebryanaya-zolotaya-330ml/,suvenirnaya-produktsiya,pechat-na-kruzhkakh,"Кружка серебряная, золотая 330мл",,,,False,0,,,"Закажите серебряную кружку 330 мл с полноцветной сублимационной печатью в Ижевске. Корпоративные подарки, сувениры с логотипом. От 1 шт., быстрая доставка.",2,0,False
https://xn--18-6kc5a3bxam.xn--p1ai/catalog/suvenirnaya-produktsiya/pechat-na-kruzhkakh/kruzhka-spring-soft-tach-350ml/,suvenirnaya-produktsiya,pechat-na-kruzhkakh,"Кружка Spring, софт-тач 350мл",,,,False,0,,,"Закажите кружку Spring 350 мл с сублимационной печатью в Ижевске. Мягкое покрытие Soft Touch, яркое изображение, от 1 штуки. Быстро и качественно.",7,0,False
https://xn--18-6kc5a3bxam.xn--p1ai/catalog/suvenirnaya-produktsiya/pechat-na-kruzhkakh/termobutylka-germetichnaya-vakuumnaya-olivia-480ml/,suvenirnaya-produktsiya,pechat-na-kruzhkakh,"Термобутылка герметичная вакуумная Olivia, 480мл",,,,False,0,,,Купить термобутылку Olivia с нанесением логотипа в Ижевске. Герметичная вакуумная модель из нержавейки. Опт и розница. Быстрая печать. Звоните!,3,0,False
https://xn--18-6kc5a3bxam.xn--p1ai/catalog/suvenirnaya-produktsiya/pechat-na-kruzhkakh/termokruzhka-edge-500ml/,suvenirnaya-produktsiya,pechat-na-kruzhkakh,Термокружка Edge 500мл,,,,False,0,,,"Нанесение логотипа на термокружку Edge 500 мл в Ижевске. Термотрансферная и сублимационная печать. Яркое, стойкое изображение. Закажите в типографии «Цифра»!",8,0,False
https://xn--18-6kc5a3bxam.xn--p1ai/catalog/suvenirnaya-produktsiya/pechat-na-kruzhkakh/termokruzhka-gamma-soft-tach-420ml/,suvenirnaya-produktsiya,pechat-na-kruzhkakh,Термокружка Gamma софт-тач 420мл,,,,False,0,,,"Закажите печать логотипа на термокружке Gamma софт-тач 420мл. Яркая и стойкая печать, собственное оборудование. Бизнес-сувениры оптом. Звоните в Ижевске!",2,0,False
https://xn--18-6kc5a3bxam.xn--p1ai/catalog/suvenirnaya-produktsiya/pechat-na-kruzhkakh/termokruzhka-honor-soft-tach-400ml/,suvenirnaya-produktsiya,pechat-na-kruzhkakh,Термокружка Honor софт-тач 400мл,,,,False,0,,,"Закажите печать логотипа на термокружке Honor софт-тач 400мл в Ижевске. Яркая, износостойкая печать, быстрые сроки, доступные цены. Бизнес-сувениры для сотрудников и клиентов.",2,0,False
https://xn--18-6kc5a3bxam.xn--p1ai/catalog/suvenirnaya-produktsiya/pechat-na-kruzhkakh/termokruzhka-miora-soft-tach-500ml/,suvenirnaya-produktsiya,pechat-na-kruzhkakh,Термокружка Miora софт-тач 500мл,,,,False,0,,,"Закажите термокружку Miora софт-тач 500мл с нанесением логотипа в Ижевске. Яркая печать, собственное оборудование, ровные цены. Акции на цирфа18.рф",8,0,False
https://xn--18-6kc5a3bxam.xn--p1ai/catalog/suvenirnaya-produktsiya/pechat-na-kruzhkakh/termos-bronx-soft-tach-450ml/,suvenirnaya-produktsiya,pechat-na-kruzhkakh,Термос Bronx софт-тач 450мл,,,,False,0,,,Брендирование термосов Bronx софт-тач 450мл в Ижевске. Цена 1400 ₽/шт. Печать логотипа на термосе. Быстрая доставка. Закажите в типографии «Цифра».,9,0,False
https://xn--18-6kc5a3bxam.xn--p1ai/catalog/suvenirnaya-produktsiya/pechat-na-kruzhkakh/termos-perfecto-soft-tach-500ml/,suvenirnaya-produktsiya,pechat-na-kruzhkakh,Термос Perfecto софт-тач 500мл,,,,False,0,,,"Брендирование термосов Perfecto софт-тач 500мл в Ижевске от типографии Цифра. Нанесение логотипа, лазерная гравировка, тампопечать. Качественные сувениры с быстрой доставкой. Заказывайте!",4,0,False
https://xn--18-6kc5a3bxam.xn--p1ai/catalog/suvenirnaya-produktsiya/pechat-na-kruzhkakh/termos-picnic-bright-500ml/,suvenirnaya-produktsiya,pechat-na-kruzhkakh,Термос Picnic Bright 500мл,,,,False,0,,,"Брендирование термосов Picnic Bright 500мл в типографии Цифра в Ижевске. Качественное нанесение логотипа, доступные цены, быстрая доставка. Закажите корпоративный подарок!",1,0,False
https://xn--18-6kc5a3bxam.xn--p1ai/catalog/suvenirnaya-produktsiya/pechat-na-kruzhkakh/termos-picnic-silver-serebristyy/,suvenirnaya-produktsiya,pechat-na-kruzhkakh,"Термос Picnic Silver , серебристый",,,,False,0,,,"Закажите термос Picnic Silver 500 мл с нанесением логотипа в Ижевске. Гравировка, шелкография, УФ-печать. Минимальный заказ от 1 шт. Низкие цены и быстрые сроки. Типография Цифра на Песочной, 34.",6,0,False
https://xn--18-6kc5a3bxam.xn--p1ai/catalog/suvenirnaya-produktsiya/pechat-na-kruzhkakh/termos-picnic-soft-tach-500ml/,suvenirnaya-produktsiya,pechat-na-kruzhkakh,Термос Picnic софт-тач 500мл,,,,False,0,,,"Закажите нанесение логотипа на термос Picnic софт-тач 500мл в Ижевске. Цена от 1400 руб. Брендирование термосов для корпоративных подарков. Шелкография, тампопечать, УФ-печать. Быстрая доставка.",6,0,False
https://xn--18-6kc5a3bxam.xn--p1ai/catalog/suvenirnaya-produktsiya/pechat-na-kruzhkakh/termostakan/,suvenirnaya-produktsiya,pechat-na-kruzhkakh,Термостакан с полиграфической вставкой 250мл,,,,False,0,,,"Закажите термостакан с полиграфической вставкой 250 мл в типографии Цифра (Ижевск). Полноцветная печать логотипа, фото. Сохраняет тепло до 6 часов. Оптовые скидки. Звоните!",1,0,False
https://xn--18-6kc5a3bxam.xn--p1ai/catalog/suvenirnaya-produktsiya/pechat-na-kruzhkakh/tsvetnaya-kruzhka-matovaya-330ml/,suvenirnaya-produktsiya,pechat-na-kruzhkakh,Цветная кружка матовая 330мл,,,,False,0,,,"Закажите цветную матовую кружку 330мл с фотопечатью в Ижевске. Недорогой подарок с логотипом. Сублимация, УФ-печать, термоперенос. Типография Цифра.",2,0,False
https://xn--18-6kc5a3bxam.xn--p1ai/catalog/suvenirnaya-produktsiya/pechat-na-pazlakh/,suvenirnaya-produktsiya,pechat-na-pazlakh,Печать на пазлах,,,,False,0,,,"Закажите печать фотопазлов в Ижевске. Картонные и магнитные пазлы любых размеров. Качественные материалы, быстрые сроки. Звоните!",7,0,False
https://xn--18-6kc5a3bxam.xn--p1ai/catalog/suvenirnaya-produktsiya/pechat-na-pazlakh/pechat-na-pazlakh/,suvenirnaya-produktsiya,pechat-na-pazlakh,Печать на пазлах,,,,False,0,,,"Закажите печать фотопазлов в Ижевске. Картонные и магнитные пазлы любых размеров. Качественные материалы, быстрые сроки. Звоните!",7,0,False
https://xn--18-6kc5a3bxam.xn--p1ai/catalog/suvenirnaya-produktsiya/pechat-na-ruchkakh/,suvenirnaya-produktsiya,pechat-na-ruchkakh,Печать на ручках,,,,False,0,,,Ручка с нанесением информации и логотипа Печать логотипа на ручках. Онлайн калькулятор для просчета ! Собственное производство. Качественное исполнение Типография ЦИФРА г. Ижевск,1,0,False
https://xn--18-6kc5a3bxam.xn--p1ai/catalog/suvenirnaya-produktsiya/pechat-na-ruchkakh/chekhol-dlya-ruchki-2/,suvenirnaya-produktsiya,pechat-na-ruchkakh,Чехол для ручки 2,,,,False,0,,,"Изготовление чехлов для ручки в Ижевске. От 20 штук. Брендирование, доставка. Типография «Цифра» — качество и надёжность.",2,0,False
https://xn--18-6kc5a3bxam.xn--p1ai/catalog/suvenirnaya-produktsiya/pechat-na-ruchkakh/chekhol-dlya-ruchki53243861/,suvenirnaya-produktsiya,pechat-na-ruchkakh,Чехол для ручки,,,,False,0,,,"Печать на чехлах для ручки в Ижевске. Брендирование от 20 штук, нанесение логотипа. Узнайте цену и сроки в типографии «Цифра».",4,0,False
https://xn--18-6kc5a3bxam.xn--p1ai/catalog/suvenirnaya-produktsiya/pechat-na-ruchkakh/ruchka-metallicheskaya-dallas-touch/,suvenirnaya-produktsiya,pechat-na-ruchkakh,Ручка металлическая Dallas Touch,,,,False,0,,,"Брендированная ручка Dallas Touch с УФ-печатью логотипа. Металл, стилус, подарочная упаковка. От 100 шт. Типография «Цифра», Ижевск.",2,0,False
https://xn--18-6kc5a3bxam.xn--p1ai/catalog/suvenirnaya-produktsiya/pechat-na-ruchkakh/ruchka-metallicheskaya-legend/,suvenirnaya-produktsiya,pechat-na-ruchkakh,Ручка металлическая Legend,,,,False,0,,,Закажите металлические ручки Legend с покрытием софт-тач и УФ-печатью логотипа в Ижевске. От 100 шт. Подарочная упаковка. Типография Цифра.,2,0,False
https://xn--18-6kc5a3bxam.xn--p1ai/catalog/suvenirnaya-produktsiya/pechat-na-ruchkakh/ruchka-metallicheskaya-palina/,suvenirnaya-produktsiya,pechat-na-ruchkakh,Ручка металлическая Palina,,,,False,0,,,Брендированные ручки Palina с логотипом УФ-печатью в Ижевске. От 100 шт. Подарочная упаковка. Типография «Цифра» — качественно и в срок.,2,0,False
https://xn--18-6kc5a3bxam.xn--p1ai/catalog/suvenirnaya-produktsiya/pechat-na-ruchkakh/ruchka-metallicheskaya-s-pokrytiem-soft-tach-sanshayn-/,suvenirnaya-produktsiya,pechat-na-ruchkakh,Ручка металлическая с покрытием софт-тач Саншайн,,,,False,0,,,Закажите металлические ручки с покрытием софт-тач Саншайн и УФ-печатью логотипа в Ижевске. От 100 шт. Индивидуальная упаковка. Типография Цифра.,2,0,False
https://xn--18-6kc5a3bxam.xn--p1ai/catalog/suvenirnaya-produktsiya/pechat-na-ruchkakh/ruchka-metallicheskaya-s-pokrytiem-soft-tach-story/,suvenirnaya-produktsiya,pechat-na-ruchkakh,Ручка металлическая с покрытием софт-тач Story,,,,False,0,,,"Брендированные ручки Story с покрытием софт-тач. УФ-печать логотипа, упаковка в подарочную коробку. От 100 штук. Ижевск, ул. Песочная, 34.",2,0,False
https://xn--18-6kc5a3bxam.xn--p1ai/catalog/suvenirnaya-produktsiya/pechat-na-ruchkakh/ruchka-metallicheskaya-s-pokrytiem-soft-tach-title-k-molly/,suvenirnaya-produktsiya,pechat-na-ruchkakh,Ручка металлическая с покрытием софт-тач Title К Molly,,,,False,0,,,"Брендирование металлических ручек с покрытием софт-тач. УФ-печать логотипа, подарочная упаковка. От 100 шт. Типография Цифра, Ижевск.",1,0,False
https://xn--18-6kc5a3bxam.xn--p1ai/catalog/suvenirnaya-produktsiya/pechat-na-ruchkakh/ruchka-metallicheskaya-s-pokrytiem-soft-tach-title-rebecca/,suvenirnaya-produktsiya,pechat-na-ruchkakh,Ручка металлическая с покрытием софт-тач Title Rebecca,,,,False,0,,,"Металлическая ручка Rebecca с покрытием софт-тач и УФ-печатью логотипа. Корпоративные сувениры от 100 шт. Типография «Цифра», Ижевск.",5,0,False
https://xn--18-6kc5a3bxam.xn--p1ai/catalog/suvenirnaya-produktsiya/pechat-na-ruchkakh/ruchka-metallicheskaya-s-pokrytiem-soft-tach-title-t-tinny/,suvenirnaya-produktsiya,pechat-na-ruchkakh,Ручка металлическая с покрытием софт-тач Title Т Tinny,,,,False,0,,,"Брендированная ручка Tinny с покрытием soft-touch и УФ-печатью логотипа. От 100 шт. Типография Цифра, Ижевск. Закажите корпоративные сувениры!",1,0,False
https://xn--18-6kc5a3bxam.xn--p1ai/catalog/suvenirnaya-produktsiya/pechat-na-ruchkakh/ruchka-metallicheskaya-sharm/,suvenirnaya-produktsiya,pechat-na-ruchkakh,Ручка металлическая Sharm,,,,False,0,,,"Брендированная ручка Sharm с логотипом в Ижевске. УФ-печать на металле, тираж от 100 шт., подарочная упаковка. Закажите в Типографии «Цифра»!",2,0,False
https://xn--18-6kc5a3bxam.xn--p1ai/catalog/suvenirnaya-produktsiya/pechat-na-ruchkakh/ruchka-sharikovaya-soft-touch-title-l/,suvenirnaya-produktsiya,pechat-na-ruchkakh,Ручка шариковая Soft touch Title Л,,,,False,0,,,"Закажите брендированные ручки Soft Touch Title Л с УФ-печатью логотипа в Ижевске. Высокое качество, индивидуальная упаковка, доставка по городу.",6,0,False
https://xn--18-6kc5a3bxam.xn--p1ai/catalog/suvenirnaya-produktsiya/pechat-na-ruchkakh/ruchka-sharikovaya-title-ch/,suvenirnaya-produktsiya,pechat-na-ruchkakh,Ручка шариковая Title Ч,,,,False,0,,,"Печать на ручках с логотипом в Ижевске. Брендированные ручки — практичный сувенир для клиентов и партнеров. УФ-печать, минимальный заказ от 1 шт.",5,0,False
https://xn--18-6kc5a3bxam.xn--p1ai/catalog/suvenirnaya-produktsiya/pechat-na-ruchkakh/ruchka-sharikovaya-title-d/,suvenirnaya-produktsiya,pechat-na-ruchkakh,Ручка шариковая Title Д,,,,False,0,,,"Закажите брендированные ручки с логотипом в Ижевске. УФ-печать, минимальный заказ от 100 шт. Индивидуальная подарочная упаковка.",6,0,False
https://xn--18-6kc5a3bxam.xn--p1ai/catalog/suvenirnaya-produktsiya/pechat-na-ruchkakh/ruchka-sharikovaya-title-e/,suvenirnaya-produktsiya,pechat-na-ruchkakh,Ручка шариковая Title Е,,,,False,0,,,"Закажите брендированные ручки с логотипом в Ижевске. УФ-печать, минимальный заказ 100 шт. Упаковка в подарочную коробку. Типография Цифра.",4,0,False
https://xn--18-6kc5a3bxam.xn--p1ai/catalog/suvenirnaya-produktsiya/pechat-na-ruchkakh/ruchka-sharikovaya-title-e6562/,suvenirnaya-produktsiya,pechat-na-ruchkakh,Ручка шариковая Senator Title К,,,,False,0,,,Брендированные ручки Senator Title К с нанесением логотипа УФ-печатью. Корпоративные сувениры в Ижевске. Индивидуальная упаковка. Закажите в типографии «Цифра»!,3,0,False
https://xn--18-6kc5a3bxam.xn--p1ai/catalog/suvenirnaya-produktsiya/pechat-na-ruchkakh/ruchka-sharikovaya-title-f/,suvenirnaya-produktsiya,pechat-na-ruchkakh,Ручка шариковая Soft touch Title Ф,,,,False,0,,,Брендированная ручка с логотипом компании – наиболее популярный вид сувенирной продукции. Печать на ручках с логотипом компании – наиболее популярный вид сувенирной продукции.,7,0,False
https://xn--18-6kc5a3bxam.xn--p1ai/catalog/suvenirnaya-produktsiya/pechat-na-ruchkakh/ruchka-sharikovaya-title-m9103/,suvenirnaya-produktsiya,pechat-na-ruchkakh,Ручка шариковая Title М,,,,False,0,,,Закажите брендированные ручки с логотипом в Ижевске. УФ-печать на ручках с логотипом. Минимальный заказ от 100 шт. Индивидуальная упаковка в подарочную коробку.,10,0,False
https://xn--18-6kc5a3bxam.xn--p1ai/catalog/suvenirnaya-produktsiya/pechat-na-ruchkakh/ruchka-sharikovaya-title-p-promo/,suvenirnaya-produktsiya,pechat-na-ruchkakh,Ручка шариковая Title ПРОМО,,,,False,0,,,Брендированные ручки с логотипом методом УФ-печати в Ижевске. От 100 шт. Подарочная упаковка. Типография Цифра — закажите промо-ручки для бизнеса.,3,0,False
https://xn--18-6kc5a3bxam.xn--p1ai/catalog/suvenirnaya-produktsiya/pechat-na-ruchkakh/ruchka-sharikovaya-title-p/,suvenirnaya-produktsiya,pechat-na-ruchkakh,Ручка шариковая Title П,,,,False,0,,,Брендированные шариковые ручки с УФ-печатью логотипа в Ижевске. От 100 шт. Индивидуальная упаковка. Закажите в типографии «Цифра»!,12,0,False
https://xn--18-6kc5a3bxam.xn--p1ai/catalog/suvenirnaya-produktsiya/pechat-na-ruchkakh/ruchka-sharikovaya-title-sh1/,suvenirnaya-produktsiya,pechat-na-ruchkakh,Ручка шариковая Soft touch Title Ш1,,,,False,0,,,Брендированные ручки Soft Touch Ш1 с УФ-печатью логотипа. Минимальный заказ 100 шт. Закажите в типографии Цифра в Ижевске.,5,0,False
https://xn--18-6kc5a3bxam.xn--p1ai/catalog/suvenirnaya-produktsiya/pechat-na-ruchkakh/ruchka-sharikovaya-title-ts/,suvenirnaya-produktsiya,pechat-na-ruchkakh,Ручка шариковая Senator Title Ц,,,,False,0,,,"Закажите брендированные ручки Senator Title Ц с логотипом в Ижевске. УФ-печать высокого качества, минимальный заказ от 100 шт. Индивидуальная упаковка в подарочную коробку.",6,0,False
https://xn--18-6kc5a3bxam.xn--p1ai/catalog/suvenirnaya-produktsiya/pechat-na-usb-ustroystvakh/,suvenirnaya-produktsiya,pechat-na-usb-ustroystvakh,Печать на usb-устройствах,,,,False,0,,,"УФ печать на флеш картах USB и флешках на собственном оборудовании, любые тиражи, высокое качество и современные технологии",1,0,False
https://xn--18-6kc5a3bxam.xn--p1ai/catalog/suvenirnaya-produktsiya/pechat-na-usb-ustroystvakh/fleshka-vizitka/,suvenirnaya-produktsiya,pechat-na-usb-ustroystvakh,Флешка-визитка,,,,False,0,,,Закажите флешку-визитку (USB-накопитель) с нанесением логотипа в Ижевске. Корпоративный подарок для партнеров. Широкий выбор форм и емкостей. Печать от 200 шт. Быстро и качественно.,2,0,False
https://xn--18-6kc5a3bxam.xn--p1ai/catalog/suvenirnaya-produktsiya/pechat-na-usb-ustroystvakh/pechat-na-fleshkakh/,suvenirnaya-produktsiya,pechat-na-usb-ustroystvakh,Печать на флешках,,,,False,0,,,"Профессиональная УФ печать на флешках в Ижевске. Нанесение логотипов на USB носители. Собственное производство, любые тиражи. Заказывайте сувенирные флешки с доставкой.",2,0,False
https://xn--18-6kc5a3bxam.xn--p1ai/catalog/suvenirnaya-produktsiya/pechat-na-usb-ustroystvakh/pechat-na-pauer-bankakh/,suvenirnaya-produktsiya,pechat-na-usb-ustroystvakh,Печать на пауэр банках,,,,False,0,,,"Закажите печать на пауэр банках в Ижевске. УФ-печать на внешних аккумуляторах с логотипом. Индивидуальный дизайн, от 200 штук. Низкие цены, быстрые сроки. Типография Цифра.",2,0,False
https://xn--18-6kc5a3bxam.xn--p1ai/catalog/suvenirnaya-produktsiya/plaketki/,suvenirnaya-produktsiya,plaketki,Плакетка,,,,False,0,,,Изготовление наградных плакеток из натурального дерева с металлической пластиной. Методы нанесения: сублимация и УФ-печать с белым цветом. Закажите плакетки в Ижевске!,5,0,False
https://xn--18-6kc5a3bxam.xn--p1ai/catalog/suvenirnaya-produktsiya/plaketki/plaketki/,suvenirnaya-produktsiya,plaketki,Плакетка,,,,False,0,,,Изготовление наградных плакеток из натурального дерева с металлической пластиной. Методы нанесения: сублимация и УФ-печать с белым цветом. Закажите плакетки в Ижевске!,4,0,False
https://xn--18-6kc5a3bxam.xn--p1ai/catalog/suvenirnaya-produktsiya/popsokety/,suvenirnaya-produktsiya,popsokety,Попсокеты,,,,False,0,,,"Закажите печать логотипа на попсокетах в Ижевске. Сублимационная печать, тираж от 10 шт., срочное изготовление. Типография «Цифра» — ул. Песочная, 34.",3,0,False
https://xn--18-6kc5a3bxam.xn--p1ai/catalog/suvenirnaya-produktsiya/popsokety/popsokety/,suvenirnaya-produktsiya,popsokety,Попсокеты,,,,False,0,,,"Закажите печать логотипа на попсокетах в Ижевске. Сублимационная печать, тираж от 10 шт., срочное изготовление. Типография «Цифра» — ул. Песочная, 34.",3,0,False
https://xn--18-6kc5a3bxam.xn--p1ai/catalog/suvenirnaya-produktsiya/ryukzaki-i-sumki/,suvenirnaya-produktsiya,ryukzaki-i-sumki,Рюкзаки и сумки,,,,False,0,,,"Собственное производство позволяет качественно и быстро производить печать на основных видах сувенирной продукции, например: бейсболки, USB флеш, свитшоты, ветровки, зонты, рюкзаки.",1,0,False
https://xn--18-6kc5a3bxam.xn--p1ai/catalog/suvenirnaya-produktsiya/ryukzaki-i-sumki/ryukzak-basis/,suvenirnaya-produktsiya,ryukzaki-i-sumki,Рюкзак BASIS,,,,False,0,,,"Рюкзак BASIS с нанесением логотипа в Ижевске. Вышивка, термоперенос, шелкография. От 1 шт. Доставка по Удмуртии. Звоните!",1,0,False
https://xn--18-6kc5a3bxam.xn--p1ai/catalog/suvenirnaya-produktsiya/ryukzaki-i-sumki/ryukzak-beavis/,suvenirnaya-produktsiya,ryukzaki-i-sumki,Рюкзак BEAVIS,,,,False,0,,,"Закажите рюкзак BEAVIS с нанесением логотипа в Ижевске. Тампопечать, вышивка, термотрансфер. От 1 шт. Доставка по Ижевску. Типография «Цифра».",1,0,False
https://xn--18-6kc5a3bxam.xn--p1ai/catalog/suvenirnaya-produktsiya/ryukzaki-i-sumki/ryukzak-simplicity/,suvenirnaya-produktsiya,ryukzaki-i-sumki,Рюкзак Simplicity,,,,False,0,,,"Рюкзак Simplicity с нанесением логотипа в Ижевске. Тампопечать, шелкография, вышивка. Закажите в типографии Цифра!",5,0,False
https://xn--18-6kc5a3bxam.xn--p1ai/catalog/suvenirnaya-produktsiya/ryukzaki-i-sumki/sumka-dlya-obuvi-tip/,suvenirnaya-produktsiya,ryukzaki-i-sumki,Сумка для обуви Tip,,,,False,0,,,"Закажите сумку для обуви Tip в типографии «Цифра» в Ижевске. Индивидуальный дизайн, качественные материалы, быстрые сроки. Звоните!",1,0,False
https://xn--18-6kc5a3bxam.xn--p1ai/catalog/suvenirnaya-produktsiya/ryukzaki-i-sumki/sumka-dlya-obuvi-tip6932/,suvenirnaya-produktsiya,ryukzaki-i-sumki,Сумка для обуви LUKMORY,,,,False,0,,,"Сумка для обуви LUKMORY с индивидуальным принтом. Заказ от 1 шт. в типографии «Цифра» в Ижевске. Школы, детские сады, спорт. Звоните!",4,0,False
https://xn--18-6kc5a3bxam.xn--p1ai/catalog/suvenirnaya-produktsiya/ryukzaki-i-sumki/sumka-shopper-belyy/,suvenirnaya-produktsiya,ryukzaki-i-sumki,Сумка шоппер белый,от 290 ₽/шт.,290,шт.,True,5,290,500,"Белая сумка-шоппер из ткани Герда 250г/м² с сублимационным принтом. Долговечная, стирается в машине. Заказ в Ижевске — типография Цифра.",2,0,False
https://xn--18-6kc5a3bxam.xn--p1ai/catalog/suvenirnaya-produktsiya/ryukzaki-i-sumki/sumka-shopper-bezhevyy/,suvenirnaya-produktsiya,ryukzaki-i-sumki,Сумка шоппер бежевый,,,,False,0,,,"Сумка-шоппер бежевый из 100% хлопка с печатью в Ижевске. Экологичная холщовая ткань, чернила не выцветают. Тираж от 600 шт. Закажите в типографии Цифра!",2,0,False
https://xn--18-6kc5a3bxam.xn--p1ai/catalog/suvenirnaya-produktsiya/ryukzaki-i-sumki/sumka-shopper-chernyy/,suvenirnaya-produktsiya,ryukzaki-i-sumki,Сумка шоппер черный,,,,False,0,,,"Черная сумка-шоппер из 100% хлопка с печатью в Ижевске. Экологичная ткань 600 г/м², стойкие чернила. Закажите в типографии «Цифра»!",6,0,False
https://xn--18-6kc5a3bxam.xn--p1ai/catalog/suvenirnaya-produktsiya/ryukzaki-i-sumki/sumka-shopper-tsvetnoy/,suvenirnaya-produktsiya,ryukzaki-i-sumki,Сумка шоппер цветной,,,,False,0,,,"Закажите цветную сумку-шоппер из 100% хлопка с индивидуальной печатью в Ижевске. Экологичные материалы, стойкая печать, любой тираж. Звоните!",3,0,False
https://xn--18-6kc5a3bxam.xn--p1ai/catalog/suvenirnaya-produktsiya/shokolad/,suvenirnaya-produktsiya,shokolad,Шоколад,,,,False,0,,,"Мы занимаемся печать любого изображения на этикетках от шоколада. Любые тиражи, экологичная печать и минимальные сроки. Шоколад станет отличным бизнес-сувениром на выставке или презентации или в качестве презента.",1,0,False
https://xn--18-6kc5a3bxam.xn--p1ai/catalog/suvenirnaya-produktsiya/shokolad/korobka-otkrytka-s-shokoladom-5gr/,suvenirnaya-produktsiya,shokolad,Коробка-открытка с шоколадом 5гр.,,,,False,0,,,"Закажите коробку-открытку с шоколадом 5гр с логотипом в Ижевске. Брендированный шоколад от типографии Цифра — идеальный бизнес-сувенир. Высокое качество, индивидуальный дизайн. Звоните!",2,0,False
https://xn--18-6kc5a3bxam.xn--p1ai/catalog/suvenirnaya-produktsiya/shokolad/otkrytka-a6-a5-v-razvorote-s-shokoladom/,suvenirnaya-produktsiya,shokolad,Открытка А6 с шоколадом,,,,False,0,,,Закажите открытку А6 (А5 в развороте) с брендированным шоколадом в типографии Цифра в Ижевске. Шоколадные открытки с логотипом для бизнес-подарков. Печать от 15 шт. Звоните!,2,0,False
https://xn--18-6kc5a3bxam.xn--p1ai/catalog/suvenirnaya-produktsiya/shokolad/shokolad-5gr-v-korobke-24sht-v-korobke/,suvenirnaya-produktsiya,shokolad,Шоколад 5гр. в коробке (24шт. в коробке),,,,False,0,,,Брендированный шоколад 5гр в коробке 24шт с логотипом. Идеальный бизнес-сувенир для выставок и подарков. Печать на шоколаде в Ижевске. Закажите в типографии Цифра!,2,0,False
https://xn--18-6kc5a3bxam.xn--p1ai/catalog/suvenirnaya-produktsiya/shokolad/shokolad-s-logotipom/,suvenirnaya-produktsiya,shokolad,Шоколад с логотипом 5гр.,от 14 ₽/шт.,14,шт.,True,5,14,22,"Закажите шоколад с логотипом 5гр в Ижевске. Брендированные мини-шоколадки для корпоративных подарков и выставок. Высокое качество, оперативная печать упаковки. Типография Цифра.",1,0,False
https://xn--18-6kc5a3bxam.xn--p1ai/catalog/suvenirnaya-produktsiya/shokolad/shokolad-v-korobke/,suvenirnaya-produktsiya,shokolad,Шоколад 5гр. в коробке (18шт. в коробке),,,,False,0,,,"Брендированный шоколад 5гр в коробке 18шт с вашим логотипом. Идеальный бизнес-сувенир для выставок и подарков. Высокое качество, молочный/тёмный шоколад. Закажите в Ижевске в типографии Цифра!",2,0,False
https://xn--18-6kc5a3bxam.xn--p1ai/catalog/suvenirnaya-produktsiya/suvenirnye-chasy-na-zakaz/,suvenirnaya-produktsiya,suvenirnye-chasy-na-zakaz,Сувенирные часы,,,,False,0,,,"Закажите сувенирные часы с логотипом в Ижевске. Индивидуальный дизайн, нанесение бренда, корпоративные подарки. Цена от 850 руб. Звоните: +7 (965) 842-32-41.",2,0,False
https://xn--18-6kc5a3bxam.xn--p1ai/catalog/suvenirnaya-produktsiya/suvenirnye-chasy-na-zakaz/suvenirnye-chasy-na-zakaz/,suvenirnaya-produktsiya,suvenirnye-chasy-na-zakaz,Сувенирные часы,,,,False,0,,,"Закажите сувенирные часы с логотипом в Ижевске. Индивидуальный дизайн, нанесение бренда, корпоративные подарки. Цена от 850 руб. Звоните: +7 (965) 842-32-41.",2,0,False
https://xn--18-6kc5a3bxam.xn--p1ai/catalog/suvenirnaya-produktsiya/tablichka-dlya-oplaty-s-qr-kodom/,suvenirnaya-produktsiya,tablichka-dlya-oplaty-s-qr-kodom,Табличка для оплаты с QR кодом,,,,False,0,,,"Собственное производство позволяет качественно и быстро производить печать на основных видах сувенирной продукции, например: бейсболки, USB флеш, свитшоты, ветровки, зонты, рюкзаки.",1,0,False
https://xn--18-6kc5a3bxam.xn--p1ai/catalog/suvenirnaya-produktsiya/tablichka-dlya-oplaty-s-qr-kodom/tablichka-dlya-oplaty-s-qr-kodom-bez-podstavki/,suvenirnaya-produktsiya,tablichka-dlya-oplaty-s-qr-kodom,Табличка для оплаты с QR кодом без подставки,,,,False,0,,,"Печатаем таблички с QR-кодом для оплаты без подставки в Ижевске. ПВХ, оргстекло, алюкобонд. Персонализация с логотипом. От 250 ₽, срок — от 1 дня.",5,0,False
https://xn--18-6kc5a3bxam.xn--p1ai/catalog/suvenirnaya-produktsiya/tablichka-dlya-oplaty-s-qr-kodom/tablichka-dlya-oplaty-s-qr-kodom-na-bruske/,suvenirnaya-produktsiya,tablichka-dlya-oplaty-s-qr-kodom,Табличка для оплаты с QR кодом на бруске,,,,False,0,,,"Табличка для оплаты с QR-кодом на деревянном бруске. УФ-печать, индивидуальный дизайн, от 1 шт. Закажите в типографии «Цифра» в Ижевске!",2,0,False
https://xn--18-6kc5a3bxam.xn--p1ai/catalog/suvenirnaya-produktsiya/tubus-brendirovannyy/,suvenirnaya-produktsiya,tubus-brendirovannyy,Тубус брендированный,,,,False,0,,,"Закажите тубус для футболки с логотипом в Ижевске. Картонная упаковка для футболок от 10 шт. Печать, доставка. Типография Цифра на Песочной, 34.",2,0,False
https://xn--18-6kc5a3bxam.xn--p1ai/catalog/suvenirnaya-produktsiya/tubus-brendirovannyy/tubus-brendirovannyy/,suvenirnaya-produktsiya,tubus-brendirovannyy,Тубус брендированный,,,,False,0,,,"Закажите тубус для футболки с логотипом в Ижевске. Картонная упаковка для футболок от 10 шт. Печать, доставка. Типография Цифра на Песочной, 34.",2,0,False
https://xn--18-6kc5a3bxam.xn--p1ai/catalog/suvenirnaya-produktsiya/znachki-zakatnye9558/,suvenirnaya-produktsiya,znachki-zakatnye9558,Значки закатные,,,,False,0,,,Значки закатные точно в срок. Закажи онлайн и забери заказ в типографии Цифра!,1,0,False
https://xn--18-6kc5a3bxam.xn--p1ai/catalog/suvenirnaya-produktsiya/znachki-zakatnye9558/zakatnye-znachki-glyantsevye/,suvenirnaya-produktsiya,znachki-zakatnye9558,Закатные значки глянцевые,,,,False,0,,,"Изготовление закатных значков с логотипом в Ижевске. Глянцевое покрытие, размеры 25-56 мм, любой тираж. Собственное производство, разработка дизайна. Закажите в Типографии Цифра!",2,0,False
https://xn--18-6kc5a3bxam.xn--p1ai/catalog/suvenirnaya-produktsiya/znachki-zakatnye9558/zakatnye-znachki-matovye/,suvenirnaya-produktsiya,znachki-zakatnye9558,Закатные значки матовые,,,,False,0,,,"Закатные значки с матовым покрытием и софт-тач на заказ в Ижевске. Собственное оборудование, оперативные сроки. Цены от 40 руб.",1,0,False
