"Интервал дат визита","Визиты","Посетители","Просмотры","Доля новых посетителей","Отказы","Глубина просмотра","Время на сайте"
"Итого и средние","79002","58461","120440","0.9990420964403619","0.7497531708058024","1.5245183666236297","00:01:22"
"2026-08-28","270","244","541","0.930327868852459","0.7222222222222221","2.0037037037037035","00:02:18"
"2026-08-26","223","196","486","0.903061224489796","0.6905829596412556","2.179372197309417","00:03:26"
"2026-08-31","191","166","412","0.8614457831325302","0.6387434554973822","2.157068062827225","00:03:51"
"2026-09-01","171","141","380","0.8439716312056738","0.6023391812865497","2.2222222222222223","00:03:31"
"2026-08-30","165","159","247","0.9433962264150944","0.8848484848484849","1.496969696969697","00:00:50"
"2026-08-27","161","142","342","0.8450704225352113","0.5962732919254659","2.124223602484472","00:02:31"
"2026-09-22","160","133","430","0.8195488721804511","0.425","2.6875","00:04:42"
"2026-08-10","159","118","474","0.8389830508474576","0.4591194968553459","2.981132075471698","00:05:19"
"2026-07-03","156","132","425","0.8939393939393939","0.673076923076923","2.7243589743589745","00:03:49"
"2026-09-03","156","129","328","0.8837209302325582","0.5128205128205128","2.1025641025641026","00:02:45"
"2026-09-14","154","129","354","0.7596899224806202","0.41558441558441556","2.2987012987012987","00:01:36"
"2025-10-27","152","148","181","0.9324324324324325","0.8684210526315791","1.1907894736842106","00:00:40"
"2026-09-17","152","126","385","0.8650793650793651","0.47368421052631576","2.5328947368421053","00:04:23"
"2025-10-29","151","141","189","0.9219858156028369","0.794701986754967","1.2516556291390728","00:01:10"
"2026-06-22","142","133","219","0.8872180451127819","0.704225352112676","1.5422535211267605","00:01:06"
"2026-06-23","142","127","242","0.858267716535433","0.7605633802816901","1.704225352112676","00:01:13"
"2026-04-23","141","137","198","0.8905109489051095","0.7304964539007092","1.4042553191489362","00:00:34"
"2026-09-07","140","115","330","0.8173913043478261","0.47142857142857136","2.357142857142857","00:03:38"
"2026-09-15","140","115","329","0.782608695652174","0.4642857142857143","2.35","00:02:27"
"2026-09-21","140","119","368","0.8235294117647058","0.4357142857142857","2.6285714285714286","00:03:56"
"2026-04-22","139","134","174","0.8656716417910446","0.8489208633093526","1.2517985611510791","00:00:28"
"2026-08-13","139","104","534","0.8173076923076923","0.474820143884892","3.841726618705036","00:04:45"
"2026-09-02","139","117","325","0.8461538461538461","0.474820143884892","2.338129496402878","00:02:22"
"2026-04-21","138","133","176","0.8646616541353382","0.826086956521739","1.2753623188405796","00:00:23"
"2026-06-17","137","131","195","0.9389312977099238","0.7737226277372264","1.4233576642335766","00:00:55"
"2026-08-29","137","130","359","0.9461538461538461","0.8686131386861313","2.6204379562043796","00:02:20"
"2025-11-25","136","122","191","0.8688524590163934","0.8161764705882352","1.4044117647058822","00:01:26"
"2026-04-27","136","133","184","0.9398496240601504","0.8308823529411765","1.3529411764705883","00:00:53"
"2026-08-25","134","108","292","0.8425925925925926","0.48507462686567165","2.1791044776119404","00:03:37"
"2026-06-15","133","125","188","0.848","0.7368421052631579","1.413533834586466","00:00:51"
"2026-06-25","133","114","293","0.9298245614035088","0.7368421052631579","2.2030075187969924","00:03:17"
"2026-06-02","132","130","170","0.9076923076923077","0.8181818181818182","1.2878787878787878","00:00:27"
"2026-09-08","132","107","351","0.7383177570093458","0.46969696969696967","2.659090909090909","00:03:59"
"2026-04-28","130","124","185","0.9193548387096775","0.8","1.4230769230769231","00:01:35"
"2026-08-19","130","102","286","0.8235294117647058","0.5615384615384615","2.2","00:03:39"
"2026-09-09","130","103","393","0.8155339805825242","0.4076923076923077","3.023076923076923","00:03:51"
"2025-09-22","129","126","160","0.8015873015873016","0.8294573643410853","1.2403100775193798","00:00:41"
"2026-06-30","128","114","282","0.8947368421052632","0.671875","2.203125","00:03:01"
"2026-09-04","128","105","364","0.7809523809523811","0.4921875","2.84375","00:04:18"
"2026-09-16","128","100","344","0.79","0.328125","2.6875","00:03:44"
"2025-10-28","127","117","166","0.8888888888888888","0.8031496062992126","1.3070866141732282","00:00:25"
"2026-07-09","127","94","412","0.872340425531915","0.4566929133858268","3.2440944881889764","00:05:51"
"2026-09-10","127","102","303","0.8431372549019608","0.4015748031496063","2.3858267716535435","00:03:19"
"2024-06-24","125","113","202","0.7522123893805309","0.76","1.616","00:00:59"
"2026-02-09","124","113","186","0.7964601769911505","0.7338709677419355","1.5","00:01:12"
"2024-06-17","123","116","189","0.7931034482758621","0.7479674796747967","1.5365853658536586","00:01:23"
"2026-08-20","123","103","304","0.8349514563106796","0.5447154471544715","2.4715447154471546","00:03:59"
"2026-08-18","122","103","243","0.8058252427184466","0.48360655737704916","1.9918032786885247","00:03:42"
"2025-12-15","121","113","150","0.7787610619469026","0.8016528925619835","1.2396694214876034","00:00:43"
"2026-03-13","121","117","180","0.8376068376068376","0.7024793388429752","1.487603305785124","00:01:01"
"2026-06-18","121","113","171","0.8761061946902654","0.7520661157024794","1.4132231404958677","00:00:55"
"2026-07-06","121","105","368","0.8285714285714286","0.6611570247933884","3.041322314049587","00:03:08"
"2026-04-29","120","117","141","0.94017094017094","0.85","1.175","00:00:18"
"2026-06-01","120","115","183","0.9217391304347826","0.7083333333333335","1.525","00:00:39"
"2026-06-26","120","107","319","0.9065420560747665","0.7083333333333335","2.658333333333333","00:03:46"
"2026-07-02","120","103","333","0.8349514563106796","0.6416666666666667","2.775","00:03:34"
"2026-07-16","120","94","491","0.8297872340425532","0.49166666666666664","4.091666666666667","00:05:40"
"2026-08-11","120","93","382","0.8494623655913979","0.39166666666666666","3.183333333333333","00:03:11"
"2025-12-25","119","111","155","0.8198198198198198","0.8235294117647058","1.3025210084033614","00:00:26"
"2026-08-24","119","95","339","0.8210526315789474","0.5126050420168067","2.8487394957983194","00:03:07"
"2025-03-04","118","104","175","0.7788461538461539","0.6779661016949151","1.4830508474576272","00:01:23"
"2025-12-03","118","110","155","0.8272727272727274","0.7796610169491526","1.3135593220338984","00:01:03"
"2026-02-10","118","106","152","0.820754716981132","0.7796610169491526","1.2881355932203389","00:00:55"
"2026-03-17","118","116","173","0.8275862068965517","0.7033898305084746","1.4661016949152543","00:01:20"
"2026-06-09","118","114","164","0.9035087719298247","0.771186440677966","1.3898305084745763","00:00:34"
"2026-08-05","118","97","341","0.7628865979381443","0.5","2.889830508474576","00:04:03"
"2026-09-18","118","93","335","0.7634408602150538","0.4830508474576271","2.8389830508474576","00:04:03"
"2025-12-10","117","105","154","0.8761904761904762","0.7863247863247864","1.3162393162393162","00:01:08"
"2026-06-03","117","114","169","0.9122807017543859","0.7692307692307694","1.4444444444444444","00:00:42"
"2026-06-04","117","114","165","0.8684210526315791","0.7863247863247864","1.4102564102564104","00:01:03"
"2026-06-05","117","112","153","0.8839285714285714","0.8205128205128205","1.3076923076923077","00:00:39"
"2024-06-18","116","100","183","0.87","0.6982758620689655","1.5775862068965518","00:01:18"
"2025-11-05","116","102","140","0.8627450980392157","0.8275862068965517","1.206896551724138","00:00:40"
"2025-11-06","116","106","147","0.8679245283018868","0.8103448275862069","1.2672413793103448","00:00:55"
"2026-06-16","116","109","153","0.9174311926605505","0.7758620689655173","1.3189655172413792","00:00:12"
"2026-08-06","116","92","275","0.826086956521739","0.46551724137931033","2.3706896551724137","00:03:11"
"2025-02-13","115","96","160","0.8020833333333335","0.7652173913043478","1.391304347826087","00:00:53"
"2025-11-12","115","102","177","0.7647058823529411","0.7217391304347827","1.5391304347826087","00:01:18"
"2025-11-26","115","96","188","0.7395833333333335","0.7217391304347827","1.6347826086956523","00:01:21"
"2026-02-17","115","101","185","0.8316831683168318","0.6869565217391305","1.608695652173913","00:01:33"
"2026-05-13","115","110","160","0.9","0.7913043478260868","1.391304347826087","00:00:38"
"2026-06-08","115","111","165","0.8738738738738738","0.782608695652174","1.434782608695652","00:00:29"
"2026-07-13","115","86","536","0.8372093023255814","0.43478260869565216","4.660869565217391","00:06:36"
"2025-10-22","114","101","138","0.8019801980198021","0.7807017543859649","1.2105263157894737","00:00:51"
"2025-11-07","114","105","174","0.819047619047619","0.7105263157894737","1.5263157894736843","00:01:37"
"2026-01-15","114","99","160","0.7878787878787878","0.7631578947368421","1.4035087719298245","00:01:22"
"2026-04-13","114","108","136","0.8425925925925926","0.8684210526315791","1.1929824561403508","00:00:22"
"2026-05-21","114","107","148","0.8598130841121495","0.8245614035087719","1.2982456140350878","00:00:29"
"2026-06-29","114","95","243","0.9157894736842106","0.5877192982456141","2.1315789473684212","00:02:24"
"2026-07-15","114","80","558","0.7375","0.38596491228070173","4.894736842105263","00:06:26"
"2026-08-17","114","89","308","0.7640449438202246","0.4298245614035088","2.7017543859649122","00:06:06"
"2024-11-07","113","102","166","0.8235294117647058","0.7699115044247787","1.4690265486725664","00:01:55"
"2025-10-30","113","104","158","0.7884615384615384","0.7345132743362832","1.3982300884955752","00:01:45"
"2026-04-07","113","107","170","0.8598130841121495","0.6814159292035398","1.5044247787610618","00:00:38"
"2025-12-08","112","104","154","0.8076923076923077","0.75","1.375","00:01:30"
"2026-05-04","111","104","147","0.9423076923076923","0.8288288288288288","1.3243243243243243","00:01:20"
"2026-07-17","111","76","537","0.7894736842105263","0.42342342342342343","4.837837837837838","00:07:48"
"2026-08-03","111","85","256","0.7764705882352942","0.4954954954954955","2.3063063063063063","00:03:22"
"2024-06-13","110","98","161","0.8061224489795918","0.6909090909090909","1.4636363636363636","00:01:09"
"2025-02-11","110","105","174","0.8952380952380953","0.7545454545454545","1.5818181818181818","00:01:46"
"2025-02-19","110","97","153","0.8247422680412371","0.7636363636363638","1.3909090909090909","00:00:49"
"2026-04-24","110","102","156","0.9019607843137255","0.7272727272727273","1.4181818181818182","00:01:19"
"2026-05-18","110","103","146","0.9029126213592233","0.7909090909090909","1.3272727272727274","00:00:41"
"2026-05-27","110","95","153","0.8842105263157894","0.7636363636363638","1.3909090909090909","00:00:37"
"2024-11-27","109","100","148","0.76","0.7247706422018347","1.3577981651376148","00:01:16"
"2026-03-10","109","100","172","0.89","0.706422018348624","1.5779816513761469","00:01:02"
"2026-03-18","109","104","197","0.9038461538461539","0.6422018348623854","1.8073394495412844","00:01:38"
"2026-03-26","109","105","146","0.8857142857142857","0.7798165137614679","1.3394495412844036","00:00:56"
"2026-05-07","109","103","134","0.9029126213592233","0.8165137614678899","1.2293577981651376","00:00:39"
"2024-12-16","108","99","141","0.8181818181818182","0.7870370370370371","1.3055555555555556","00:01:13"
"2025-03-03","108","96","146","0.84375","0.7962962962962963","1.3518518518518519","00:00:54"
"2025-10-08","108","100","138","0.85","0.8148148148148148","1.2777777777777777","00:01:24"
"2025-12-01","108","98","145","0.7959183673469387","0.8055555555555556","1.3425925925925926","00:01:02"
"2026-04-09","108","103","170","0.8349514563106796","0.6944444444444444","1.5740740740740742","00:01:10"
"2026-05-22","108","101","139","0.900990099009901","0.8055555555555556","1.287037037037037","00:01:04"
"2026-05-26","108","100","169","0.8","0.6851851851851852","1.5648148148148149","00:01:22"
"2025-02-18","107","101","150","0.8613861386138614","0.7289719626168224","1.4018691588785046","00:01:27"
"2025-09-24","107","102","154","0.7843137254901962","0.7850467289719626","1.439252336448598","00:00:59"
"2025-11-10","107","99","154","0.7878787878787878","0.7570093457943925","1.439252336448598","00:01:35"
"2026-01-12","107","100","136","0.88","0.7943925233644858","1.2710280373831775","00:01:06"
"2026-08-21","107","84","278","0.8333333333333335","0.4672897196261683","2.5981308411214954","00:04:32"
"2025-09-23","106","101","150","0.8118811881188119","0.7264150943396226","1.4150943396226414","00:01:00"
"2025-10-02","106","100","140","0.91","0.7924528301886792","1.320754716981132","00:01:47"
"2026-01-14","106","99","138","0.7575757575757575","0.7547169811320755","1.3018867924528301","00:00:33"
"2026-04-14","106","101","147","0.8415841584158416","0.6886792452830188","1.3867924528301887","00:00:56"
"2026-04-30","106","104","134","0.923076923076923","0.8113207547169812","1.2641509433962264","00:00:40"
"2026-05-29","106","97","145","0.8762886597938144","0.8018867924528302","1.3679245283018868","00:00:37"
"2026-07-30","106","79","315","0.7721518987341773","0.3584905660377358","2.9716981132075473","00:04:27"
"2025-12-02","105","94","144","0.8085106382978722","0.7619047619047619","1.3714285714285714","00:00:41"
"2026-03-05","105","91","184","0.8351648351648352","0.6952380952380952","1.7523809523809524","00:01:11"
"2026-04-20","105","101","150","0.8712871287128714","0.7428571428571429","1.4285714285714286","00:00:51"
"2026-07-14","105","81","357","0.8024691358024691","0.4857142857142857","3.4","00:05:59"
"2024-06-25","104","91","146","0.8021978021978022","0.7596153846153846","1.4038461538461537","00:01:26"
"2024-12-19","104","96","135","0.84375","0.8076923076923077","1.2980769230769231","00:00:27"
"2025-10-13","104","94","147","0.8085106382978722","0.7115384615384616","1.4134615384615385","00:01:06"
"2025-12-11","104","94","149","0.8085106382978722","0.7307692307692306","1.4326923076923077","00:00:56"
"2025-12-23","104","97","140","0.865979381443299","0.8076923076923077","1.3461538461538463","00:01:16"
"2026-01-20","104","95","151","0.7894736842105263","0.7403846153846154","1.4519230769230769","00:01:22"
"2026-03-16","104","98","134","0.8367346938775511","0.7596153846153846","1.2884615384615385","00:01:17"
"2026-04-15","104","101","163","0.8712871287128714","0.7115384615384616","1.5673076923076923","00:01:31"
"2026-05-14","104","102","152","0.8921568627450981","0.7692307692307694","1.4615384615384615","00:01:05"
"2026-05-20","104","100","132","0.9","0.7884615384615384","1.2692307692307692","00:00:30"
"2026-06-24","104","99","191","0.8888888888888888","0.7307692307692306","1.8365384615384615","00:01:52"
"2026-07-31","104","88","257","0.7727272727272727","0.4519230769230769","2.4711538461538463","00:03:58"
"2024-06-10","103","92","149","0.8695652173913043","0.7184466019417477","1.4466019417475728","00:01:40"
"2024-11-26","103","99","164","0.8181818181818182","0.7572815533980582","1.5922330097087378","00:01:29"
"2024-12-05","103","96","148","0.8958333333333335","0.7087378640776698","1.4368932038834952","00:01:36"
"2024-12-11","103","88","134","0.8636363636363636","0.7864077669902911","1.3009708737864079","00:01:04"
"2024-12-13","103","93","183","0.7096774193548387","0.7572815533980582","1.7766990291262137","00:01:12"
"2025-02-17","103","97","146","0.845360824742268","0.7378640776699029","1.4174757281553398","00:01:05"
"2025-02-26","103","92","156","0.8152173913043478","0.6310679611650486","1.5145631067961165","00:01:07"
"2025-10-14","103","91","147","0.8241758241758241","0.6990291262135923","1.4271844660194175","00:01:01"
"2025-11-11","103","97","126","0.8144329896907216","0.8058252427184466","1.2233009708737863","00:00:50"
"2026-02-06","103","98","140","0.8061224489795918","0.7475728155339806","1.3592233009708738","00:00:55"
"2026-02-13","103","98","156","0.8367346938775511","0.6796116504854369","1.5145631067961165","00:01:23"
"2026-02-26","103","99","137","0.8282828282828283","0.7378640776699029","1.3300970873786409","00:01:02"
"2026-03-24","103","97","130","0.8556701030927835","0.8446601941747572","1.2621359223300972","00:00:48"
"2026-05-05","103","96","125","0.8854166666666665","0.8349514563106796","1.2135922330097086","00:00:27"
"2024-12-03","102","97","150","0.8350515463917526","0.6764705882352942","1.4705882352941178","00:00:48"
"2024-12-12","102","91","138","0.8021978021978022","0.7254901960784313","1.3529411764705883","00:00:43"
"2025-01-29","102","92","152","0.8913043478260869","0.6862745098039216","1.4901960784313726","00:01:42"
"2025-01-31","102","91","143","0.8351648351648352","0.7450980392156863","1.4019607843137254","00:01:33"
"2026-02-12","102","87","144","0.8275862068965517","0.7843137254901962","1.411764705882353","00:00:45"
"2026-03-20","102","92","143","0.826086956521739","0.7843137254901962","1.4019607843137254","00:00:35"
"2026-04-16","102","93","130","0.9139784946236559","0.7843137254901962","1.2745098039215685","00:00:50"
"2026-05-06","102","99","128","0.9292929292929293","0.8431372549019608","1.2549019607843137","00:00:47"
"2026-09-11","102","84","272","0.8690476190476191","0.4803921568627451","2.6666666666666665","00:03:11"
"2024-05-22","101","92","139","0.8043478260869565","0.7623762376237625","1.3762376237623761","00:01:16"
"2025-02-06","101","91","146","0.7692307692307694","0.6831683168316832","1.4455445544554455","00:01:10"
"2025-09-04","101","96","146","0.8541666666666665","0.693069306930693","1.4455445544554455","00:00:46"
"2025-10-20","101","94","127","0.7127659574468085","0.7722772277227723","1.2574257425742574","00:00:40"
"2025-12-24","101","92","141","0.8152173913043478","0.7227722772277229","1.396039603960396","00:01:17"
"2026-02-02","101","94","133","0.8297872340425532","0.7623762376237625","1.316831683168317","00:00:51"
"2026-02-18","101","92","140","0.8478260869565217","0.7227722772277229","1.386138613861386","00:01:03"
"2026-03-19","101","98","143","0.846938775510204","0.7920792079207921","1.4158415841584158","00:01:11"
"2026-04-01","101","94","135","0.8297872340425532","0.7425742574257426","1.3366336633663367","00:00:58"
"2026-07-28","101","87","246","0.8390804597701149","0.5148514851485149","2.4356435643564356","00:04:45"
"2026-08-12","101","80","377","0.7625","0.4752475247524752","3.732673267326733","00:04:18"
"2024-12-04","100","94","143","0.7872340425531915","0.75","1.43","00:01:20"
"2025-02-04","100","94","146","0.7872340425531915","0.71","1.46","00:02:16"
"2025-02-10","100","95","151","0.7684210526315789","0.7","1.51","00:01:24"
"2025-05-19","100","92","103","0.9130434782608695","0.97","1.03","00:00:09"
"2025-10-21","100","89","134","0.8202247191011236","0.74","1.34","00:01:05"
"2025-12-18","100","94","150","0.8297872340425532","0.76","1.5","00:01:46"
"2026-01-29","100","88","135","0.8181818181818182","0.76","1.35","00:01:04"
"2026-03-03","100","89","137","0.8089887640449437","0.74","1.37","00:01:32"
"2026-03-23","100","95","144","0.8736842105263158","0.72","1.44","00:01:30"
"2026-04-02","100","92","138","0.8369565217391305","0.84","1.38","00:00:58"
"2026-05-15","100","94","132","0.8617021276595744","0.83","1.32","00:00:34"
"2024-05-14","99","89","143","0.8651685393258427","0.797979797979798","1.4444444444444444","00:01:28"
"2024-06-05","99","89","155","0.8876404494382022","0.6868686868686867","1.5656565656565657","00:01:43"
"2025-06-16","99","92","101","0.8586956521739131","0.9494949494949495","1.02020202020202","00:00:03"
"2025-12-12","99","94","130","0.851063829787234","0.7878787878787878","1.3131313131313131","00:01:35"
"2026-02-19","99","86","128","0.8372093023255814","0.8080808080808081","1.292929292929293","00:00:59"
"2026-02-25","99","90","171","0.8","0.6565656565656566","1.7272727272727273","00:01:28"
"2024-11-11","98","91","135","0.8131868131868132","0.7551020408163265","1.3775510204081634","00:01:12"
"2024-12-06","98","92","118","0.75","0.826530612244898","1.2040816326530612","00:00:57"
"2025-01-27","98","91","145","0.8351648351648352","0.7142857142857143","1.4795918367346939","00:00:55"
"2025-06-17","98","91","101","0.8791208791208791","0.9387755102040817","1.030612244897959","00:00:18"
"2025-11-24","98","91","137","0.8461538461538461","0.7448979591836735","1.3979591836734695","00:01:46"
"2026-01-28","98","91","143","0.8351648351648352","0.7551020408163265","1.4591836734693877","00:01:32"
"2026-02-11","98","90","149","0.7666666666666667","0.6938775510204082","1.5204081632653061","00:01:34"
"2024-11-13","97","86","132","0.8604651162790699","0.7216494845360825","1.3608247422680413","00:01:24"
"2024-12-02","97","93","137","0.7419354838709676","0.7422680412371134","1.4123711340206186","00:01:37"
"2024-12-17","97","93","143","0.7741935483870968","0.7216494845360825","1.4742268041237114","00:01:23"
"2024-12-18","97","90","113","0.8444444444444444","0.8556701030927835","1.1649484536082475","00:00:23"
"2025-11-27","97","92","143","0.9021739130434783","0.7628865979381443","1.4742268041237114","00:01:05"
"2026-04-08","97","91","136","0.8791208791208791","0.7628865979381443","1.402061855670103","00:01:59"
"2026-05-12","97","93","136","0.9139784946236559","0.8247422680412371","1.402061855670103","00:00:34"
"2024-05-15","96","86","129","0.8255813953488372","0.8125","1.34375","00:00:26"
"2024-06-26","96","89","144","0.8314606741573034","0.7395833333333335","1.5","00:00:47"
"2024-11-25","96","87","153","0.8620689655172413","0.7395833333333335","1.59375","00:02:41"
"2024-12-10","96","90","141","0.7555555555555555","0.7708333333333335","1.46875","00:00:48"
"2025-09-29","96","89","141","0.8314606741573034","0.7395833333333335","1.46875","00:01:01"
"2025-10-06","96","89","140","0.8426966292134831","0.71875","1.4583333333333333","00:01:16"
"2026-01-19","96","91","128","0.8461538461538461","0.71875","1.3333333333333333","00:00:51"
"2024-11-28","95","88","124","0.7954545454545454","0.7894736842105263","1.305263157894737","00:00:49"
"2025-09-19","95","88","144","0.8068181818181818","0.6947368421052631","1.5157894736842106","00:01:37"
"2025-12-17","95","86","140","0.7558139534883721","0.7052631578947368","1.4736842105263157","00:01:35"
"2026-01-22","95","90","129","0.7777777777777779","0.8","1.3578947368421053","00:01:09"
"2026-05-19","95","90","134","0.9444444444444444","0.7894736842105263","1.4105263157894736","00:00:47"
"2024-05-07","94","86","135","0.8604651162790699","0.7978723404255319","1.4361702127659575","00:00:42"
"2025-01-09","94","86","133","0.8953488372093024","0.6702127659574468","1.4148936170212767","00:01:34"
"2025-03-06","94","88","130","0.8295454545454546","0.7127659574468085","1.3829787234042554","00:00:41"
"2025-05-21","94","91","96","0.923076923076923","0.9787234042553191","1.0212765957446808","00:00:15"
"2025-12-04","94","85","135","0.8352941176470589","0.7553191489361702","1.4361702127659575","00:01:43"
"2026-03-02","94","91","130","0.8681318681318682","0.776595744680851","1.3829787234042554","00:00:20"
"2026-03-12","94","90","127","0.8","0.7446808510638298","1.351063829787234","00:01:03"
"2026-04-03","94","92","124","0.8478260869565217","0.8297872340425532","1.3191489361702127","00:00:35"
"2026-04-17","94","89","113","0.9213483146067416","0.851063829787234","1.202127659574468","00:00:21"
"2026-06-11","94","89","163","0.9101123595505618","0.6382978723404256","1.7340425531914894","00:01:32"
"2024-06-27","93","86","140","0.9069767441860465","0.7526881720430108","1.5053763440860215","00:01:19"
"2024-10-14","93","87","127","0.8620689655172413","0.7849462365591396","1.3655913978494623","00:02:07"
"2024-11-19","93","85","132","0.8352941176470589","0.7311827956989247","1.4193548387096775","00:02:06"
"2024-11-21","93","88","139","0.8863636363636364","0.7526881720430108","1.4946236559139785","00:01:18"
"2025-03-05","93","90","115","0.8","0.7956989247311828","1.2365591397849462","00:00:24"
"2025-05-22","93","90","93","0.8555555555555556","0.989247311827957","1.0","00:00:12"
"2025-12-09","93","84","123","0.8095238095238095","0.7849462365591396","1.3225806451612903","00:00:52"
"2026-01-26","93","88","109","0.8295454545454546","0.8602150537634408","1.1720430107526882","00:00:16"
"2026-06-10","93","91","135","0.9010989010989011","0.7849462365591396","1.4516129032258065","00:00:49"
"2026-07-07","93","75","443","0.8266666666666667","0.5806451612903226","4.763440860215054","00:05:45"
"2024-05-13","92","89","126","0.9101123595505618","0.7282608695652173","1.3695652173913044","00:01:33"
"2025-09-11","92","85","132","0.8588235294117647","0.717391304347826","1.434782608695652","00:01:06"
"2025-11-28","92","86","118","0.8255813953488372","0.8043478260869565","1.2826086956521738","00:01:09"
"2026-02-03","92","86","124","0.7906976744186046","0.7717391304347827","1.3478260869565217","00:00:42"
"2026-02-27","92","86","118","0.8372093023255814","0.8043478260869565","1.2826086956521738","00:00:40"
"2026-04-06","92","89","146","0.8651685393258427","0.7282608695652173","1.5869565217391304","00:01:35"
"2026-08-09","92","84","158","0.9642857142857143","0.826086956521739","1.7173913043478262","00:00:43"
"2024-11-29","91","84","123","0.7738095238095238","0.7252747252747253","1.3516483516483517","00:00:52"
"2024-12-24","91","88","129","0.7954545454545454","0.7362637362637363","1.4175824175824177","00:01:47"
"2025-01-15","91","83","117","0.7831325301204819","0.8241758241758241","1.2857142857142858","00:00:53"
"2025-09-25","91","81","110","0.8271604938271605","0.8021978021978022","1.2087912087912087","00:00:45"
"2026-02-05","91","87","125","0.8620689655172413","0.7912087912087913","1.3736263736263736","00:01:17"
"2026-03-11","91","83","127","0.8795180722891566","0.6923076923076923","1.3956043956043955","00:01:03"
"2026-03-25","91","82","136","0.8292682926829268","0.7142857142857143","1.4945054945054945","00:00:52"
"2026-07-01","91","83","143","0.8674698795180723","0.7142857142857143","1.5714285714285714","00:01:23"
"2026-08-04","91","70","231","0.8","0.4065934065934066","2.5384615384615383","00:04:14"
"2024-06-04","90","85","113","0.9176470588235294","0.8","1.2555555555555555","00:00:52"
"2024-11-12","90","81","147","0.8024691358024691","0.7555555555555555","1.6333333333333333","00:00:56"
"2025-01-20","90","80","147","0.8625","0.6666666666666665","1.6333333333333333","00:01:24"
"2025-01-22","90","84","141","0.8333333333333335","0.7222222222222221","1.5666666666666667","00:01:30"
"2025-01-30","90","78","150","0.858974358974359","0.7777777777777779","1.6666666666666667","00:00:54"
"2025-02-03","90","86","146","0.7441860465116279","0.7","1.6222222222222222","00:01:34"
"2025-02-24","90","81","119","0.7901234567901234","0.7666666666666667","1.3222222222222222","00:00:59"
"2025-02-25","90","83","126","0.6506024096385542","0.7222222222222221","1.4","00:00:51"
"2024-06-20","89","85","129","0.8117647058823529","0.7865168539325843","1.449438202247191","00:01:04"
"2024-12-20","89","84","142","0.7619047619047619","0.6853932584269663","1.595505617977528","00:01:58"
"2025-01-14","89","82","125","0.8292682926829268","0.7415730337078652","1.404494382022472","00:00:37"
"2025-01-23","89","87","111","0.8275862068965517","0.8089887640449437","1.247191011235955","00:00:44"
"2025-02-28","89","83","131","0.8433734939759038","0.7303370786516854","1.4719101123595506","00:01:51"
"2025-09-03","89","81","114","0.8518518518518519","0.7752808988764045","1.2808988764044944","00:00:24"
"2025-10-09","89","83","138","0.8554216867469878","0.651685393258427","1.550561797752809","00:01:43"
"2025-10-10","89","80","139","0.8125","0.6629213483146067","1.5617977528089888","00:02:08"
"2026-02-04","89","85","141","0.8352941176470589","0.7415730337078652","1.5842696629213484","00:01:41"
"2026-02-24","89","82","137","0.8170731707317073","0.7078651685393258","1.5393258426966292","00:00:55"
"2026-03-06","89","83","142","0.8313253012048193","0.7415730337078652","1.595505617977528","00:00:56"
"2026-03-30","89","85","126","0.8823529411764706","0.7528089887640449","1.4157303370786516","00:00:58"
"2026-06-14","89","85","108","0.9411764705882352","0.8314606741573034","1.2134831460674158","00:00:21"
"2026-07-24","89","73","226","0.821917808219178","0.5280898876404494","2.539325842696629","00:04:31"
"2024-10-16","88","80","145","0.8","0.6931818181818182","1.6477272727272727","00:00:42"
"2025-02-05","88","85","156","0.7294117647058823","0.7045454545454546","1.7727272727272727","00:02:58"
"2025-02-14","88","85","114","0.8588235294117647","0.75","1.2954545454545454","00:01:28"
"2025-06-23","88","82","94","0.878048780487805","0.9431818181818182","1.0681818181818181","00:00:23"
"2025-09-16","88","84","133","0.8571428571428571","0.6818181818181818","1.5113636363636365","00:01:55"
"2025-09-26","88","81","124","0.8518518518518519","0.7613636363636364","1.4090909090909092","00:02:19"
"2025-10-01","88","84","111","0.8095238095238095","0.7954545454545454","1.2613636363636365","00:01:31"
"2025-10-23","88","81","128","0.8271604938271605","0.7045454545454546","1.4545454545454546","00:00:54"
"2025-11-18","88","81","125","0.8271604938271605","0.7159090909090909","1.4204545454545454","00:01:07"
"2026-01-13","88","83","108","0.8313253012048193","0.7727272727272727","1.2272727272727273","00:01:18"
"2026-01-23","88","80","116","0.825","0.8181818181818182","1.3181818181818181","00:01:24"
"2026-01-27","88","81","115","0.7283950617283951","0.7840909090909091","1.3068181818181819","00:00:51"
"2026-05-25","88","85","122","0.9058823529411765","0.7840909090909091","1.3863636363636365","00:00:45"
"2026-06-19","88","85","141","0.9294117647058823","0.6704545454545454","1.6022727272727273","00:01:27"
"2026-07-23","88","71","304","0.8169014084507044","0.45454545454545453","3.4545454545454546","00:07:02"
"2024-10-08","87","78","122","0.8974358974358975","0.7126436781609197","1.4022988505747127","00:01:35"
"2025-01-16","87","79","116","0.7974683544303798","0.8045977011494253","1.3333333333333333","00:00:44"
"2025-01-17","87","81","156","0.8641975308641975","0.735632183908046","1.793103448275862","00:01:28"
"2025-09-09","87","84","121","0.8095238095238095","0.7586206896551724","1.3908045977011494","00:01:14"
"2025-10-03","87","81","110","0.7777777777777779","0.8160919540229885","1.264367816091954","00:01:04"
"2025-10-07","87","81","123","0.839506172839506","0.7586206896551724","1.4137931034482758","00:01:23"
"2026-04-18","87","86","99","0.9883720930232558","0.8850574712643678","1.1379310344827587","00:00:20"
"2024-06-11","86","77","129","0.8311688311688311","0.7674418604651163","1.5","00:00:56"
"2024-08-20","86","75","127","0.84","0.7674418604651163","1.4767441860465116","00:01:07"
"2024-10-22","86","83","116","0.7710843373493976","0.813953488372093","1.3488372093023255","00:00:32"
"2025-01-21","86","78","156","0.858974358974359","0.6046511627906976","1.813953488372093","00:01:52"
"2025-02-12","86","78","125","0.8205128205128205","0.7209302325581395","1.4534883720930232","00:02:14"
"2025-10-24","86","72","121","0.8333333333333335","0.7674418604651163","1.4069767441860466","00:01:08"
"2026-01-16","86","78","127","0.8076923076923077","0.686046511627907","1.4767441860465116","00:01:43"
"2026-07-22","86","66","332","0.8181818181818182","0.5232558139534884","3.86046511627907","00:07:12"
"2026-07-29","86","66","282","0.8333333333333335","0.45348837209302323","3.2790697674418605","00:06:18"
"2024-06-06","85","80","117","0.7625","0.7647058823529411","1.3764705882352941","00:01:07"
"2024-06-14","85","80","128","0.8125","0.7176470588235294","1.5058823529411764","00:02:00"
"2024-07-29","85","79","125","0.8734177215189873","0.7882352941176471","1.4705882352941178","00:00:39"
"2024-12-09","85","83","118","0.8433734939759038","0.7058823529411765","1.388235294117647","00:01:53"
"2024-12-26","85","77","107","0.8311688311688311","0.8235294117647058","1.2588235294117647","00:01:20"
"2025-02-27","85","82","134","0.7926829268292682","0.7647058823529411","1.576470588235294","00:01:35"
"2025-09-18","85","79","111","0.8227848101265823","0.8","1.3058823529411765","00:01:00"
"2025-10-16","85","80","114","0.8875","0.8117647058823529","1.3411764705882352","00:00:36"
"2025-12-19","85","78","122","0.8461538461538461","0.6941176470588235","1.4352941176470588","00:00:54"
"2025-12-22","85","81","107","0.8271604938271605","0.7882352941176471","1.2588235294117647","00:01:18"
"2025-12-26","85","82","125","0.8658536585365852","0.7176470588235294","1.4705882352941178","00:01:26"
"2026-02-16","85","83","116","0.8433734939759038","0.7411764705882353","1.3647058823529412","00:00:42"
"2026-07-27","85","73","245","0.8082191780821918","0.4705882352941176","2.8823529411764706","00:03:42"
"2024-05-06","84","78","118","0.858974358974359","0.7380952380952381","1.4047619047619047","00:02:13"
"2024-11-15","84","81","118","0.7777777777777779","0.7619047619047619","1.4047619047619047","00:02:00"
"2024-11-22","84","78","114","0.7564102564102564","0.7619047619047619","1.3571428571428572","00:01:19"
"2025-02-20","84","79","111","0.8101265822784811","0.75","1.3214285714285714","00:01:19"
"2025-02-21","84","79","113","0.8227848101265823","0.75","1.3452380952380953","00:00:48"
"2025-09-15","84","75","130","0.8533333333333334","0.6785714285714286","1.5476190476190477","00:02:16"
"2025-09-30","84","72","131","0.8194444444444444","0.7619047619047619","1.5595238095238095","00:00:52"
"2025-10-31","84","79","99","0.8101265822784811","0.8452380952380952","1.1785714285714286","00:00:29"
"2025-12-16","84","82","108","0.8658536585365852","0.7738095238095238","1.2857142857142858","00:00:56"
"2024-11-14","83","78","118","0.8205128205128205","0.7831325301204819","1.4216867469879517","00:00:45"
"2025-05-06","83","75","83","0.8533333333333334","1.0","1.0","00:00:00"
"2025-06-03","83","76","96","0.8157894736842105","0.927710843373494","1.1566265060240963","00:00:33"
"2025-10-15","83","75","106","0.8266666666666667","0.7710843373493976","1.2771084337349397","00:00:36"
"2026-07-21","83","65","263","0.7692307692307694","0.4457831325301205","3.1686746987951806","00:04:51"
"2026-08-07","83","72","187","0.8611111111111112","0.5060240963855421","2.253012048192771","00:02:48"
"2024-05-08","82","75","108","0.8933333333333333","0.804878048780488","1.3170731707317074","00:01:19"
"2024-05-27","82","72","104","0.7777777777777779","0.7926829268292682","1.2682926829268293","00:01:57"
"2024-06-28","82","71","127","0.8450704225352113","0.6707317073170732","1.548780487804878","00:01:00"
"2024-11-18","82","75","111","0.8133333333333332","0.7682926829268293","1.353658536585366","00:01:01"
"2025-11-13","82","77","116","0.8441558441558441","0.7439024390243902","1.4146341463414633","00:01:15"
"2026-02-01","82","80","99","0.9","0.8536585365853658","1.2073170731707317","00:00:27"
"2026-02-20","82","79","138","0.7974683544303798","0.7439024390243902","1.6829268292682926","00:01:46"
"2026-03-27","82","77","113","0.8181818181818182","0.8536585365853658","1.3780487804878048","00:00:30"
"2026-04-10","82","75","108","0.8933333333333333","0.7560975609756098","1.3170731707317074","00:00:35"
"2026-07-20","82","68","278","0.7794117647058824","0.4634146341463415","3.3902439024390243","00:06:08"
"2024-04-26","81","78","109","0.8974358974358975","0.7901234567901234","1.345679012345679","00:01:52"
"2024-08-19","81","73","139","0.8767123287671232","0.7530864197530864","1.7160493827160495","00:02:07"
"2024-09-17","81","71","129","0.8450704225352113","0.7160493827160493","1.5925925925925926","00:01:37"
"2024-10-17","81","74","104","0.8378378378378379","0.7777777777777779","1.2839506172839505","00:01:06"
"2025-04-01","81","74","123","0.7972972972972973","0.7407407407407408","1.5185185185185186","00:01:31"
"2025-05-14","81","77","81","0.8831168831168832","0.9629629629629629","1.0","00:00:10"
"2025-09-10","81","78","104","0.858974358974359","0.8271604938271605","1.2839506172839505","00:00:45"
"2025-12-29","81","76","110","0.9605263157894737","0.7037037037037037","1.3580246913580247","00:00:52"
"2024-06-03","80","73","92","0.8356164383561644","0.875","1.15","00:00:23"
"2024-06-19","80","73","116","0.8767123287671232","0.7375","1.45","00:01:09"
"2024-06-21","80","75","124","0.8133333333333332","0.675","1.55","00:02:00"
"2024-07-01","80","69","109","0.8695652173913043","0.7625","1.3625","00:01:27"
"2024-09-09","80","74","105","0.8108108108108109","0.7875","1.3125","00:01:23"
"2024-11-06","80","73","108","0.9726027397260275","0.75","1.35","00:01:05"
"2024-12-25","80","77","132","0.8831168831168832","0.7375","1.65","00:01:39"
"2025-05-20","80","77","80","0.8181818181818182","1.0","1.0","00:00:00"
"2025-06-09","80","75","85","0.9066666666666666","0.9125","1.0625","00:00:13"
"2026-04-19","80","78","93","0.9743589743589743","0.85","1.1625","00:00:20"
"2026-05-08","80","78","101","0.9102564102564102","0.8","1.2625","00:00:25"
"2026-07-05","80","72","113","0.9305555555555556","0.825","1.4125","00:00:59"
"2024-08-27","79","71","120","0.8591549295774648","0.6329113924050633","1.518987341772152","00:01:36"
"2024-09-16","79","75","98","0.76","0.7974683544303798","1.240506329113924","00:01:38"
"2025-02-07","79","73","96","0.8082191780821918","0.8101265822784811","1.2151898734177216","00:00:13"
"2025-06-25","79","75","80","0.8666666666666667","0.9873417721518988","1.0126582278481013","00:00:00"
"2025-11-19","79","74","112","0.8648648648648648","0.7468354430379747","1.4177215189873418","00:02:04"
"2025-12-05","79","74","92","0.7432432432432432","0.8734177215189873","1.1645569620253164","00:00:38"
"2026-04-26","79","77","99","0.961038961038961","0.8734177215189873","1.2531645569620253","00:00:32"
"2026-05-30","79","75","172","0.9333333333333332","0.8734177215189873","2.1772151898734178","00:02:13"
"2025-09-17","78","74","112","0.8513513513513513","0.7307692307692306","1.435897435897436","00:01:06"
"2024-05-28","77","70","114","0.8142857142857143","0.6883116883116884","1.4805194805194806","00:01:23"
"2024-06-07","77","71","98","0.8450704225352113","0.8051948051948052","1.2727272727272727","00:01:00"
"2024-10-09","77","72","113","0.7777777777777779","0.7662337662337663","1.4675324675324675","00:00:51"
"2025-01-13","77","73","100","0.821917808219178","0.7532467532467533","1.2987012987012987","00:01:01"
"2025-05-15","77","67","79","0.8059701492537313","0.961038961038961","1.025974025974026","00:00:06"
"2025-09-12","77","63","118","0.7777777777777779","0.7922077922077922","1.5324675324675325","00:01:01"
"2025-10-17","77","74","115","0.8243243243243243","0.8051948051948052","1.4935064935064934","00:01:02"
"2025-11-14","77","74","114","0.8783783783783784","0.6363636363636364","1.4805194805194806","00:00:34"
"2026-01-21","77","76","110","0.8289473684210527","0.7532467532467533","1.4285714285714286","00:00:30"
"2026-03-31","77","73","100","0.821917808219178","0.7662337662337663","1.2987012987012987","00:01:14"
"2026-07-10","77","51","447","0.7450980392156863","0.4935064935064935","5.805194805194805","00:05:27"
"2024-10-03","76","69","99","0.8115942028985508","0.8157894736842105","1.3026315789473684","00:01:08"
"2025-01-10","76","71","102","0.8732394366197183","0.7105263157894737","1.3421052631578947","00:01:44"
"2025-06-02","76","76","81","0.9078947368421053","0.9473684210526315","1.0657894736842106","00:00:05"
"2025-06-19","76","71","84","0.8309859154929577","0.9473684210526315","1.105263157894737","00:00:18"
"2025-09-02","76","73","121","0.8904109589041096","0.6578947368421053","1.5921052631578947","00:01:31"
"2026-06-07","76","74","91","0.9324324324324325","0.8421052631578947","1.1973684210526316","00:00:23"
"2026-08-14","76","71","125","0.7746478873239436","0.48684210526315785","1.644736842105263","00:01:45"
"2024-05-23","75","64","98","0.796875","0.7466666666666667","1.3066666666666666","00:01:33"
"2024-05-29","75","70","95","0.8142857142857143","0.8","1.2666666666666666","00:00:07"
"2025-06-26","75","68","78","0.7058823529411765","0.9333333333333332","1.04","00:00:17"
"2026-05-03","75","74","81","0.972972972972973","0.9333333333333332","1.08","00:00:05"
"2026-05-11","75","73","111","0.9178082191780823","0.7333333333333333","1.48","00:00:58"
"2026-09-19","75","71","170","0.8873239436619719","0.7466666666666667","2.2666666666666666","00:03:22"
"2024-05-20","74","64","89","0.859375","0.8243243243243243","1.2027027027027026","00:01:40"
"2024-05-21","74","66","109","0.8636363636363636","0.6891891891891891","1.472972972972973","00:01:33"
"2024-08-28","74","67","100","0.8208955223880597","0.8513513513513513","1.3513513513513513","00:00:47"
"2024-10-21","74","72","106","0.8611111111111112","0.7027027027027027","1.4324324324324325","00:02:12"
"2024-11-08","74","68","91","0.7205882352941176","0.7972972972972973","1.2297297297297298","00:00:39"
"2025-03-20","74","66","100","0.7424242424242425","0.7432432432432432","1.3513513513513513","00:01:12"
"2025-06-10","74","66","77","0.8636363636363636","0.9594594594594593","1.0405405405405406","00:00:05"
"2026-01-30","74","67","109","0.8059701492537313","0.7027027027027027","1.472972972972973","00:01:41"
"2026-03-04","74","69","104","0.7681159420289855","0.7567567567567568","1.4054054054054055","00:01:20"
"2024-07-15","73","66","97","0.9090909090909091","0.8082191780821918","1.3287671232876712","00:00:44"
"2024-08-21","73","67","112","0.8507462686567164","0.7534246575342466","1.5342465753424657","00:01:14"
"2024-09-24","73","65","92","0.8153846153846154","0.7808219178082192","1.2602739726027397","00:00:55"
"2024-10-18","73","66","88","0.7878787878787878","0.8082191780821918","1.2054794520547945","00:00:29"
"2024-10-28","73","66","96","0.803030303030303","0.7534246575342466","1.3150684931506849","00:01:22"
"2025-05-27","73","70","74","0.842857142857143","0.9863013698630136","1.0136986301369864","00:00:01"
"2026-09-20","73","69","157","0.927536231884058","0.6438356164383562","2.1506849315068495","00:01:02"
"2024-09-03","72","67","92","0.8507462686567164","0.7361111111111112","1.2777777777777777","00:01:29"
"2024-10-25","72","66","95","0.7878787878787878","0.7916666666666665","1.3194444444444444","00:00:42"
"2025-05-12","72","67","73","0.8656716417910446","0.9722222222222221","1.0138888888888888","00:00:13"
"2025-05-26","72","65","74","0.8","0.9722222222222221","1.0277777777777777","00:00:00"
"2025-11-20","72","67","93","0.7910447761194029","0.7777777777777779","1.2916666666666667","00:00:36"
"2026-05-31","72","69","98","0.927536231884058","0.8611111111111112","1.3611111111111112","00:00:13"
"2026-07-08","72","59","180","0.7796610169491526","0.5972222222222222","2.5","00:01:57"
"2023-05-04","71","66","115","0.8333333333333335","0.6197183098591549","1.619718309859155","00:01:17"
"2024-05-30","71","63","79","0.8253968253968254","0.9154929577464789","1.1126760563380282","00:00:29"
"2024-05-31","71","64","103","0.84375","0.8028169014084507","1.4507042253521127","00:01:11"
"2024-06-16","71","67","108","0.8507462686567164","0.7887323943661971","1.5211267605633803","00:01:46"
"2024-10-07","71","67","96","0.8656716417910446","0.7183098591549296","1.352112676056338","00:01:37"
"2025-11-21","71","68","92","0.8823529411764706","0.7746478873239436","1.295774647887324","00:00:32"
"2024-07-03","70","65","112","0.8","0.7","1.6","00:01:16"
"2024-09-19","70","66","105","0.7727272727272727","0.7428571428571429","1.5","00:01:43"
"2024-10-15","70","65","93","0.8461538461538461","0.8","1.3285714285714285","00:00:59"
"2024-11-20","70","65","95","0.8","0.7428571428571429","1.3571428571428572","00:00:49"
"2025-03-17","70","66","107","0.7878787878787878","0.7857142857142857","1.5285714285714285","00:01:31"
"2026-05-02","70","68","76","0.9705882352941176","0.9142857142857143","1.0857142857142856","00:00:19"
"2026-05-28","70","62","120","0.8225806451612904","0.6857142857142857","1.7142857142857142","00:02:40"
"2026-07-04","70","63","167","0.9047619047619048","0.8142857142857143","2.3857142857142857","00:04:23"
"2023-08-31","69","66","103","0.8787878787878788","0.7536231884057972","1.4927536231884058","00:01:24"
"2024-09-11","69","64","104","0.8125","0.6521739130434783","1.5072463768115942","00:01:36"
"2024-09-20","69","64","106","0.828125","0.6956521739130435","1.536231884057971","00:01:50"
"2024-10-24","69","65","90","0.7692307692307694","0.7536231884057972","1.3043478260869565","00:00:55"
"2024-11-05","69","67","133","0.8208955223880597","0.6376811594202898","1.9275362318840579","00:02:30"
"2025-03-07","69","64","90","0.859375","0.7681159420289855","1.3043478260869565","00:00:34"
"2025-06-04","69","62","69","0.7741935483870968","0.9855072463768118","1.0","00:00:06"
"2025-09-08","69","64","98","0.796875","0.6956521739130435","1.4202898550724639","00:01:42"
"2026-06-20","69","63","98","0.9523809523809522","0.7391304347826086","1.4202898550724639","00:01:24"
"2026-09-23","69","58","265","0.7241379310344827","0.391304347826087","3.8405797101449277","00:03:30"
"2024-04-25","68","67","86","0.8507462686567164","0.8529411764705883","1.2647058823529411","00:00:55"
"2024-10-10","68","63","97","0.7619047619047619","0.7647058823529411","1.4264705882352942","00:00:54"
"2025-04-28","68","67","85","0.8805970149253731","0.8235294117647058","1.25","00:01:10"
"2025-05-23","68","66","76","0.7878787878787878","0.9411764705882352","1.1176470588235294","00:00:47"
"2025-05-29","68","65","68","0.8153846153846154","1.0","1.0","00:00:00"
"2025-11-17","68","60","104","0.9166666666666665","0.7352941176470589","1.5294117647058822","00:02:14"
"2026-06-21","68","60","77","0.8833333333333333","0.8970588235294117","1.1323529411764706","00:00:38"
"2023-05-29","67","57","86","0.7894736842105263","0.7611940298507462","1.2835820895522387","00:00:22"
"2024-09-04","67","63","82","0.7936507936507937","0.8656716417910446","1.2238805970149254","00:01:10"
"2026-08-08","67","61","284","0.9344262295081969","0.7164179104477612","4.2388059701492535","00:05:54"
"2024-05-16","66","61","127","0.8852459016393442","0.7424242424242425","1.9242424242424243","00:01:54"
"2024-08-07","66","61","92","0.8032786885245902","0.7272727272727273","1.393939393939394","00:00:48"
"2024-08-26","66","58","91","0.896551724137931","0.696969696969697","1.378787878787879","00:01:11"
"2024-09-23","66","64","102","0.84375","0.7424242424242425","1.5454545454545454","00:01:54"
"2025-01-28","66","64","93","0.90625","0.6818181818181818","1.4090909090909092","00:01:11"
"2025-04-07","66","61","112","0.8032786885245902","0.7121212121212122","1.696969696969697","00:01:24"
"2025-05-16","66","62","66","0.8064516129032258","0.9848484848484849","1.0","00:00:01"
"2025-06-18","66","62","68","0.8064516129032258","0.9696969696969697","1.0303030303030303","00:00:05"
"2025-11-29","66","66","79","0.8636363636363636","0.8333333333333335","1.196969696969697","00:00:49"
"2026-03-22","66","64","81","0.90625","0.8636363636363636","1.2272727272727273","00:00:17"
"2026-05-24","66","65","87","0.9846153846153847","0.8181818181818182","1.3181818181818181","00:00:52"
"2026-06-28","66","61","417","0.9180327868852458","0.7272727272727273","6.318181818181818","00:04:47"
"2024-07-22","65","58","81","0.8275862068965517","0.8307692307692308","1.2461538461538462","00:00:15"
"2024-08-05","65","60","120","0.9","0.676923076923077","1.8461538461538463","00:01:33"
"2024-08-14","65","61","85","0.7868852459016393","0.8307692307692308","1.3076923076923077","00:00:48"
"2024-09-10","65","60","94","0.7333333333333333","0.7846153846153847","1.4461538461538461","00:02:27"
"2024-10-31","65","62","123","0.8870967741935484","0.6","1.8923076923076922","00:02:39"
"2024-12-23","65","62","83","0.8064516129032258","0.8","1.2769230769230768","00:00:42"
"2025-04-09","65","61","87","0.8032786885245902","0.7846153846153847","1.3384615384615384","00:00:27"
"2025-04-18","65","57","82","0.8421052631578947","0.7846153846153847","1.2615384615384615","00:00:54"
"2025-04-22","65","56","92","0.7321428571428571","0.7692307692307694","1.4153846153846155","00:01:20"
"2026-03-14","65","62","78","0.9516129032258065","0.8615384615384616","1.2","00:00:15"
"2024-07-02","64","60","92","0.8666666666666667","0.734375","1.4375","00:00:49"
"2024-09-25","64","58","88","0.9310344827586207","0.734375","1.375","00:00:42"
"2024-11-01","64","62","90","0.7903225806451613","0.734375","1.40625","00:00:48"
"2024-12-27","64","61","99","0.8360655737704918","0.65625","1.546875","00:01:38"
"2025-04-11","64","55","77","0.7818181818181819","0.859375","1.203125","00:01:08"
"2025-04-16","64","60","85","0.7666666666666667","0.75","1.328125","00:01:05"
"2025-09-01","64","56","86","0.875","0.71875","1.34375","00:01:02"
"2025-09-05","64","61","81","0.819672131147541","0.8125","1.265625","00:00:52"
"2025-11-01","64","60","88","0.8","0.75","1.375","00:00:39"
"2025-11-30","64","58","84","0.9137931034482759","0.78125","1.3125","00:01:03"
"2026-06-13","64","62","78","0.967741935483871","0.828125","1.21875","00:00:30"
"2026-06-27","64","61","75","0.901639344262295","0.875","1.171875","00:00:33"
"2023-01-18","63","60","89","0.8833333333333333","0.7142857142857143","1.4126984126984128","00:01:08"
"2024-07-17","63","58","113","0.8793103448275862","0.7142857142857143","1.7936507936507937","00:02:11"
"2024-08-15","63","55","93","0.8545454545454545","0.7301587301587301","1.4761904761904763","00:00:57"
"2024-09-18","63","58","83","0.8620689655172413","0.7619047619047619","1.3174603174603174","00:01:31"
"2025-01-24","63","61","88","0.8360655737704918","0.7301587301587301","1.3968253968253967","00:01:05"
"2025-03-10","63","59","101","0.864406779661017","0.6825396825396826","1.6031746031746033","00:01:08"
"2025-03-13","63","62","88","0.7258064516129032","0.8095238095238095","1.3968253968253967","00:00:54"
"2025-05-28","63","56","64","0.7857142857142857","0.9841269841269841","1.0158730158730158","00:00:01"
"2025-12-14","63","58","83","0.8448275862068965","0.7777777777777779","1.3174603174603174","00:00:56"
"2026-04-25","63","62","75","0.9193548387096775","0.873015873015873","1.1904761904761905","00:00:25"
"2026-06-06","63","63","81","0.8888888888888888","0.8412698412698413","1.2857142857142858","00:00:27"
"2023-08-28","62","57","74","0.9122807017543859","0.8225806451612904","1.1935483870967742","00:00:41"
"2023-10-10","62","57","78","0.9473684210526315","0.8064516129032258","1.2580645161290323","00:01:05"
"2024-04-09","62","58","87","0.896551724137931","0.6935483870967742","1.403225806451613","00:02:12"
"2024-07-31","62","59","103","0.8135593220338984","0.6612903225806451","1.6612903225806452","00:03:09"
"2024-08-30","62","56","80","0.8035714285714286","0.7419354838709676","1.2903225806451613","00:00:58"
"2025-03-19","62","53","100","0.8867924528301887","0.7096774193548387","1.6129032258064515","00:02:25"
"2025-05-05","62","61","63","0.8360655737704918","0.9516129032258065","1.0161290322580645","00:00:11"
"2025-12-07","62","58","88","0.7758620689655173","0.7258064516129032","1.4193548387096775","00:00:44"
"2025-12-13","62","59","87","0.8983050847457628","0.8064516129032258","1.403225806451613","00:01:37"
"2026-05-01","62","61","71","0.9672131147540983","0.8870967741935484","1.1451612903225807","00:00:11"
"2023-05-31","61","58","78","0.7931034482758621","0.7704918032786885","1.278688524590164","00:00:59"
"2023-06-08","61","51","74","0.8823529411764706","0.7868852459016393","1.2131147540983607","00:00:16"
"2023-07-18","61","55","77","0.890909090909091","0.7868852459016393","1.2622950819672132","00:02:03"
"2023-08-29","61","55","78","0.890909090909091","0.7213114754098361","1.278688524590164","00:01:12"
"2024-09-06","61","53","83","0.8867924528301887","0.7540983606557377","1.360655737704918","00:01:34"
"2025-03-31","61","58","103","0.8103448275862069","0.639344262295082","1.6885245901639345","00:02:53"
"2025-06-11","61","55","63","0.890909090909091","0.9344262295081969","1.0327868852459017","00:00:02"
"2025-06-24","61","59","66","0.8305084745762712","0.9672131147540983","1.0819672131147542","00:00:31"
"2026-03-15","61","57","73","0.9122807017543859","0.819672131147541","1.1967213114754098","00:00:37"
"2023-06-19","60","57","86","0.8771929824561403","0.7333333333333333","1.4333333333333333","00:02:11"
"2024-07-04","60","53","103","0.7547169811320755","0.7166666666666667","1.7166666666666666","00:00:43"
"2024-09-02","60","58","84","0.7931034482758621","0.8","1.4","00:00:37"
"2024-10-01","60","58","78","0.9482758620689655","0.8333333333333335","1.3","00:01:37"
"2025-03-21","60","54","73","0.7777777777777779","0.85","1.2166666666666666","00:01:21"
"2025-03-25","60","58","84","0.7931034482758621","0.7333333333333333","1.4","00:01:14"
"2025-05-30","60","56","60","0.8214285714285714","0.9833333333333333","1.0","00:00:13"
"2023-01-17","59","52","79","0.9423076923076923","0.728813559322034","1.3389830508474576","00:01:09"
"2023-08-21","59","55","78","0.9090909090909091","0.728813559322034","1.3220338983050848","00:00:49"
"2024-04-24","59","56","74","0.8571428571428571","0.8135593220338984","1.2542372881355932","00:00:57"
"2024-07-08","59","57","72","0.8596491228070176","0.847457627118644","1.2203389830508475","00:00:37"
"2024-07-18","59","55","79","0.7454545454545455","0.8135593220338984","1.3389830508474576","00:00:57"
"2024-08-01","59","57","74","0.7543859649122807","0.7966101694915254","1.2542372881355932","00:00:57"
"2024-08-13","59","54","102","0.8333333333333335","0.6949152542372882","1.728813559322034","00:01:31"
"2024-08-22","59","54","95","0.7407407407407408","0.7457627118644068","1.6101694915254237","00:01:28"
"2024-09-12","59","53","78","0.8490566037735848","0.7627118644067796","1.3220338983050848","00:02:33"
"2024-09-27","59","51","80","0.8627450980392157","0.7627118644067796","1.3559322033898304","00:01:19"
"2025-04-08","59","55","123","0.7090909090909091","0.6779661016949151","2.0847457627118646","00:02:01"
"2025-04-14","59","57","85","0.7543859649122807","0.711864406779661","1.4406779661016949","00:01:05"
"2025-04-17","59","56","78","0.9107142857142857","0.6779661016949151","1.3220338983050848","00:01:00"
"2025-04-23","59","54","72","0.8703703703703703","0.8305084745762712","1.2203389830508475","00:00:47"
"2025-05-07","59","57","59","0.8245614035087719","0.9491525423728814","1.0","00:00:05"
"2025-07-24","59","57","72","0.8245614035087719","0.7966101694915254","1.2203389830508475","00:01:22"
"2025-08-28","59","52","82","0.826923076923077","0.6949152542372882","1.3898305084745763","00:00:56"
"2026-03-09","59","58","91","0.8793103448275862","0.7796610169491526","1.5423728813559323","00:00:57"
"2026-09-12","59","54","102","0.8888888888888888","0.5254237288135594","1.728813559322034","00:02:13"
"2023-08-24","58","51","80","0.8235294117647058","0.7413793103448276","1.3793103448275863","00:00:39"
"2023-09-06","58","56","76","0.7857142857142857","0.7931034482758621","1.3103448275862069","00:00:43"
"2023-09-20","58","53","78","0.9245283018867925","0.8103448275862069","1.3448275862068966","00:01:08"
"2024-05-17","58","55","77","0.8727272727272727","0.7931034482758621","1.3275862068965518","00:01:26"
"2024-08-29","58","52","70","0.8653846153846154","0.8103448275862069","1.206896551724138","00:00:58"
"2024-10-02","58","52","108","0.826923076923077","0.7241379310344827","1.8620689655172413","00:01:29"
"2026-03-29","58","56","79","0.9285714285714286","0.7586206896551724","1.3620689655172413","00:01:22"
"2023-06-16","57","50","74","0.8","0.8245614035087719","1.2982456140350878","00:00:54"
"2023-07-19","57","54","72","0.8333333333333335","0.7894736842105263","1.263157894736842","00:00:42"
"2023-08-07","57","55","76","0.8363636363636363","0.7192982456140351","1.3333333333333333","00:01:11"
"2023-08-15","57","50","66","0.78","0.8596491228070176","1.1578947368421053","00:00:37"
"2023-09-05","57","53","66","0.8301886792452831","0.8596491228070176","1.1578947368421053","00:00:10"
"2023-11-14","57","52","74","0.826923076923077","0.8070175438596491","1.2982456140350878","00:01:06"
"2023-12-12","57","52","72","0.8461538461538461","0.7719298245614035","1.263157894736842","00:00:32"
"2024-04-03","57","52","75","0.826923076923077","0.7894736842105263","1.3157894736842106","00:00:30"
"2024-05-24","57","54","68","0.7962962962962963","0.8596491228070176","1.1929824561403508","00:00:08"
"2024-07-09","57","53","75","0.8113207547169812","0.8421052631578947","1.3157894736842106","00:00:24"
"2024-07-16","57","50","91","0.82","0.7192982456140351","1.5964912280701755","00:01:43"
"2024-08-06","57","56","94","0.7678571428571429","0.7017543859649122","1.6491228070175439","00:00:51"
"2024-10-04","57","52","73","0.7884615384615384","0.7894736842105263","1.280701754385965","00:01:42"
"2025-06-05","57","55","59","0.8727272727272727","0.9649122807017544","1.0350877192982457","00:00:26"
"2025-06-20","57","53","63","0.8301886792452831","0.9298245614035088","1.105263157894737","00:00:43"
"2025-11-09","57","53","82","0.8867924528301887","0.8245614035087719","1.4385964912280702","00:00:22"
"2026-03-21","57","51","70","0.9607843137254902","0.8596491228070176","1.2280701754385965","00:00:33"
"2026-08-23","57","50","147","0.84","0.543859649122807","2.5789473684210527","00:01:48"
"2023-01-23","56","49","96","0.8367346938775511","0.6607142857142857","1.7142857142857142","00:01:18"
"2023-02-14","56","48","66","0.875","0.8392857142857143","1.1785714285714286","00:00:41"
"2023-08-02","56","50","67","0.82","0.7857142857142857","1.1964285714285714","00:00:47"
"2023-08-22","56","50","77","0.9","0.7142857142857143","1.375","00:00:48"
"2023-10-02","56","48","78","0.8125","0.8035714285714286","1.3928571428571428","00:03:14"
"2024-02-01","56","47","76","0.872340425531915","0.7142857142857143","1.3571428571428572","00:01:51"
"2024-03-20","56","50","99","0.94","0.7321428571428571","1.7678571428571428","00:01:31"
"2024-05-02","56","53","88","0.8867924528301887","0.6785714285714286","1.5714285714285714","00:01:52"
"2024-07-10","56","54","79","0.8148148148148148","0.7321428571428571","1.4107142857142858","00:01:53"
"2024-07-19","56","51","83","0.7843137254901962","0.7857142857142857","1.4821428571428572","00:00:20"
"2024-07-30","56","52","72","0.8076923076923077","0.7678571428571429","1.2857142857142858","00:01:06"
"2024-09-26","56","54","85","0.8333333333333335","0.7678571428571429","1.5178571428571428","00:01:06"
"2025-03-24","56","52","70","0.8076923076923077","0.7857142857142857","1.25","00:00:43"
"2025-07-15","56","52","71","0.7884615384615384","0.75","1.2678571428571428","00:00:29"
"2025-11-08","56","53","72","0.7547169811320755","0.75","1.2857142857142858","00:00:26"
"2026-02-07","56","55","73","0.8545454545454545","0.7857142857142857","1.3035714285714286","00:00:44"
"2026-04-12","56","55","71","0.9454545454545454","0.8214285714285714","1.2678571428571428","00:00:41"
"2026-05-09","56","54","62","0.9814814814814815","0.9107142857142857","1.1071428571428572","00:00:06"
"2026-05-16","56","56","69","0.9642857142857143","0.8392857142857143","1.2321428571428572","00:00:12"
"2026-06-12","56","50","75","0.9","0.8571428571428571","1.3392857142857142","00:00:41"
"2023-05-16","55","49","69","0.8367346938775511","0.7454545454545455","1.2545454545454546","00:01:08"
"2023-06-01","55","49","79","0.8367346938775511","0.7272727272727273","1.4363636363636363","00:01:25"
"2023-12-26","55","48","69","0.8125","0.7818181818181819","1.2545454545454546","00:00:19"
"2024-10-29","55","54","72","0.8333333333333335","0.8181818181818182","1.309090909090909","00:00:34"
"2025-03-26","55","51","73","0.7450980392156863","0.6909090909090909","1.3272727272727274","00:01:59"
"2025-04-21","55","51","67","0.9019607843137255","0.8","1.2181818181818183","00:00:06"
"2025-04-24","55","53","69","0.8679245283018868","0.7636363636363638","1.2545454545454546","00:00:40"
"2025-12-30","55","53","71","0.8490566037735848","0.8181818181818182","1.290909090909091","00:00:22"
"2026-04-04","55","55","66","0.8545454545454545","0.8545454545454545","1.2","00:00:30"
"2023-05-15","54","47","99","0.7872340425531915","0.6296296296296297","1.8333333333333333","00:01:23"
"2023-05-22","54","49","61","0.8775510204081632","0.8333333333333335","1.1296296296296295","00:00:51"
"2023-06-15","54","50","70","0.8","0.7222222222222221","1.2962962962962963","00:00:59"
"2023-07-17","54","48","67","0.8125","0.7962962962962963","1.2407407407407407","00:00:31"
"2024-07-24","54","52","73","0.8076923076923077","0.7777777777777779","1.3518518518518519","00:01:23"
"2024-10-30","54","52","74","0.826923076923077","0.7222222222222221","1.3703703703703705","00:00:44"
"2025-03-14","54","48","68","0.8958333333333335","0.7962962962962963","1.2592592592592593","00:00:50"
"2025-04-25","54","53","67","0.8490566037735848","0.7777777777777779","1.2407407407407407","00:00:43"
"2025-05-13","54","51","70","0.9215686274509803","0.9629629629629629","1.2962962962962963","00:00:37"
"2026-02-21","54","46","91","0.8478260869565217","0.7037037037037037","1.6851851851851851","00:01:18"
"2023-02-13","53","43","75","0.813953488372093","0.660377358490566","1.4150943396226414","00:01:19"
"2023-05-02","53","48","90","0.8541666666666665","0.5849056603773585","1.6981132075471699","00:03:17"
"2023-08-10","53","49","64","0.8367346938775511","0.8301886792452831","1.2075471698113207","00:00:23"
"2023-09-27","53","45","66","0.7333333333333333","0.7735849056603774","1.2452830188679245","00:01:05"
"2023-11-28","53","52","58","0.826923076923077","0.8867924528301887","1.0943396226415094","00:00:05"
"2024-06-23","53","47","74","0.9148936170212765","0.7735849056603774","1.3962264150943395","00:01:36"
"2024-07-11","53","48","78","0.9166666666666665","0.7358490566037736","1.471698113207547","00:00:54"
"2024-07-23","53","49","87","0.7959183673469387","0.7169811320754716","1.6415094339622642","00:01:16"
"2024-08-09","53","50","79","0.82","0.6415094339622641","1.490566037735849","00:02:23"
"2024-08-16","53","47","76","0.7872340425531915","0.7735849056603774","1.4339622641509433","00:01:37"
"2024-09-13","53","51","64","0.8235294117647058","0.8490566037735848","1.2075471698113207","00:01:24"
"2024-10-23","53","50","68","0.8","0.7547169811320755","1.2830188679245282","00:01:47"
"2025-03-11","53","49","85","0.8163265306122449","0.679245283018868","1.6037735849056605","00:02:12"
"2025-04-15","53","50","66","0.76","0.7924528301886792","1.2452830188679245","00:01:34"
"2025-04-29","53","49","64","0.8571428571428571","0.8113207547169812","1.2075471698113207","00:00:46"
"2025-07-22","53","49","78","0.8775510204081632","0.7735849056603774","1.471698113207547","00:00:43"
"2025-09-21","53","52","76","0.9423076923076923","0.8301886792452831","1.4339622641509433","00:00:52"
"2023-05-10","52","48","75","0.8958333333333335","0.6538461538461539","1.4423076923076923","00:01:28"
"2023-06-06","52","49","75","0.8979591836734694","0.7884615384615384","1.4423076923076923","00:00:16"
"2023-06-22","52","51","95","0.8431372549019608","0.673076923076923","1.8269230769230769","00:01:24"
"2023-07-13","52","45","64","0.8444444444444444","0.7884615384615384","1.2307692307692308","00:01:08"
"2023-08-23","52","46","66","0.826086956521739","0.7884615384615384","1.2692307692307692","00:00:54"
"2023-12-01","52","46","68","0.826086956521739","0.75","1.3076923076923077","00:01:09"
"2024-03-14","52","48","73","0.8958333333333335","0.6923076923076923","1.4038461538461537","00:01:38"
"2024-10-11","52","50","72","0.82","0.6538461538461539","1.3846153846153846","00:01:38"
"2025-03-12","52","50","73","0.8","0.6923076923076923","1.4038461538461537","00:01:51"
"2026-02-23","52","44","83","0.9090909090909091","0.7692307692307694","1.5961538461538463","00:01:08"
"2023-02-16","51","49","61","0.7959183673469387","0.8235294117647058","1.196078431372549","00:00:40"
"2023-05-25","51","46","69","0.8695652173913043","0.6862745098039216","1.3529411764705883","00:00:35"
"2023-07-25","51","49","81","0.7959183673469387","0.5882352941176471","1.588235294117647","00:02:39"
"2023-08-17","51","43","63","0.7906976744186046","0.8235294117647058","1.2352941176470589","00:01:23"
"2023-10-12","51","47","69","0.8936170212765957","0.8235294117647058","1.3529411764705883","00:01:04"
"2023-12-25","51","46","72","0.8913043478260869","0.7647058823529411","1.411764705882353","00:00:45"
"2024-02-19","51","44","67","0.8636363636363636","0.7843137254901962","1.3137254901960784","00:00:52"
"2024-05-03","51","47","66","0.8085106382978722","0.7058823529411765","1.2941176470588236","00:02:07"
"2024-08-02","51","49","65","0.7755102040816326","0.803921568627451","1.2745098039215685","00:00:32"
"2025-07-09","51","48","66","0.8958333333333335","0.7843137254901962","1.2941176470588236","00:00:26"
"2025-07-31","51","49","68","0.8571428571428571","0.7450980392156863","1.3333333333333333","00:01:37"
"2025-08-05","51","49","69","0.9183673469387756","0.7450980392156863","1.3529411764705883","00:00:52"
"2025-08-07","51","46","65","0.8043478260869565","0.8431372549019608","1.2745098039215685","00:00:21"
"2025-08-21","51","45","68","0.7777777777777779","0.7254901960784313","1.3333333333333333","00:01:25"
"2025-12-20","51","47","67","0.8297872340425532","0.7450980392156863","1.3137254901960784","00:01:22"
"2023-04-26","50","48","73","0.8125","0.66","1.46","00:01:17"
"2023-05-11","50","42","65","0.8571428571428571","0.74","1.3","00:01:12"
"2023-07-11","50","43","67","0.8372093023255814","0.68","1.34","00:00:34"
"2023-11-03","50","46","62","0.8043478260869565","0.86","1.24","00:00:37"
"2023-11-09","50","45","60","0.8222222222222222","0.84","1.2","00:01:28"
"2024-03-29","50","45","65","0.7777777777777779","0.76","1.3","00:00:33"
"2024-06-12","50","49","81","0.8979591836734694","0.74","1.62","00:01:36"
"2024-07-05","50","45","85","0.8","0.72","1.7","00:01:02"
"2025-06-27","50","47","50","0.8085106382978722","0.96","1.0","00:00:05"
"2025-08-20","50","46","70","0.8913043478260869","0.76","1.4","00:00:21"
"2025-10-11","50","47","67","0.851063829787234","0.78","1.34","00:01:20"
"2026-01-11","50","46","70","0.826086956521739","0.78","1.4","00:00:43"
"2026-08-15","50","45","91","0.9111111111111111","0.68","1.82","00:00:44"
"2026-09-13","50","49","68","0.8979591836734694","0.64","1.36","00:00:23"
"2023-03-20","49","43","71","0.9069767441860465","0.6938775510204082","1.4489795918367347","00:02:50"
"2023-05-17","49","47","60","0.851063829787234","0.8775510204081632","1.2244897959183674","00:00:07"
"2023-05-18","49","45","58","0.8","0.7959183673469387","1.183673469387755","00:00:37"
"2024-02-08","49","47","69","0.851063829787234","0.6938775510204082","1.4081632653061225","00:00:32"
"2024-03-15","49","44","55","0.8181818181818182","0.8367346938775511","1.1224489795918366","00:00:33"
"2024-04-08","49","44","63","0.7272727272727273","0.8367346938775511","1.2857142857142858","00:00:54"
"2024-04-10","49","43","83","0.9302325581395349","0.7551020408163265","1.6938775510204083","00:02:20"
"2024-07-12","49","44","74","0.8863636363636364","0.8163265306122449","1.510204081632653","00:00:46"
"2024-07-26","49","48","80","0.8541666666666665","0.5918367346938775","1.6326530612244898","00:01:40"
"2024-09-30","49","46","65","0.8043478260869565","0.6938775510204082","1.3265306122448979","00:01:11"
"2025-02-23","49","48","57","0.75","0.8367346938775511","1.163265306122449","00:00:06"
"2025-07-07","49","48","67","0.8125","0.7551020408163265","1.3673469387755102","00:01:07"
"2025-08-29","49","41","61","0.804878048780488","0.8367346938775511","1.2448979591836735","00:00:09"
"2025-12-28","49","47","66","0.8936170212765957","0.7142857142857143","1.346938775510204","00:00:26"
"2025-12-31","49","48","68","0.9583333333333335","0.8571428571428571","1.3877551020408163","00:00:16"
"2026-02-15","49","42","80","0.8333333333333335","0.673469387755102","1.6326530612244898","00:01:38"
"2023-03-06","48","41","80","0.878048780487805","0.75","1.6666666666666667","00:00:26"
"2023-04-25","48","46","57","0.9130434782608695","0.8125","1.1875","00:00:23"
"2023-05-12","48","41","74","0.7073170731707318","0.5833333333333334","1.5416666666666667","00:01:15"
"2023-06-21","48","45","64","0.9333333333333332","0.7083333333333335","1.3333333333333333","00:00:12"
"2023-07-20","48","46","56","0.8913043478260869","0.8125","1.1666666666666667","00:01:39"
"2023-08-18","48","45","57","0.9111111111111111","0.8125","1.1875","00:00:43"
"2023-09-14","48","45","84","0.8222222222222222","0.8541666666666665","1.75","00:01:10"
"2023-09-19","48","44","57","0.8409090909090909","0.7916666666666665","1.1875","00:00:42"
"2023-10-16","48","43","64","0.8604651162790699","0.7291666666666665","1.3333333333333333","00:00:31"
"2024-01-30","48","43","65","0.813953488372093","0.75","1.3541666666666667","00:01:32"
"2024-01-31","48","44","53","0.9772727272727273","0.8958333333333335","1.1041666666666667","00:00:15"
"2024-03-25","48","42","68","0.8095238095238095","0.8125","1.4166666666666667","00:01:08"
"2024-04-27","48","47","59","0.7872340425531915","0.7916666666666665","1.2291666666666667","00:01:28"
"2025-07-08","48","45","63","0.8666666666666667","0.7708333333333335","1.3125","00:00:20"
"2025-07-14","48","48","63","0.8333333333333335","0.7708333333333335","1.3125","00:00:52"
"2025-07-23","48","46","61","0.8478260869565217","0.7708333333333335","1.2708333333333333","00:00:35"
"2026-03-28","48","45","69","0.8888888888888888","0.7083333333333335","1.4375","00:01:03"
"2026-07-11","48","44","82","0.8636363636363636","0.625","1.7083333333333333","00:01:46"
"2023-01-19","47","45","66","0.8666666666666667","0.6808510638297872","1.4042553191489362","00:02:33"
"2023-07-05","47","43","64","0.8604651162790699","0.7659574468085107","1.3617021276595744","00:02:03"
"2023-07-06","47","43","56","0.8372093023255814","0.8297872340425532","1.1914893617021276","00:00:47"
"2023-08-01","47","41","66","0.8292682926829268","0.723404255319149","1.4042553191489362","00:01:03"
"2023-08-09","47","41","64","0.8536585365853658","0.7659574468085107","1.3617021276595744","00:00:55"
"2023-09-11","47","46","56","0.8043478260869565","0.8297872340425532","1.1914893617021276","00:00:32"
"2023-10-03","47","44","66","0.8863636363636364","0.723404255319149","1.4042553191489362","00:02:13"
"2023-11-15","47","42","58","0.9047619047619048","0.8085106382978722","1.2340425531914894","00:00:27"
"2023-12-13","47","43","57","0.8837209302325582","0.8297872340425532","1.2127659574468086","00:00:57"
"2023-12-14","47","43","64","0.8837209302325582","0.6382978723404256","1.3617021276595744","00:01:08"
"2023-12-22","47","44","51","0.8863636363636364","0.872340425531915","1.0851063829787233","00:00:59"
"2024-03-04","47","46","63","0.8695652173913043","0.723404255319149","1.3404255319148937","00:00:52"
"2024-04-01","47","44","63","0.9090909090909091","0.7446808510638298","1.3404255319148937","00:01:49"
"2024-04-16","47","47","58","0.8936170212765957","0.7872340425531915","1.2340425531914894","00:00:57"
"2024-08-12","47","44","64","0.7954545454545454","0.7446808510638298","1.3617021276595744","00:01:19"
"2024-11-03","47","45","65","0.9777777777777777","0.723404255319149","1.3829787234042554","00:00:48"
"2025-03-18","47","47","56","0.7659574468085107","0.851063829787234","1.1914893617021276","00:01:30"
"2025-07-02","47","45","68","0.8222222222222222","0.7446808510638298","1.446808510638298","00:01:04"
"2025-08-18","47","41","75","0.6585365853658537","0.6382978723404256","1.5957446808510638","00:01:25"
"2025-09-27","47","45","67","0.8444444444444444","0.8297872340425532","1.425531914893617","00:00:46"
"2026-04-11","47","45","52","0.9333333333333332","0.8936170212765957","1.1063829787234043","00:00:04"
"2026-05-17","47","47","62","0.9787234042553191","0.7872340425531915","1.3191489361702127","00:01:14"
"2023-01-12","46","44","61","0.8863636363636364","0.8043478260869565","1.326086956521739","00:01:05"
"2023-01-20","46","35","55","0.8285714285714286","0.826086956521739","1.1956521739130435","00:01:28"
"2023-02-02","46","39","61","0.7948717948717949","0.717391304347826","1.326086956521739","00:01:05"
"2023-02-10","46","43","65","0.7906976744186046","0.6956521739130435","1.4130434782608696","00:01:43"
"2023-03-29","46","42","60","0.8809523809523809","0.782608695652174","1.3043478260869565","00:00:39"
"2023-04-19","46","44","65","0.8409090909090909","0.717391304347826","1.4130434782608696","00:01:58"
"2023-05-26","46","43","55","0.8604651162790699","0.826086956521739","1.1956521739130435","00:00:57"
"2023-06-26","46","44","53","0.9090909090909091","0.8695652173913043","1.1521739130434783","00:00:28"
"2023-07-27","46","44","67","0.8409090909090909","0.782608695652174","1.4565217391304348","00:00:56"
"2023-07-31","46","40","61","0.85","0.782608695652174","1.326086956521739","00:00:52"
"2023-08-16","46","41","50","0.8536585365853658","0.9130434782608695","1.0869565217391304","00:00:32"
"2023-08-25","46","42","59","0.8095238095238095","0.8043478260869565","1.2826086956521738","00:00:26"
"2023-08-30","46","42","58","0.9047619047619048","0.7391304347826086","1.2608695652173914","00:01:24"
"2023-12-11","46","45","55","0.8","0.8043478260869565","1.1956521739130435","00:00:27"
"2023-12-21","46","43","55","0.8837209302325582","0.826086956521739","1.1956521739130435","00:00:11"
"2024-04-22","46","41","61","0.878048780487805","0.717391304347826","1.326086956521739","00:01:08"
"2024-04-23","46","45","55","0.9111111111111111","0.8043478260869565","1.1956521739130435","00:00:56"
"2025-04-02","46","44","63","0.8181818181818182","0.826086956521739","1.3695652173913044","00:01:06"
"2025-05-18","46","44","48","0.9090909090909091","0.9782608695652173","1.0434782608695652","00:00:01"
"2025-07-04","46","44","57","0.7954545454545454","0.8478260869565217","1.2391304347826086","00:00:50"
"2025-07-17","46","46","58","0.826086956521739","0.8478260869565217","1.2608695652173914","00:00:23"
"2025-08-08","46","45","59","0.8666666666666667","0.7391304347826086","1.2826086956521738","00:01:38"
"2025-10-19","46","44","56","0.9772727272727273","0.8478260869565217","1.2173913043478262","00:00:07"
"2023-04-24","45","39","60","0.7948717948717949","0.8","1.3333333333333333","00:01:00"
"2023-05-30","45","43","63","0.8372093023255814","0.6","1.4","00:00:37"
"2023-06-02","45","37","58","0.7027027027027027","0.7555555555555555","1.288888888888889","00:01:08"
"2023-08-08","45","41","61","0.8292682926829268","0.7111111111111111","1.3555555555555556","00:02:06"
"2023-09-04","45","41","58","0.8292682926829268","0.7555555555555555","1.288888888888889","00:00:51"
"2023-09-12","45","40","59","0.8","0.7333333333333333","1.3111111111111111","00:02:06"
"2024-01-24","45","41","59","0.7560975609756098","0.8444444444444444","1.3111111111111111","00:01:05"
"2024-01-25","45","41","61","0.8536585365853658","0.7333333333333333","1.3555555555555556","00:01:47"
"2024-02-06","45","43","54","0.9069767441860465","0.8444444444444444","1.2","00:00:18"
"2024-03-27","45","41","63","0.8292682926829268","0.8","1.4","00:01:03"
"2024-04-18","45","44","54","0.9772727272727273","0.8","1.2","00:00:46"
"2024-04-30","45","43","58","0.8372093023255814","0.7555555555555555","1.288888888888889","00:01:33"
"2024-08-08","45","44","73","0.5909090909090909","0.6222222222222222","1.6222222222222222","00:00:43"
"2024-08-23","45","45","70","0.8","0.8222222222222222","1.5555555555555556","00:02:01"
"2024-09-05","45","42","106","0.8333333333333335","0.6888888888888889","2.3555555555555556","00:02:43"
"2024-12-14","45","41","52","0.8292682926829268","0.8888888888888888","1.1555555555555554","00:00:14"
"2024-12-21","45","43","75","0.9302325581395349","0.8222222222222222","1.6666666666666667","00:00:37"
"2025-04-03","45","42","69","0.7142857142857143","0.6666666666666665","1.5333333333333334","00:01:44"
"2025-04-10","45","38","86","0.6578947368421053","0.7333333333333333","1.9111111111111112","00:02:38"
"2025-12-21","45","38","56","0.8421052631578947","0.8","1.2444444444444445","00:00:13"
"2026-01-01","45","44","48","0.9772727272727273","0.9333333333333332","1.0666666666666667","00:00:28"
"2026-02-22","45","39","69","0.7948717948717949","0.7555555555555555","1.5333333333333334","00:02:56"
"2026-05-23","45","45","60","0.9111111111111111","0.8888888888888888","1.3333333333333333","00:00:11"
"2026-09-06","45","40","59","0.8","0.6666666666666665","1.3111111111111111","00:00:16"
"2023-02-21","44","39","52","0.7435897435897436","0.75","1.1818181818181819","00:00:20"
"2023-03-14","44","41","58","0.7804878048780488","0.6818181818181818","1.3181818181818181","00:00:52"
"2023-03-15","44","43","67","0.9069767441860465","0.6590909090909091","1.5227272727272727","00:03:24"
"2023-04-05","44","40","55","0.825","0.7954545454545454","1.25","00:00:53"
"2023-04-27","44","41","100","0.926829268292683","0.75","2.272727272727273","00:01:19"
"2023-05-19","44","39","58","0.7692307692307694","0.7727272727272727","1.3181818181818181","00:00:55"
"2023-06-13","44","41","70","0.8536585365853658","0.6590909090909091","1.5909090909090908","00:02:16"
"2023-07-12","44","39","152","0.8717948717948718","0.6818181818181818","3.4545454545454546","00:03:10"
"2023-08-03","44","42","52","0.7857142857142857","0.8409090909090909","1.1818181818181819","00:00:03"
"2023-09-08","44","41","72","0.8292682926829268","0.6818181818181818","1.6363636363636365","00:03:43"
"2023-09-21","44","41","51","0.804878048780488","0.8863636363636364","1.1590909090909092","00:00:56"
"2023-10-04","44","41","53","0.926829268292683","0.7954545454545454","1.2045454545454546","00:00:28"
"2023-10-06","44","42","64","0.8571428571428571","0.7045454545454546","1.4545454545454546","00:01:50"
"2023-11-08","44","39","54","0.717948717948718","0.8409090909090909","1.2272727272727273","00:01:28"
"2024-03-18","44","39","54","0.7948717948717949","0.8636363636363636","1.2272727272727273","00:01:41"
"2024-03-28","44","44","46","0.8636363636363636","0.9318181818181818","1.0454545454545454","00:00:14"
"2024-12-08","44","39","60","0.8717948717948718","0.7954545454545454","1.3636363636363635","00:01:57"
"2025-06-30","44","44","60","0.8409090909090909","0.7727272727272727","1.3636363636363635","00:00:52"
"2025-07-18","44","41","68","0.9024390243902439","0.6590909090909091","1.5454545454545454","00:01:54"
"2025-07-28","44","42","59","0.9047619047619048","0.7727272727272727","1.3409090909090908","00:00:57"
"2025-08-26","44","39","63","0.923076923076923","0.7727272727272727","1.4318181818181819","00:00:32"
"2025-08-27","44","41","60","0.8292682926829268","0.7045454545454546","1.3636363636363635","00:01:05"
"2026-01-18","44","42","54","0.9285714285714286","0.7954545454545454","1.2272727272727273","00:01:09"
"2023-01-16","43","35","51","0.7714285714285716","0.7906976744186046","1.186046511627907","00:01:06"
"2023-02-28","43","36","54","0.7222222222222221","0.8372093023255814","1.255813953488372","00:00:45"
"2023-04-04","43","37","55","0.7837837837837838","0.8372093023255814","1.2790697674418605","00:00:57"
"2023-05-03","43","37","52","0.8378378378378379","0.813953488372093","1.2093023255813953","00:00:44"
"2023-05-05","43","40","60","0.75","0.7906976744186046","1.3953488372093024","00:01:12"
"2023-06-20","43","41","70","0.7073170731707318","0.6511627906976745","1.627906976744186","00:02:54"
"2023-07-04","43","36","56","0.8888888888888888","0.813953488372093","1.302325581395349","00:00:42"
"2023-07-10","43","40","56","0.925","0.7674418604651163","1.302325581395349","00:00:37"
"2023-08-14","43","39","66","0.8974358974358975","0.7209302325581395","1.5348837209302326","00:02:40"
"2023-11-17","43","40","50","0.8","0.8372093023255814","1.1627906976744187","00:00:41"
"2023-11-21","43","41","49","0.7073170731707318","0.8372093023255814","1.1395348837209303","00:00:53"
"2023-11-30","43","38","51","0.8684210526315791","0.8372093023255814","1.186046511627907","00:00:35"
"2024-02-09","43","41","69","0.7804878048780488","0.7906976744186046","1.6046511627906976","00:00:25"
"2024-02-12","43","39","60","0.8205128205128205","0.7441860465116279","1.3953488372093024","00:01:05"
"2024-04-02","43","36","99","0.8611111111111112","0.7441860465116279","2.302325581395349","00:00:30"
"2025-04-04","43","40","64","0.875","0.7906976744186046","1.4883720930232558","00:01:10"
"2025-07-29","43","42","64","0.7857142857142857","0.7441860465116279","1.4883720930232558","00:00:29"
"2025-08-14","43","42","59","0.9047619047619048","0.6976744186046511","1.372093023255814","00:00:47"
"2026-03-08","43","42","55","0.9047619047619048","0.813953488372093","1.2790697674418605","00:00:55"
"2023-02-06","42","38","52","0.7631578947368421","0.7619047619047619","1.2380952380952381","00:00:11"
"2023-09-22","42","38","45","0.7368421052631579","0.9285714285714286","1.0714285714285714","00:00:27"
"2023-11-02","42","40","59","0.875","0.7380952380952381","1.4047619047619047","00:01:41"
"2023-11-16","42","39","49","0.6923076923076923","0.8333333333333335","1.1666666666666667","00:00:12"
"2023-11-29","42","40","53","0.85","0.8333333333333335","1.2619047619047619","00:00:48"
"2023-12-20","42","36","66","0.8055555555555556","0.7380952380952381","1.5714285714285714","00:01:33"
"2024-01-09","42","39","64","0.8461538461538461","0.8809523809523809","1.5238095238095237","00:00:40"
"2024-02-02","42","37","54","0.8378378378378379","0.7619047619047619","1.2857142857142858","00:01:07"
"2024-03-19","42","41","56","0.8292682926829268","0.7380952380952381","1.3333333333333333","00:01:16"
"2025-08-25","42","42","60","0.8809523809523809","0.6904761904761905","1.4285714285714286","00:00:55"
"2025-11-03","42","40","53","0.875","0.7619047619047619","1.2619047619047619","00:01:11"
"2026-01-31","42","41","58","0.926829268292683","0.7619047619047619","1.380952380952381","00:01:14"
"2026-07-12","42","38","59","0.9473684210526315","0.7857142857142857","1.4047619047619047","00:01:16"
"2023-03-09","41","36","66","0.7777777777777779","0.6341463414634146","1.6097560975609757","00:01:22"
"2023-04-17","41","32","65","0.90625","0.7073170731707318","1.5853658536585367","00:01:46"
"2023-06-07","41","36","56","0.8611111111111112","0.7804878048780488","1.3658536585365855","00:01:00"
"2023-10-09","41","36","67","0.8888888888888888","0.7317073170731707","1.6341463414634145","00:01:20"
"2023-10-30","41","41","56","0.9024390243902439","0.7560975609756098","1.3658536585365855","00:01:30"
"2023-12-15","41","39","56","0.8205128205128205","0.7804878048780488","1.3658536585365855","00:01:04"
"2024-02-05","41","40","51","0.875","0.7804878048780488","1.2439024390243902","00:01:00"
"2024-02-26","41","40","48","0.95","0.9024390243902439","1.170731707317073","00:00:26"
"2024-03-06","41","37","43","0.8918918918918919","0.926829268292683","1.048780487804878","00:00:14"
"2024-03-26","41","38","51","0.9736842105263157","0.7560975609756098","1.2439024390243902","00:01:25"
"2024-04-11","41","37","64","0.918918918918919","0.6585365853658537","1.5609756097560976","00:01:50"
"2024-11-02","41","38","67","0.8421052631578947","0.7560975609756098","1.6341463414634145","00:02:31"
"2024-11-16","41","40","54","0.875","0.8292682926829268","1.3170731707317074","00:01:25"
"2024-12-22","41","37","54","0.7567567567567568","0.7804878048780488","1.3170731707317074","00:02:10"
"2025-03-01","41","40","47","0.875","0.8536585365853658","1.146341463414634","00:00:43"
"2025-04-30","41","41","48","0.804878048780488","0.7804878048780488","1.170731707317073","00:00:39"
"2025-06-06","41","38","41","0.8157894736842105","1.0","1.0","00:00:00"
"2025-07-10","41","38","48","0.8947368421052632","0.8292682926829268","1.170731707317073","00:00:41"
"2025-08-19","41","40","58","0.85","0.7560975609756098","1.4146341463414633","00:01:13"
"2025-11-04","41","39","54","0.8461538461538461","0.7073170731707318","1.3170731707317074","00:00:30"
"2025-11-16","41","41","50","0.804878048780488","0.804878048780488","1.2195121951219512","00:00:38"
"2025-12-06","41","39","48","0.8717948717948718","0.8536585365853658","1.170731707317073","00:01:23"
"2026-02-08","41","36","70","0.8888888888888888","0.7317073170731707","1.7073170731707317","00:00:39"
"2026-04-05","41","36","53","0.9166666666666665","0.8292682926829268","1.2926829268292683","00:00:35"
"2026-05-10","41","40","55","0.95","0.8536585365853658","1.3414634146341464","00:00:09"
"2026-08-01","41","39","66","0.8461538461538461","0.7317073170731707","1.6097560975609757","00:01:15"
"2026-08-16","41","39","94","0.9487179487179486","0.7073170731707318","2.292682926829268","00:01:28"
"2026-09-05","41","38","54","0.7894736842105263","0.5853658536585366","1.3170731707317074","00:01:06"
"2023-01-31","40","40","60","0.8","0.725","1.5","00:00:46"
"2023-02-01","40","33","55","0.9393939393939393","0.725","1.375","00:01:48"
"2023-02-08","40","37","49","0.7837837837837838","0.8","1.225","00:01:52"
"2023-03-01","40","37","53","0.8108108108108109","0.8","1.325","00:01:16"
"2023-04-10","40","33","56","0.7878787878787878","0.75","1.4","00:01:33"
"2023-04-14","40","35","48","0.8285714285714286","0.825","1.2","00:00:14"
"2023-05-23","40","35","54","0.8285714285714286","0.75","1.35","00:00:54"
"2023-07-26","40","38","51","0.7368421052631579","0.775","1.275","00:00:32"
"2023-08-04","40","37","61","0.7837837837837838","0.65","1.525","00:02:20"
"2023-10-17","40","39","49","0.8717948717948718","0.8","1.225","00:00:57"
"2023-11-01","40","38","54","0.9473684210526315","0.725","1.35","00:00:36"
"2023-11-27","40","39","43","0.923076923076923","0.875","1.075","00:00:17"
"2023-12-18","40","38","53","0.8684210526315791","0.775","1.325","00:00:35"
"2023-12-27","40","37","46","0.8648648648648648","0.875","1.15","00:00:40"
"2024-02-07","40","34","56","0.8529411764705883","0.775","1.4","00:01:38"
"2024-04-12","40","40","53","0.825","0.8","1.325","00:00:44"
"2024-11-04","40","38","55","0.8684210526315791","0.725","1.375","00:00:55"
"2025-03-02","40","39","51","0.7435897435897436","0.85","1.275","00:01:07"
"2025-03-28","40","37","70","0.8378378378378379","0.775","1.75","00:00:41"
"2025-07-16","40","39","57","0.8717948717948718","0.75","1.425","00:02:04"
"2025-11-15","40","38","52","0.8157894736842105","0.825","1.3","00:00:26"
"2026-01-03","40","40","48","0.925","0.925","1.2","00:01:09"
"2026-01-10","40","36","53","0.8333333333333335","0.75","1.325","00:00:18"
"2026-02-14","40","40","67","0.85","0.725","1.675","00:01:01"
"2026-03-01","40","40","65","0.8","0.75","1.625","00:00:15"
"2026-07-26","40","37","82","0.9459459459459459","0.725","2.05","00:02:46"
"2026-08-02","40","38","110","0.8684210526315791","0.575","2.75","00:01:33"
"2023-02-15","39","38","43","0.8684210526315791","0.8974358974358975","1.1025641025641026","00:01:10"
"2023-02-20","39","37","71","0.918918918918919","0.641025641025641","1.8205128205128205","00:02:55"
"2023-02-22","39","36","49","0.8333333333333335","0.7948717948717949","1.2564102564102564","00:00:47"
"2023-02-27","39","36","60","0.8333333333333335","0.641025641025641","1.5384615384615385","00:03:33"
"2023-04-28","39","38","48","0.9210526315789473","0.8717948717948718","1.2307692307692308","00:02:04"
"2023-06-28","39","38","54","0.7105263157894737","0.6923076923076923","1.3846153846153846","00:01:07"
"2023-06-29","39","36","76","0.8611111111111112","0.717948717948718","1.9487179487179487","00:02:24"
"2023-08-11","39","37","48","0.8648648648648648","0.7435897435897436","1.2307692307692308","00:00:21"
"2023-09-07","39","37","46","0.8378378378378379","0.7948717948717949","1.1794871794871795","00:00:28"
"2023-09-15","39","36","60","0.7777777777777779","0.641025641025641","1.5384615384615385","00:01:17"
"2023-09-18","39","36","53","0.7222222222222221","0.7692307692307694","1.358974358974359","00:01:16"
"2023-11-07","39","37","48","0.8108108108108109","0.8205128205128205","1.2307692307692308","00:00:38"
"2023-11-13","39","36","57","0.8888888888888888","0.7948717948717949","1.4615384615384615","00:01:19"
"2023-11-22","39","37","55","0.8918918918918919","0.7692307692307694","1.4102564102564104","00:01:34"
"2023-12-05","39","34","47","0.9117647058823529","0.7948717948717949","1.205128205128205","00:01:23"
"2024-05-19","39","35","50","0.8571428571428571","0.8461538461538461","1.2820512820512822","00:00:35"
"2024-07-25","39","33","52","0.9393939393939393","0.7948717948717949","1.3333333333333333","00:01:36"
"2024-12-28","39","39","46","0.8461538461538461","0.7948717948717949","1.1794871794871795","00:00:07"
"2025-02-08","39","37","43","0.8648648648648648","0.8974358974358975","1.1025641025641026","00:00:08"
"2025-06-22","39","36","39","0.9722222222222221","1.0","1.0","00:00:00"
"2025-07-21","39","37","49","0.9459459459459459","0.717948717948718","1.2564102564102564","00:00:25"
"2025-09-13","39","37","78","1.0","0.5897435897435898","2.0","00:02:33"
"2025-12-27","39","35","47","0.8857142857142857","0.7692307692307694","1.205128205128205","00:00:39"
"2023-03-22","38","31","69","0.9032258064516128","0.7105263157894737","1.8157894736842106","00:01:23"
"2023-03-27","38","36","49","0.75","0.7368421052631579","1.2894736842105263","00:00:16"
"2023-05-24","38","34","48","0.9411764705882352","0.7368421052631579","1.263157894736842","00:01:01"
"2023-06-23","38","35","51","0.9142857142857143","0.6578947368421053","1.3421052631578947","00:01:32"
"2023-09-25","38","36","49","0.7777777777777779","0.7631578947368421","1.2894736842105263","00:00:21"
"2023-09-29","38","33","49","0.8787878787878788","0.7368421052631579","1.2894736842105263","00:00:27"
"2023-11-23","38","36","47","0.9444444444444444","0.8684210526315791","1.236842105263158","00:00:12"
"2024-01-23","38","37","51","0.918918918918919","0.7894736842105263","1.3421052631578947","00:02:16"
"2024-01-26","38","36","55","0.8055555555555556","0.7368421052631579","1.4473684210526316","00:01:18"
"2024-02-15","38","37","67","0.918918918918919","0.7631578947368421","1.763157894736842","00:01:06"
"2024-03-05","38","33","57","0.9393939393939393","0.7631578947368421","1.5","00:02:22"
"2024-03-12","38","32","46","0.84375","0.8684210526315791","1.2105263157894737","00:00:17"
"2024-04-05","38","35","47","0.8571428571428571","0.8947368421052632","1.236842105263158","00:00:45"
"2025-02-09","38","35","51","0.9142857142857143","0.7631578947368421","1.3421052631578947","00:01:09"
"2025-09-14","38","37","50","0.8378378378378379","0.7894736842105263","1.3157894736842106","00:00:21"
"2025-10-05","38","36","50","0.9444444444444444","0.8157894736842105","1.3157894736842106","00:01:42"
"2026-02-28","38","37","47","0.8108108108108109","0.8157894736842105","1.236842105263158","00:00:28"
"2023-01-24","37","34","48","0.8529411764705883","0.8378378378378379","1.2972972972972974","00:01:01"
"2023-03-02","37","33","44","0.9393939393939393","0.8648648648648648","1.1891891891891893","00:00:18"
"2023-03-16","37","35","43","0.9142857142857143","0.7837837837837838","1.162162162162162","00:01:34"
"2023-03-21","37","32","49","0.9375","0.7567567567567568","1.3243243243243243","00:01:22"
"2023-03-28","37","35","47","0.8285714285714286","0.8378378378378379","1.2702702702702702","00:00:26"
"2023-04-11","37","35","46","0.8857142857142857","0.8108108108108109","1.2432432432432432","00:00:18"
"2023-07-07","37","33","50","0.8181818181818182","0.7567567567567568","1.3513513513513513","00:01:11"
"2023-10-25","37","35","38","0.9428571428571427","0.9459459459459459","1.027027027027027","00:00:43"
"2023-10-31","37","30","46","0.9","0.7837837837837838","1.2432432432432432","00:02:46"
"2024-01-10","37","35","88","0.9142857142857143","0.7567567567567568","2.3783783783783785","00:01:17"
"2024-01-17","37","35","46","0.8857142857142857","0.7297297297297297","1.2432432432432432","00:01:00"
"2024-02-16","37","33","46","0.9090909090909091","0.8378378378378379","1.2432432432432432","00:01:32"
"2024-02-20","37","35","42","0.7714285714285716","0.8378378378378379","1.135135135135135","00:00:01"
"2024-02-21","37","35","39","0.8285714285714286","0.918918918918919","1.054054054054054","00:00:42"
"2024-03-01","37","35","50","0.8285714285714286","0.7027027027027027","1.3513513513513513","00:00:34"
"2024-03-11","37","34","44","0.8823529411764706","0.8648648648648648","1.1891891891891893","00:01:02"
"2024-04-15","37","34","48","0.8529411764705883","0.7567567567567568","1.2972972972972974","00:01:38"
"2024-06-09","37","33","46","0.9393939393939393","0.7837837837837838","1.2432432432432432","00:00:42"
"2024-10-20","37","35","53","0.9428571428571427","0.7027027027027027","1.4324324324324325","00:01:05"
"2024-11-17","37","35","39","0.8857142857142857","0.918918918918919","1.054054054054054","00:01:23"
"2025-01-18","37","36","48","0.8888888888888888","0.7297297297297297","1.2972972972972974","00:01:12"
"2026-01-25","37","36","43","0.8888888888888888","0.8648648648648648","1.162162162162162","00:00:31"
"2026-07-18","37","33","70","0.8484848484848484","0.6486486486486487","1.8918918918918919","00:02:39"
"2023-03-17","36","34","47","0.8235294117647058","0.8055555555555556","1.3055555555555556","00:00:45"
"2023-03-23","36","33","44","0.9090909090909091","0.7222222222222221","1.2222222222222223","00:00:54"
"2023-03-30","36","34","49","0.8823529411764706","0.7777777777777779","1.3611111111111112","00:01:05"
"2023-04-03","36","35","48","0.7428571428571429","0.7777777777777779","1.3333333333333333","00:02:45"
"2023-07-24","36","36","43","0.9166666666666665","0.7777777777777779","1.1944444444444444","00:00:58"
"2023-12-06","36","33","53","0.9090909090909091","0.7222222222222221","1.4722222222222223","00:02:19"
"2024-03-21","36","35","49","0.8571428571428571","0.7777777777777779","1.3611111111111112","00:00:48"
"2024-05-05","36","36","48","0.9166666666666665","0.8055555555555556","1.3333333333333333","00:00:17"
"2024-06-15","36","34","55","0.7647058823529411","0.75","1.5277777777777777","00:00:30"
"2024-12-15","36","35","47","0.9714285714285714","0.75","1.3055555555555556","00:01:34"
"2025-07-25","36","33","52","0.8484848484848484","0.7777777777777779","1.4444444444444444","00:00:14"
"2025-08-06","36","34","45","0.7647058823529411","0.7222222222222221","1.25","00:00:12"
"2025-08-11","36","33","54","0.696969696969697","0.75","1.5","00:01:51"
"2025-09-07","36","31","47","0.7419354838709676","0.8333333333333335","1.3055555555555556","00:00:26"
"2025-10-12","36","35","57","0.9428571428571427","0.6944444444444444","1.5833333333333333","00:00:55"
"2025-11-22","36","35","55","0.7714285714285716","0.7222222222222221","1.5277777777777777","00:00:36"
"2026-01-08","36","33","46","0.8484848484848484","0.75","1.2777777777777777","00:01:16"
"2023-04-13","35","33","45","0.8484848484848484","0.8","1.2857142857142858","00:00:42"
"2023-06-05","35","31","52","0.9032258064516128","0.6285714285714286","1.4857142857142858","00:00:21"
"2023-07-03","35","34","46","0.8235294117647058","0.7428571428571429","1.3142857142857143","00:00:18"
"2023-07-14","35","32","51","0.84375","0.7714285714285716","1.457142857142857","00:01:42"
"2023-09-13","35","32","48","0.84375","0.7714285714285716","1.3714285714285714","00:02:22"
"2023-09-26","35","30","49","0.8666666666666667","0.657142857142857","1.4","00:01:34"
"2023-10-13","35","33","55","0.6363636363636364","0.7142857142857143","1.5714285714285714","00:02:30"
"2023-10-15","35","30","45","0.9","0.7714285714285716","1.2857142857142858","00:00:08"
"2023-11-20","35","35","52","0.9142857142857143","0.8285714285714286","1.4857142857142858","00:00:09"
"2023-12-19","35","33","46","0.7272727272727273","0.7142857142857143","1.3142857142857143","00:01:48"
"2024-01-19","35","31","53","0.8064516129032258","0.7714285714285716","1.5142857142857142","00:00:34"
"2024-02-04","35","32","42","0.9375","0.8571428571428571","1.2","00:00:50"
"2024-03-07","35","30","46","0.8666666666666667","0.8","1.3142857142857143","00:00:41"
"2024-03-13","35","34","45","0.8529411764705883","0.8","1.2857142857142858","00:00:51"
"2024-04-04","35","32","47","0.90625","0.8285714285714286","1.3428571428571427","00:00:42"
"2024-06-29","35","33","68","0.9090909090909091","0.7428571428571429","1.9428571428571428","00:01:40"
"2024-08-10","35","32","41","0.875","0.8285714285714286","1.1714285714285715","00:00:55"
"2024-11-23","35","33","46","0.9393939393939393","0.7714285714285716","1.3142857142857143","00:01:34"
"2025-03-27","35","35","39","0.8571428571428571","0.8571428571428571","1.1142857142857143","00:00:08"
"2025-06-13","35","34","35","0.9705882352941176","1.0","1.0","00:00:00"
"2025-07-30","35","31","51","0.9032258064516128","0.7428571428571429","1.457142857142857","00:01:15"
"2025-08-15","35","34","48","0.8529411764705883","0.7142857142857143","1.3714285714285714","00:00:16"
"2025-09-28","35","32","50","0.875","0.7428571428571429","1.4285714285714286","00:00:33"
"2025-11-23","35","32","47","0.8125","0.8571428571428571","1.3428571428571427","00:00:14"
"2026-01-07","35","27","51","0.7407407407407408","0.7714285714285716","1.457142857142857","00:01:07"
"2026-01-09","35","34","60","0.8823529411764706","0.7142857142857143","1.7142857142857142","00:01:06"
"2026-01-17","35","33","46","0.7878787878787878","0.7714285714285716","1.3142857142857143","00:00:43"
"2026-03-07","35","35","46","0.9142857142857143","0.7428571428571429","1.3142857142857143","00:00:20"
"2023-01-13","34","33","46","0.9090909090909091","0.7941176470588235","1.3529411764705883","00:01:30"
"2023-01-27","34","31","54","0.8064516129032258","0.5882352941176471","1.588235294117647","00:03:36"
"2023-02-17","34","34","48","0.8235294117647058","0.7058823529411765","1.411764705882353","00:01:06"
"2023-04-06","34","33","48","0.7575757575757575","0.7941176470588235","1.411764705882353","00:00:18"
"2023-05-20","34","28","48","0.8928571428571429","0.7352941176470589","1.411764705882353","00:01:10"
"2023-06-09","34","30","44","0.8666666666666667","0.7941176470588235","1.2941176470588236","00:00:47"
"2023-06-14","34","30","44","0.8333333333333335","0.7058823529411765","1.2941176470588236","00:00:23"
"2023-07-21","34","33","47","0.7575757575757575","0.7352941176470589","1.3823529411764706","00:01:44"
"2023-11-10","34","33","51","0.7272727272727273","0.7647058823529411","1.5","00:00:30"
"2023-12-04","34","31","50","0.8709677419354839","0.7647058823529411","1.4705882352941178","00:01:17"
"2023-12-23","34","31","40","0.8709677419354839","0.7941176470588235","1.1764705882352942","00:01:04"
"2024-01-29","34","34","44","0.7941176470588235","0.7647058823529411","1.2941176470588236","00:00:52"
"2024-02-25","34","32","41","0.875","0.8235294117647058","1.2058823529411764","00:01:04"
"2024-04-29","34","31","41","0.9032258064516128","0.7941176470588235","1.2058823529411764","00:00:18"
"2025-01-08","34","32","40","0.875","0.8823529411764706","1.1764705882352942","00:00:26"
"2025-04-06","34","32","53","0.875","0.6764705882352942","1.5588235294117647","00:00:57"
"2025-05-31","34","31","34","0.8709677419354839","1.0","1.0","00:00:00"
"2025-08-22","34","31","38","0.9354838709677419","0.8529411764705883","1.1176470588235294","00:01:00"
"2025-09-06","34","32","44","0.90625","0.7352941176470589","1.2941176470588236","00:00:08"
"2026-08-22","34","33","99","0.8484848484848484","0.6176470588235294","2.911764705882353","00:04:10"
"2023-02-07","33","30","38","0.8666666666666667","0.8484848484848484","1.1515151515151516","00:00:30"
"2023-02-09","33","33","48","0.8181818181818182","0.7272727272727273","1.4545454545454546","00:00:52"
"2023-03-13","33","33","46","0.8484848484848484","0.696969696969697","1.393939393939394","00:01:35"
"2023-06-12","33","30","56","0.9","0.696969696969697","1.696969696969697","00:01:32"
"2023-06-18","33","29","40","0.9310344827586207","0.8787878787878788","1.2121212121212122","00:00:47"
"2023-07-15","33","32","42","0.8125","0.7878787878787878","1.2727272727272727","00:00:38"
"2023-07-28","33","31","37","0.8709677419354839","0.8484848484848484","1.121212121212121","00:00:14"
"2023-07-29","33","30","37","1.0","0.8787878787878788","1.121212121212121","00:00:19"
"2023-09-03","33","29","51","0.9310344827586207","0.6060606060606061","1.5454545454545454","00:01:01"
"2023-09-10","33","32","47","0.96875","0.7272727272727273","1.4242424242424243","00:01:26"
"2023-12-02","33","32","39","0.84375","0.8484848484848484","1.1818181818181819","00:01:39"
"2023-12-24","33","29","40","0.7931034482758621","0.8484848484848484","1.2121212121212122","00:00:42"
"2023-12-28","33","30","38","0.8666666666666667","0.8484848484848484","1.1515151515151516","00:00:22"
"2024-01-11","33","32","47","0.9375","0.7878787878787878","1.4242424242424243","00:01:19"
"2024-02-13","33","32","45","0.875","0.696969696969697","1.3636363636363635","00:02:27"
"2024-02-22","33","32","42","0.96875","0.8181818181818182","1.2727272727272727","00:00:26"
"2024-09-01","33","33","42","0.9090909090909091","0.7878787878787878","1.2727272727272727","00:00:26"
"2024-09-14","33","30","40","0.7666666666666667","0.8484848484848484","1.2121212121212122","00:00:12"
"2024-11-24","33","32","43","0.90625","0.7878787878787878","1.303030303030303","00:01:39"
"2024-12-07","33","33","50","0.7272727272727273","0.7272727272727273","1.5151515151515151","00:00:39"
"2025-01-07","33","31","52","0.8709677419354839","0.696969696969697","1.5757575757575757","00:01:29"
"2025-08-13","33","30","39","0.9","0.7878787878787878","1.1818181818181819","00:00:04"
"2023-02-03","32","28","71","0.8928571428571429","0.71875","2.21875","00:03:41"
"2023-02-05","32","30","45","0.9","0.75","1.40625","00:00:36"
"2023-03-07","32","30","39","0.7666666666666667","0.875","1.21875","00:01:56"
"2023-05-28","32","26","42","0.8846153846153846","0.75","1.3125","00:01:42"
"2023-10-18","32","30","44","0.9666666666666667","0.6875","1.375","00:00:48"
"2023-11-18","32","28","36","0.7857142857142857","0.90625","1.125","00:00:19"
"2023-12-16","32","29","44","0.9655172413793103","0.78125","1.375","00:01:13"
"2024-01-18","32","25","54","0.84","0.84375","1.6875","00:01:03"
"2024-04-17","32","31","46","0.8709677419354839","0.71875","1.4375","00:02:07"
"2024-11-09","32","29","37","0.8275862068965517","0.84375","1.15625","00:00:37"
"2025-02-01","32","29","47","0.9655172413793103","0.6875","1.46875","00:02:49"
"2025-07-11","32","29","44","0.8620689655172413","0.6875","1.375","00:01:03"
"2025-08-01","32","31","41","0.8709677419354839","0.84375","1.28125","00:00:33"
"2026-01-02","32","30","47","0.9666666666666667","0.71875","1.46875","00:00:24"
"2026-01-06","32","29","43","0.7586206896551724","0.71875","1.34375","00:02:05"
"2026-07-19","32","29","74","0.8275862068965517","0.6875","2.3125","00:00:48"
"2023-04-12","31","27","38","0.8148148148148148","0.8064516129032258","1.2258064516129032","00:01:29"
"2023-09-01","31","30","43","0.8333333333333335","0.7741935483870968","1.3870967741935485","00:01:32"
"2023-10-05","31","30","36","0.9","0.8387096774193549","1.1612903225806452","00:00:11"
"2023-10-11","31","31","44","0.9354838709677419","0.6774193548387096","1.4193548387096775","00:02:02"
"2023-12-07","31","27","36","0.8888888888888888","0.9032258064516128","1.1612903225806452","00:00:33"
"2023-12-17","31","30","49","0.9","0.7419354838709676","1.5806451612903225","00:01:53"
"2024-01-15","31","29","43","0.9310344827586207","0.6451612903225806","1.3870967741935485","00:01:19"
"2024-02-18","31","30","44","0.8666666666666667","0.6774193548387096","1.4193548387096775","00:01:05"
"2024-05-10","31","30","42","0.9","0.7419354838709676","1.3548387096774193","00:01:51"
"2024-05-12","31","28","41","0.7857142857142857","0.8709677419354839","1.3225806451612903","00:00:15"
"2024-05-25","31","28","37","0.75","0.8387096774193549","1.1935483870967742","00:00:24"
"2024-06-02","31","29","41","0.7931034482758621","0.7741935483870968","1.3225806451612903","00:01:09"
"2024-06-08","31","28","38","0.8928571428571429","0.8709677419354839","1.2258064516129032","00:00:44"
"2024-08-18","31","30","49","0.9666666666666667","0.8387096774193549","1.5806451612903225","00:02:58"
"2025-01-06","31","28","34","0.8928571428571429","0.8709677419354839","1.096774193548387","00:00:58"
"2025-01-19","31","28","113","0.9285714285714286","0.7741935483870968","3.6451612903225805","00:01:51"
"2025-01-25","31","30","45","0.7666666666666667","0.7419354838709676","1.4516129032258065","00:00:14"
"2025-02-16","31","30","42","0.9333333333333332","0.7419354838709676","1.3548387096774193","00:00:49"
"2025-05-24","31","31","31","0.8387096774193549","1.0","1.0","00:00:00"
"2025-05-25","31","30","32","0.8666666666666667","0.967741935483871","1.032258064516129","00:00:01"
"2025-06-15","31","29","31","0.8275862068965517","1.0","1.0","00:00:00"
"2023-01-22","30","26","42","0.8846153846153846","0.6666666666666665","1.4","00:02:29"
"2023-01-26","30","26","34","0.7307692307692306","0.9","1.1333333333333333","00:00:56"
"2023-02-04","30","29","38","0.8275862068965517","0.8333333333333335","1.2666666666666666","00:00:20"
"2023-04-18","30","28","35","0.7857142857142857","0.8333333333333335","1.1666666666666667","00:00:25"
"2023-08-19","30","25","45","0.96","0.7333333333333333","1.5","00:04:27"
"2023-09-02","30","29","39","0.896551724137931","0.7333333333333333","1.3","00:00:55"
"2023-09-28","30","30","35","0.8","0.8333333333333335","1.1666666666666667","00:00:29"
"2023-10-01","30","24","41","0.875","0.7","1.3666666666666667","00:00:35"
"2023-12-10","30","30","37","0.9","0.8","1.2333333333333334","00:00:22"
"2024-01-12","30","27","33","1.0","0.9","1.1","00:00:03"
"2024-01-22","30","27","37","0.8518518518518519","0.8333333333333335","1.2333333333333334","00:00:22"
"2024-02-27","30","26","36","0.8846153846153846","0.8","1.2","00:00:20"
"2024-04-14","30","28","44","1.0","0.8666666666666667","1.4666666666666666","00:00:21"
"2024-05-26","30","27","41","0.8888888888888888","0.7666666666666667","1.3666666666666667","00:01:04"
"2024-07-21","30","28","38","0.8571428571428571","0.7666666666666667","1.2666666666666666","00:01:22"
"2024-07-28","30","29","42","0.8620689655172413","0.6666666666666665","1.4","00:01:11"
"2024-09-28","30","29","48","0.896551724137931","0.7666666666666667","1.6","00:00:33"
"2025-07-01","30","30","40","0.8333333333333335","0.6666666666666665","1.3333333333333333","00:00:15"
"2025-10-26","30","28","33","0.8214285714285714","0.9","1.1","00:00:05"
"2023-01-21","29","24","37","0.6666666666666665","0.7586206896551724","1.2758620689655173","00:01:52"
"2023-03-05","29","26","42","0.8076923076923077","0.6551724137931035","1.4482758620689655","00:01:58"
"2023-05-21","29","29","36","0.8620689655172413","0.896551724137931","1.2413793103448276","00:00:43"
"2023-10-20","29","29","31","0.896551724137931","0.9310344827586207","1.0689655172413792","00:00:02"
"2023-12-29","29","27","36","0.9629629629629629","0.7931034482758621","1.2413793103448276","00:00:47"
"2024-02-14","29","27","30","0.8518518518518519","0.896551724137931","1.0344827586206897","00:00:05"
"2024-02-29","29","28","32","0.8571428571428571","0.8275862068965517","1.103448275862069","00:00:43"
"2024-03-30","29","27","39","0.8518518518518519","0.8275862068965517","1.3448275862068966","00:01:44"
"2024-05-04","29","27","37","0.8148148148148148","0.7931034482758621","1.2758620689655173","00:00:37"
"2024-05-18","29","26","35","0.6923076923076923","0.7931034482758621","1.206896551724138","00:00:07"
"2024-07-07","29","28","41","0.9285714285714286","0.7586206896551724","1.4137931034482758","00:01:56"
"2024-10-13","29","27","53","0.8888888888888888","0.7241379310344827","1.8275862068965518","00:02:36"
"2025-01-12","29","29","40","0.9655172413793103","0.8275862068965517","1.3793103448275863","00:00:31"
"2025-03-09","29","26","50","0.8076923076923077","0.6206896551724138","1.7241379310344827","00:02:36"
"2025-04-12","29","28","41","0.9285714285714286","0.7931034482758621","1.4137931034482758","00:00:23"
"2025-10-04","29","28","31","0.8928571428571429","0.9310344827586207","1.0689655172413792","00:00:10"
"2025-10-18","29","24","35","0.875","0.8620689655172413","1.206896551724138","00:01:12"
"2026-01-24","29","28","42","0.75","0.7241379310344827","1.4482758620689655","00:01:21"
"2026-07-25","29","29","34","0.896551724137931","0.8620689655172413","1.1724137931034482","00:00:25"
"2023-01-30","28","24","32","0.9166666666666665","0.8571428571428571","1.1428571428571428","00:00:24"
"2023-03-24","28","27","34","0.9629629629629629","0.8928571428571429","1.2142857142857142","00:00:39"
"2023-04-20","28","24","33","0.6666666666666665","0.8214285714285714","1.1785714285714286","00:01:06"
"2023-08-05","28","28","39","0.8571428571428571","0.75","1.3928571428571428","00:00:44"
"2023-11-19","28","28","33","0.9285714285714286","0.8214285714285714","1.1785714285714286","00:00:16"
"2024-04-07","28","28","39","0.8928571428571429","0.7857142857142857","1.3928571428571428","00:01:01"
"2025-01-26","28","28","50","0.75","0.75","1.7857142857142858","00:00:12"
"2025-02-22","28","27","32","0.8888888888888888","0.9285714285714286","1.1428571428571428","00:00:04"
"2025-05-04","28","27","28","0.9629629629629629","1.0","1.0","00:00:00"
"2025-05-17","28","28","28","0.8214285714285714","1.0","1.0","00:00:00"
"2025-09-20","28","27","42","0.8518518518518519","0.6785714285714286","1.5","00:04:17"
"2023-04-09","27","25","35","0.92","0.7407407407407408","1.2962962962962963","00:01:23"
"2023-06-27","27","26","31","0.8846153846153846","0.8518518518518519","1.1481481481481481","00:00:12"
"2023-07-16","27","26","32","0.923076923076923","0.8888888888888888","1.1851851851851851","00:00:24"
"2023-08-06","27","26","33","0.923076923076923","0.8148148148148148","1.2222222222222223","00:00:37"
"2023-10-26","27","24","34","0.75","0.8148148148148148","1.2592592592592593","00:00:16"
"2023-11-25","27","22","34","0.9545454545454546","0.7777777777777779","1.2592592592592593","00:00:48"
"2024-01-16","27","26","50","0.7692307692307694","0.6666666666666665","1.8518518518518519","00:02:18"
"2024-03-22","27","25","49","0.84","0.6666666666666665","1.8148148148148149","00:01:28"
"2024-04-13","27","25","30","0.84","0.8888888888888888","1.1111111111111112","00:00:20"
"2024-04-19","27","25","31","0.76","0.7777777777777779","1.1481481481481481","00:00:25"
"2024-06-30","27","27","30","0.9259259259259259","0.8888888888888888","1.1111111111111112","00:00:22"
"2024-08-17","27","25","34","0.8","0.7407407407407408","1.2592592592592593","00:00:13"
"2024-10-26","27","21","33","0.9523809523809522","0.8148148148148148","1.2222222222222223","00:01:07"
"2024-12-30","27","25","41","0.84","0.7777777777777779","1.5185185185185186","00:01:08"
"2025-04-19","27","27","41","0.8888888888888888","0.7407407407407408","1.5185185185185186","00:00:22"
"2025-06-07","27","27","27","0.9259259259259259","1.0","1.0","00:00:00"
"2025-07-03","27","25","50","0.84","0.5555555555555556","1.8518518518518519","00:01:51"
"2025-07-20","27","26","39","0.8461538461538461","0.7037037037037037","1.4444444444444444","00:01:55"
"2025-08-12","27","26","36","0.923076923076923","0.7777777777777779","1.3333333333333333","00:00:23"
"2023-01-15","26","25","30","0.88","0.923076923076923","1.1538461538461537","00:00:39"
"2023-02-11","26","24","40","0.9583333333333335","0.7307692307692306","1.5384615384615385","00:01:06"
"2023-02-12","26","26","35","0.8461538461538461","0.923076923076923","1.3461538461538463","00:00:39"
"2023-03-31","26","24","38","0.7916666666666665","0.6153846153846154","1.4615384615384615","00:03:05"
"2023-05-01","26","23","39","0.826086956521739","0.6538461538461539","1.5","00:02:11"
"2023-07-22","26","26","37","0.7692307692307694","0.8461538461538461","1.4230769230769231","00:00:33"
"2023-08-20","26","24","32","0.875","0.7692307692307694","1.2307692307692308","00:00:55"
"2023-10-07","26","24","32","0.875","0.7692307692307694","1.2307692307692308","00:00:52"
"2023-11-11","26","24","28","0.7916666666666665","0.923076923076923","1.0769230769230769","00:00:06"
"2024-01-28","26","25","34","0.76","0.6923076923076923","1.3076923076923077","00:00:58"
"2024-02-17","26","24","39","0.7916666666666665","0.7307692307692306","1.5","00:00:50"
"2024-02-28","26","23","31","0.9130434782608695","0.8076923076923077","1.1923076923076923","00:01:25"
"2024-05-01","26","25","49","0.84","0.7307692307692306","1.8846153846153846","00:04:56"
"2024-09-08","26","25","34","0.96","0.7307692307692306","1.3076923076923077","00:00:44"
"2024-09-22","26","26","30","0.923076923076923","0.8461538461538461","1.1538461538461537","00:00:17"
"2025-01-11","26","25","44","0.96","0.6153846153846154","1.6923076923076923","00:02:33"
"2025-02-02","26","23","32","0.9130434782608695","0.7692307692307694","1.2307692307692308","00:01:22"
"2025-04-13","26","23","43","0.826086956521739","0.6153846153846154","1.6538461538461537","00:01:45"
"2025-04-27","26","25","31","1.0","0.8461538461538461","1.1923076923076923","00:00:11"
"2026-01-04","26","25","31","0.84","0.8076923076923077","1.1923076923076923","00:00:03"
"2026-01-05","26","25","31","0.8","0.8076923076923077","1.1923076923076923","00:00:43"
"2023-03-10","25","24","29","0.8333333333333335","0.84","1.16","00:00:46"
"2023-04-07","25","22","30","0.8181818181818182","0.84","1.2","00:01:08"
"2023-04-23","25","22","31","0.8636363636363636","0.76","1.24","00:00:20"
"2023-10-23","25","25","34","0.76","0.8","1.36","00:00:30"
"2023-10-24","25","24","30","0.875","0.8","1.2","00:00:06"
"2023-10-28","25","24","28","0.9583333333333335","0.88","1.12","00:00:20"
"2023-11-12","25","22","29","0.9090909090909091","0.84","1.16","00:00:12"
"2023-12-08","25","23","36","0.9130434782608695","0.68","1.44","00:01:13"
"2024-01-08","25","22","26","0.6818181818181818","0.96","1.04","00:00:00"
"2024-02-03","25","23","27","0.826086956521739","0.92","1.08","00:00:41"
"2024-05-11","25","23","38","0.8695652173913043","0.76","1.52","00:01:27"
"2024-08-24","25","24","54","0.9583333333333335","0.64","2.16","00:03:20"
"2024-10-12","25","24","30","0.9583333333333335","0.84","1.2","00:01:22"
"2024-10-19","25","24","28","0.8333333333333335","0.88","1.12","00:00:19"
"2024-11-30","25","25","36","0.96","0.84","1.44","00:00:48"
"2024-12-01","25","24","36","0.9166666666666665","0.76","1.44","00:00:17"
"2025-04-26","25","25","34","0.88","0.72","1.36","00:00:08"
"2025-06-08","25","24","25","0.875","1.0","1.0","00:00:00"
"2023-02-23","24","23","32","0.9130434782608695","0.6666666666666665","1.3333333333333333","00:00:53"
"2023-11-24","24","24","29","0.9583333333333335","0.7916666666666665","1.2083333333333333","00:00:26"
"2024-03-03","24","24","30","0.7916666666666665","0.7916666666666665","1.25","00:01:00"
"2024-06-01","24","23","30","0.826086956521739","0.7916666666666665","1.25","00:01:21"
"2024-08-11","24","23","31","0.9130434782608695","0.7083333333333335","1.2916666666666667","00:00:32"
"2024-08-25","24","23","26","0.782608695652174","0.9166666666666665","1.0833333333333333","00:00:25"
"2024-10-05","24","22","35","0.9545454545454546","0.75","1.4583333333333333","00:00:43"
"2024-11-10","24","24","34","0.8333333333333335","0.75","1.4166666666666667","00:01:38"
"2025-01-03","24","22","31","0.9545454545454546","0.875","1.2916666666666667","00:00:41"
"2025-04-20","24","23","35","0.826086956521739","0.75","1.4583333333333333","00:01:11"
"2025-05-02","24","24","24","0.9166666666666665","1.0","1.0","00:00:00"
"2025-06-21","24","24","24","0.875","1.0","1.0","00:00:00"
"2025-06-29","24","23","24","0.9130434782608695","1.0","1.0","00:00:00"
"2025-07-05","24","23","36","0.8695652173913043","0.7916666666666665","1.5","00:00:51"
"2025-07-19","24","24","38","0.875","0.7916666666666665","1.5833333333333333","00:01:54"
"2025-08-31","24","23","35","0.8695652173913043","0.8333333333333335","1.4583333333333333","00:00:35"
"2025-10-25","24","24","30","0.8333333333333335","0.7916666666666665","1.25","00:00:45"
"2023-02-18","23","23","30","0.9130434782608695","0.782608695652174","1.3043478260869565","00:01:04"
"2023-02-19","23","23","29","0.9565217391304348","0.782608695652174","1.2608695652173914","00:00:25"
"2023-03-03","23","20","29","0.85","0.782608695652174","1.2608695652173914","00:00:27"
"2023-03-12","23","22","33","0.8636363636363636","0.6521739130434783","1.434782608695652","00:02:36"
"2023-03-19","23","22","26","0.8181818181818182","0.9130434782608695","1.1304347826086956","00:00:53"
"2023-04-01","23","23","27","0.782608695652174","0.8695652173913043","1.173913043478261","00:00:31"
"2023-04-15","23","20","28","0.95","0.782608695652174","1.2173913043478262","00:00:15"
"2023-06-17","23","21","27","0.8571428571428571","0.826086956521739","1.173913043478261","00:00:13"
"2023-08-13","23","22","28","0.9090909090909091","0.782608695652174","1.2173913043478262","00:00:10"
"2023-10-27","23","22","31","0.9545454545454546","0.8695652173913043","1.3478260869565217","00:00:13"
"2023-11-05","23","19","32","0.7894736842105263","0.6956521739130435","1.391304347826087","00:01:20"
"2024-08-04","23","23","27","0.826086956521739","0.826086956521739","1.173913043478261","00:00:03"
"2024-09-07","23","22","26","0.9090909090909091","0.8695652173913043","1.1304347826086956","00:01:12"
"2024-09-29","23","23","29","1.0","0.826086956521739","1.2608695652173914","00:01:15"
"2024-10-06","23","20","29","0.85","0.782608695652174","1.2608695652173914","00:01:20"
"2024-12-29","23","23","27","0.9130434782608695","0.826086956521739","1.173913043478261","00:01:06"
"2025-01-02","23","23","29","0.8695652173913043","0.826086956521739","1.2608695652173914","00:02:28"
"2025-03-23","23","22","31","0.9090909090909091","0.7391304347826086","1.3478260869565217","00:00:35"
"2025-05-03","23","22","25","0.8636363636363636","0.9130434782608695","1.0869565217391304","00:00:18"
"2025-08-04","23","23","28","1.0","0.826086956521739","1.2173913043478262","00:01:48"
"2025-11-02","23","22","29","0.9090909090909091","0.826086956521739","1.2608695652173914","00:01:55"
"2023-01-28","22","22","39","0.8181818181818182","0.7272727272727273","1.7727272727272727","00:01:29"
"2023-03-04","22","22","25","0.9090909090909091","0.8636363636363636","1.1363636363636365","00:00:27"
"2023-04-22","22","22","36","0.8181818181818182","0.5454545454545454","1.6363636363636365","00:04:01"
"2023-06-30","22","21","29","0.9523809523809522","0.7727272727272727","1.3181818181818181","00:00:27"
"2023-07-08","22","21","32","0.9523809523809522","0.5454545454545454","1.4545454545454546","00:00:41"
"2023-08-27","22","22","28","0.8636363636363636","0.6818181818181818","1.2727272727272727","00:00:09"
"2023-09-30","22","20","30","0.9","0.7272727272727273","1.3636363636363635","00:00:38"
"2023-11-06","22","22","32","0.9090909090909091","0.7727272727272727","1.4545454545454546","00:01:27"
"2024-01-13","22","21","29","1.0","0.7727272727272727","1.3181818181818181","00:00:28"
"2024-04-06","22","20","25","0.95","0.8636363636363636","1.1363636363636365","00:00:54"
"2024-06-22","22","21","26","0.9523809523809522","0.7727272727272727","1.1818181818181819","00:00:41"
"2024-08-31","22","22","25","0.7272727272727273","0.8636363636363636","1.1363636363636365","00:00:04"
"2025-02-15","22","22","35","0.9545454545454546","0.5909090909090909","1.5909090909090908","00:01:35"
"2025-05-08","22","22","24","0.9090909090909091","0.9090909090909091","1.0909090909090908","00:01:25"
"2025-06-01","22","19","22","0.9473684210526315","1.0","1.0","00:00:00"
"2025-06-14","22","22","23","0.8181818181818182","0.9545454545454546","1.0454545454545454","00:00:08"
"2023-01-14","21","21","22","0.9523809523809522","0.9523809523809522","1.0476190476190477","00:00:01"
"2023-01-25","21","17","32","0.8235294117647058","0.7142857142857143","1.5238095238095237","00:01:00"
"2023-03-25","21","20","28","0.9","0.7142857142857143","1.3333333333333333","00:01:27"
"2023-05-06","21","19","23","0.9473684210526315","0.9523809523809522","1.0952380952380953","00:00:51"
"2023-06-24","21","21","34","0.9523809523809522","0.6666666666666665","1.619047619047619","00:01:58"
"2023-07-09","21","20","27","0.85","0.8571428571428571","1.2857142857142858","00:00:16"
"2023-07-30","21","20","27","0.85","0.7619047619047619","1.2857142857142858","00:00:22"
"2023-08-12","21","21","24","0.9047619047619048","0.8571428571428571","1.1428571428571428","00:00:19"
"2023-09-24","21","21","33","0.8095238095238095","0.7142857142857143","1.5714285714285714","00:01:41"
"2023-10-08","21","20","27","0.95","0.7619047619047619","1.2857142857142858","00:00:33"
"2023-10-14","21","21","21","0.8571428571428571","1.0","1.0","00:00:00"
"2023-12-03","21","20","26","0.9","0.7619047619047619","1.2380952380952381","00:01:05"
"2023-12-30","21","20","23","0.85","0.9047619047619048","1.0952380952380953","00:00:31"
"2024-02-24","21","19","27","0.8947368421052632","0.7619047619047619","1.2857142857142858","00:02:09"
"2024-03-31","21","20","25","0.9","0.8095238095238095","1.1904761904761905","00:01:42"
"2024-05-09","21","19","27","0.9473684210526315","0.7619047619047619","1.2857142857142858","00:01:04"
"2024-08-03","21","20","27","0.85","0.8095238095238095","1.2857142857142858","00:01:54"
"2024-09-21","21","21","26","0.9047619047619048","0.8571428571428571","1.2380952380952381","00:01:02"
"2025-03-15","21","21","30","0.8571428571428571","0.8095238095238095","1.4285714285714286","00:00:15"
"2025-05-11","21","20","21","0.85","1.0","1.0","00:00:00"
"2025-06-12","21","20","22","0.8","0.9047619047619048","1.0476190476190477","00:00:44"
"2023-02-24","20","18","25","1.0","0.8","1.25","00:00:04"
"2023-04-16","20","20","26","0.75","0.75","1.3","00:00:32"
"2023-05-07","20","20","25","0.95","0.8","1.25","00:00:03"
"2023-05-13","20","19","30","0.7894736842105263","0.65","1.5","00:03:30"
"2023-07-23","20","19","25","0.8421052631578947","0.75","1.25","00:01:42"
"2023-08-26","20","19","30","0.9473684210526315","0.6","1.5","00:01:00"
"2023-09-09","20","20","24","0.9","0.8","1.2","00:00:19"
"2023-09-17","20","20","26","0.75","0.9","1.3","00:01:12"
"2023-09-23","20","20","27","0.8","0.9","1.35","00:01:21"
"2023-10-19","20","20","29","0.9","0.7","1.45","00:00:16"
"2023-12-09","20","19","28","0.9473684210526315","0.7","1.4","00:02:42"
"2024-01-21","20","20","26","0.95","0.85","1.3","00:00:20"
"2024-02-11","20","20","23","1.0","0.85","1.15","00:00:36"
"2024-02-23","20","19","22","0.9473684210526315","0.9","1.1","00:00:36"
"2024-04-21","20","18","27","0.8888888888888888","0.75","1.35","00:01:12"
"2024-09-15","20","19","30","0.9473684210526315","0.75","1.5","00:01:35"
"2024-12-31","20","19","34","0.7894736842105263","0.65","1.7","00:02:13"
"2025-03-16","20","20","24","0.95","0.8","1.2","00:00:09"
"2025-05-01","20","18","20","0.7777777777777779","1.0","1.0","00:00:00"
"2025-05-10","20","20","20","0.95","1.0","1.0","00:00:00"
"2025-07-06","20","19","24","0.8947368421052632","0.8","1.2","00:00:35"
"2025-08-24","20","18","26","0.8888888888888888","0.8","1.3","00:00:48"
"2023-03-11","19","16","23","0.8125","0.7894736842105263","1.2105263157894737","00:00:01"
"2023-04-21","19","17","26","0.9411764705882352","0.631578947368421","1.368421052631579","00:01:19"
"2023-05-14","19","17","25","0.8823529411764706","0.7368421052631579","1.3157894736842106","00:00:41"
"2024-03-02","19","17","38","0.8823529411764706","0.6842105263157895","2.0","00:02:15"
"2024-07-06","19","18","27","0.9444444444444444","0.8947368421052632","1.4210526315789473","00:00:30"
"2024-07-13","19","19","32","0.8947368421052632","0.7368421052631579","1.6842105263157894","00:01:23"
"2024-07-14","19","18","23","0.8888888888888888","0.7894736842105263","1.2105263157894737","00:00:26"
"2024-07-20","19","16","32","0.8125","0.7368421052631579","1.6842105263157894","00:04:47"
"2024-10-27","19","18","25","0.6666666666666665","0.8421052631578947","1.3157894736842106","00:01:20"
"2025-01-05","19","17","24","0.7647058823529411","0.7368421052631579","1.263157894736842","00:00:08"
"2025-03-22","19","16","25","0.8125","0.8421052631578947","1.3157894736842106","00:01:56"
"2025-03-29","19","19","22","0.8947368421052632","0.8421052631578947","1.1578947368421053","00:00:40"
"2025-08-16","19","18","22","0.8888888888888888","0.8947368421052632","1.1578947368421053","00:00:19"
"2023-02-26","18","18","25","0.8888888888888888","0.7222222222222221","1.3888888888888888","00:01:22"
"2023-04-02","18","18","21","0.8333333333333335","0.8333333333333335","1.1666666666666667","00:00:04"
"2023-04-30","18","16","21","1.0","0.8333333333333335","1.1666666666666667","00:01:25"
"2024-03-17","18","17","22","0.8823529411764706","0.7777777777777779","1.2222222222222223","00:01:24"
"2024-04-20","18","18","21","1.0","0.8333333333333335","1.1666666666666667","00:00:11"
"2024-07-27","18","18","18","0.8888888888888888","1.0","1.0","00:00:00"
"2025-01-04","18","17","25","0.8823529411764706","0.7222222222222221","1.3888888888888888","00:02:12"
"2025-04-05","18","18","22","0.7777777777777779","0.7777777777777779","1.2222222222222223","00:01:22"
"2025-06-28","18","17","18","0.9411764705882352","1.0","1.0","00:00:00"
"2023-03-26","17","16","22","0.9375","0.8235294117647058","1.2941176470588236","00:00:07"
"2023-05-08","17","16","27","0.875","0.7058823529411765","1.588235294117647","00:00:36"
"2023-05-27","17","17","26","0.8235294117647058","0.7058823529411765","1.5294117647058822","00:01:03"
"2023-06-03","17","17","19","0.5294117647058824","0.8823529411764706","1.1176470588235294","00:00:01"
"2023-06-25","17","15","22","0.9333333333333332","0.7647058823529411","1.2941176470588236","00:01:00"
"2023-07-02","17","16","22","0.9375","0.7058823529411765","1.2941176470588236","00:00:29"
"2024-01-14","17","15","31","0.8666666666666667","0.6470588235294117","1.8235294117647058","00:06:35"
"2023-03-18","16","16","19","0.9375","0.8125","1.1875","00:01:04"
"2023-04-08","16","14","17","0.7142857142857143","0.9375","1.0625","00:00:01"
"2024-01-03","16","13","16","0.923076923076923","0.9375","1.0","00:00:05"
"2024-01-20","16","16","19","0.9375","0.875","1.1875","00:01:51"
"2024-03-09","16","13","18","0.923076923076923","0.875","1.125","00:01:25"
"2025-08-02","16","15","19","0.8","0.875","1.1875","00:00:04"
"2025-08-17","16","16","22","0.875","0.75","1.375","00:00:10"
"2023-02-25","15","15","24","0.7333333333333333","0.7333333333333333","1.6","00:03:51"
"2023-03-08","15","15","17","0.8666666666666667","0.8666666666666667","1.1333333333333333","00:00:02"
"2023-09-16","15","15","18","0.8666666666666667","0.8","1.2","00:00:53"
"2023-11-04","15","14","20","0.8571428571428571","0.7333333333333333","1.3333333333333333","00:00:32"
"2024-02-10","15","15","21","0.8","0.6666666666666665","1.4","00:02:05"
"2024-03-16","15","15","22","0.9333333333333332","0.6","1.4666666666666666","00:03:06"
"2024-03-24","15","15","21","0.8666666666666667","0.6666666666666665","1.4","00:01:14"
"2024-04-28","15","14","16","0.9285714285714286","0.8666666666666667","1.0666666666666667","00:00:47"
"2025-03-08","15","13","23","0.8461538461538461","0.8","1.5333333333333334","00:00:28"
"2025-03-30","15","14","23","0.9285714285714286","0.6666666666666665","1.5333333333333334","00:00:25"
"2025-05-09","15","15","15","0.8666666666666667","1.0","1.0","00:00:00"
"2023-04-29","14","13","18","0.8461538461538461","0.7142857142857143","1.2857142857142858","00:01:04"
"2023-10-21","14","14","16","0.8571428571428571","0.8571428571428571","1.1428571428571428","00:00:45"
"2024-01-06","14","13","19","0.8461538461538461","0.7142857142857143","1.3571428571428572","00:00:08"
"2024-01-07","14","14","15","0.8571428571428571","0.9285714285714286","1.0714285714285714","00:00:23"
"2024-03-23","14","13","16","1.0","0.8571428571428571","1.1428571428571428","00:01:16"
"2025-07-12","14","13","23","0.6923076923076923","0.7857142857142857","1.6428571428571428","00:00:58"
"2025-08-10","14","14","23","1.0","0.9285714285714286","1.6428571428571428","00:00:08"
"2023-06-04","13","12","16","0.9166666666666665","0.7692307692307694","1.2307692307692308","00:00:05"
"2023-06-10","13","13","17","0.7692307692307694","0.7692307692307694","1.3076923076923077","00:02:50"
"2023-06-11","13","13","15","0.923076923076923","0.8461538461538461","1.1538461538461537","00:01:29"
"2023-07-01","13","13","17","0.923076923076923","0.6923076923076923","1.3076923076923077","00:00:36"
"2023-10-22","13","13","14","0.923076923076923","0.923076923076923","1.0769230769230769","00:00:56"
"2024-01-27","13","13","14","0.8461538461538461","0.923076923076923","1.0769230769230769","00:00:00"
"2024-03-10","13","12","15","1.0","0.8461538461538461","1.1538461538461537","00:00:19"
"2025-08-23","13","12","18","0.8333333333333335","0.6923076923076923","1.3846153846153846","00:00:40"
"2023-01-29","12","12","20","1.0","0.5833333333333334","1.6666666666666667","00:01:20"
"2023-05-09","12","12","20","0.8333333333333335","0.5833333333333334","1.6666666666666667","00:03:03"
"2023-11-26","12","12","13","0.8333333333333335","0.9166666666666665","1.0833333333333333","00:00:47"
"2024-01-04","12","11","17","0.9090909090909091","0.75","1.4166666666666667","00:01:12"
"2024-03-08","12","12","14","0.9166666666666665","0.8333333333333335","1.1666666666666667","00:00:11"
"2025-07-13","12","12","13","0.9166666666666665","0.9166666666666665","1.0833333333333333","00:00:00"
"2025-07-26","12","11","14","0.8181818181818182","0.8333333333333335","1.1666666666666667","00:00:02"
"2025-08-30","12","12","15","0.9166666666666665","0.75","1.25","00:00:10"
"2023-10-29","11","11","13","0.7272727272727273","0.8181818181818182","1.1818181818181819","00:00:01"
"2024-01-02","11","11","21","0.6363636363636364","0.6363636363636364","1.9090909090909092","00:04:51"
"2025-01-01","11","11","20","0.8181818181818182","0.6363636363636364","1.8181818181818181","00:01:00"
"2025-08-03","11","10","13","0.8","0.8181818181818182","1.1818181818181819","00:00:00"
"2023-12-31","9","9","11","0.7777777777777779","0.7777777777777779","1.2222222222222223","00:01:19"
"2024-01-05","8","8","9","0.75","0.875","1.125","00:00:00"
"2024-01-01","7","6","8","1.0","0.8571428571428571","1.1428571428571428","00:00:41"
"2025-08-09","6","6","8","0.8333333333333335","0.6666666666666665","1.3333333333333333","00:00:19"
"2025-07-27","5","5","7","1.0","0.8","1.4","00:00:02"
