"Страница входа, ур. 1","Страница входа, ур. 2","Страница входа, ур. 3","Страница входа, ур. 4","Страница входа","Визиты","Посетители","Отказы","Глубина просмотра","Время на сайте"
"Итого и средние","","","","","5036","2540","0.2039316918189039","4.41977760127085","00:08:45"
"https://цифра18.рф/","Не определено","Не определено","Не определено","https://цифра18.рф/","1077","863","0.1680594243268338","3.307335190343547","00:03:04"
"https://цифра18.рф/","https://цифра18.рф/?back_url_admin=%2Fbitrix%2Fadmin%2F","Не определено","Не определено","https://цифра18.рф/?back_url_admin=%2Fbitrix%2Fadmin%2F","259","11","0.011583011583011582","7.934362934362935","00:16:27"
"http://цифра18.рф/","Не определено","Не определено","Не определено","http://цифра18.рф/","228","227","0.8421052631578947","1.087719298245614","00:00:13"
"https://цифра18.рф/","https://цифра18.рф/catalog/","https://цифра18.рф/catalog/poligrafiya/","https://цифра18.рф/catalog/poligrafiya/vizitki/","https://цифра18.рф/catalog/poligrafiya/vizitki/","118","86","0.09322033898305085","4.923728813559322","00:11:00"
"https://цифра18.рф/","https://цифра18.рф/catalog/","https://цифра18.рф/catalog/poligrafiya/","https://цифра18.рф/catalog/poligrafiya/tsifrovaya-pechat/","https://цифра18.рф/catalog/poligrafiya/tsifrovaya-pechat/","102","71","0.10784313725490197","5.764705882352941","00:13:36"
"https://цифра18.рф/","https://цифра18.рф/catalog/","https://цифра18.рф/catalog/poligrafiya/","https://цифра18.рф/catalog/poligrafiya/pechat-na-samokleyashchikhsya-materialakh/","https://цифра18.рф/catalog/poligrafiya/pechat-na-samokleyashchikhsya-materialakh/","84","58","0.08333333333333331","5.964285714285714","00:10:49"
"https://цифра18.рф/","https://цифра18.рф/catalog/","https://цифра18.рф/catalog/poligrafiya/","https://цифра18.рф/catalog/poligrafiya/uf-pechat1/","https://цифра18.рф/catalog/poligrafiya/uf-pechat1/","73","52","0.2191780821917808","3.863013698630137","00:08:39"
"https://цифра18.рф/","https://цифра18.рф/catalog/","https://цифра18.рф/catalog/poligrafiya/","https://цифра18.рф/catalog/poligrafiya/kalendari/","https://цифра18.рф/catalog/poligrafiya/kalendari/idei-kalendarey-kotorye-my-mozhem-reshit/","64","56","0.421875","1.859375","00:03:06"
"http://cifra.salelib3.beget.tech/","http://cifra.salelib3.beget.tech/?back_url_admin=%2Fbitrix%2Fadmin%2F","Не определено","Не определено","http://cifra.salelib3.beget.tech/?back_url_admin=%2Fbitrix%2Fadmin%2F","63","8","0.0","9.285714285714286","00:19:55"
"https://цифра18.рф/","https://цифра18.рф/catalog/","https://цифра18.рф/catalog/poligrafiya/","https://цифра18.рф/catalog/poligrafiya/beydzhi/","https://цифра18.рф/catalog/poligrafiya/beydzhi/","54","43","0.1111111111111111","6.222222222222222","00:07:16"
"https://цифра18.рф/","https://цифра18.рф/catalog/","https://цифра18.рф/catalog/interer/","https://цифра18.рф/catalog/interer/fotooboi/","https://цифра18.рф/catalog/interer/fotooboi/","48","40","0.14583333333333334","1.4375","00:01:52"
"https://цифра18.рф/","https://цифра18.рф/catalog/","https://цифра18.рф/catalog/poligrafiya/","https://цифра18.рф/catalog/poligrafiya/kalendari/","https://цифра18.рф/catalog/poligrafiya/kalendari/","46","19","0.13043478260869565","5.021739130434782","00:09:06"
"https://цифра18.рф/","https://цифра18.рф/catalog/","https://цифра18.рф/catalog/suvenirnaya-produktsiya/","https://цифра18.рф/catalog/suvenirnaya-produktsiya/pechat-na-kruzhkakh/","https://цифра18.рф/catalog/suvenirnaya-produktsiya/pechat-na-kruzhkakh/","39","34","0.1282051282051282","5.846153846153846","00:11:03"
"https://цифра18.рф/","https://цифра18.рф/?back_url_admin=%2Fbitrix%2Fadmin%2Fiblock_element_admin.php%3FIBLOCK_ID%3D4%26type%3Dcatalog%26lang%3Dru%26find_el_y%3DY%26clear_filter%3DY%26apply_filter%3DY","Не определено","Не определено","https://цифра18.рф/?back_url_admin=%2Fbitrix%2Fadmin%2Fiblock_element_admin.php%3FIBLOCK_ID%3D4%26type%3Dcatalog%26lang%3Dru%26find_el_y%3DY%26clear_filter%3DY%26apply_filter%3DY","38","3","0.0","7.7105263157894735","00:10:28"
"https://цифра18.рф/","https://цифра18.рф/catalog/","https://цифра18.рф/catalog/poligrafiya/","https://цифра18.рф/catalog/poligrafiya/pakety/","https://цифра18.рф/catalog/poligrafiya/pakety/","37","29","0.13513513513513514","3.3783783783783785","00:04:33"
"http://cifra.salelib3.beget.tech/","http://cifra.salelib3.beget.tech/catalog/","http://cifra.salelib3.beget.tech/catalog/poligrafiya/","http://cifra.salelib3.beget.tech/catalog/poligrafiya/tsifrovaya-pechat/","http://cifra.salelib3.beget.tech/catalog/poligrafiya/tsifrovaya-pechat/tsifrovaya-listovaya-lazernaya-pechat-a3/?crm=Y&bridge=Y","34","6","0.14705882352941177","6.235294117647059","00:20:27"
"https://цифра18.рф/","https://цифра18.рф/about/","Не определено","Не определено","https://цифра18.рф/about/","32","24","0.21875","1.8125","00:02:25"
"https://цифра18.рф/","https://цифра18.рф/catalog/","https://цифра18.рф/catalog/shirokoformatnaya-pechat/","https://цифра18.рф/catalog/shirokoformatnaya-pechat/pechat-na-bannere-shirinoy-do-1-6m/","https://цифра18.рф/catalog/shirokoformatnaya-pechat/pechat-na-bannere-shirinoy-do-1-6m/","32","21","0.0625","5.84375","00:22:41"
"https://цифра18.рф/","https://цифра18.рф/catalog/","https://цифра18.рф/catalog/inzhenernaya-pechat/","Не определено","https://цифра18.рф/catalog/inzhenernaya-pechat/","31","7","0.0","6.967741935483871","00:11:02"
"https://цифра18.рф/","https://цифра18.рф/catalog/","https://цифра18.рф/catalog/poligrafiya/","https://цифра18.рф/catalog/poligrafiya/laminirovanie/","https://цифра18.рф/catalog/poligrafiya/laminirovanie/","31","18","0.0967741935483871","5.580645161290323","00:12:34"
"https://цифра18.рф/","https://цифра18.рф/catalog/","https://цифра18.рф/catalog/shirokoformatnaya-pechat/","https://цифра18.рф/catalog/shirokoformatnaya-pechat/pechat-na-samokleyashcheysya-plenke/","https://цифра18.рф/catalog/shirokoformatnaya-pechat/pechat-na-samokleyashcheysya-plenke/","30","17","0.13333333333333333","5.166666666666667","00:18:17"
"https://цифра18.рф/","https://цифра18.рф/catalog/","https://цифра18.рф/catalog/suvenirnaya-produktsiya/","https://цифра18.рф/catalog/suvenirnaya-produktsiya/pechat-na-ruchkakh/","https://цифра18.рф/catalog/suvenirnaya-produktsiya/pechat-na-ruchkakh/","30","22","0.26666666666666666","5.333333333333333","00:08:17"
"https://цифра18.рф/","https://цифра18.рф/catalog/","https://цифра18.рф/catalog/stendy/","https://цифра18.рф/catalog/stendy/tablichki/","https://цифра18.рф/catalog/stendy/tablichki/","26","10","0.07692307692307693","5.730769230769231","00:23:39"
"https://цифра18.рф/","https://цифра18.рф/catalog/","https://цифра18.рф/catalog/poligrafiya/","https://цифра18.рф/catalog/poligrafiya/konverty-/","https://цифра18.рф/catalog/poligrafiya/konverty-/","25","18","0.04","4.56","00:05:34"
"https://цифра18.рф/","https://цифра18.рф/catalog/","https://цифра18.рф/catalog/shirokoformatnaya-pechat/","Не определено","https://цифра18.рф/catalog/shirokoformatnaya-pechat/","25","10","0.0","5.2","00:12:19"
"https://цифра18.рф/","https://цифра18.рф/catalog/","https://цифра18.рф/catalog/shirokoformatnaya-pechat/","https://цифра18.рф/catalog/shirokoformatnaya-pechat/pechat-na-flazhnoy-tkani/","https://цифра18.рф/catalog/shirokoformatnaya-pechat/pechat-na-flazhnoy-tkani/","25","19","0.24","3.28","00:04:35"
"https://цифра18.рф/","https://цифра18.рф/catalog/","https://цифра18.рф/catalog/suvenirnaya-produktsiya/","https://цифра18.рф/catalog/suvenirnaya-produktsiya/brendirovanie-odezhdy/","https://цифра18.рф/catalog/suvenirnaya-produktsiya/brendirovanie-odezhdy/","25","5","0.04","11.88","00:25:44"
"http://cifra.salelib3.beget.tech/","Не определено","Не определено","Не определено","http://cifra.salelib3.beget.tech/","24","10","0.04166666666666666","10.958333333333334","00:33:52"
"https://цифра18.рф/","https://цифра18.рф/catalog/","https://цифра18.рф/catalog/poligrafiya/","https://цифра18.рф/catalog/poligrafiya/tsifrovaya-pechat/","https://цифра18.рф/catalog/poligrafiya/tsifrovaya-pechat/tsifrovaya-listovaya-lazernaya-pechat-a3/","24","14","0.25","3.9166666666666665","00:07:37"
"https://цифра18.рф/","https://цифра18.рф/catalog/","https://цифра18.рф/catalog/suvenirnaya-produktsiya/","https://цифра18.рф/catalog/suvenirnaya-produktsiya/brendirovanie-odezhdy/","https://цифра18.рф/catalog/suvenirnaya-produktsiya/brendirovanie-odezhdy/dtf-dtf-pechat/","24","18","0.04166666666666666","3.75","00:10:16"
"https://цифра18.рф/","https://цифра18.рф/news/","https://цифра18.рф/news/otlichiya-rgb-i-cmyk/","Не определено","https://цифра18.рф/news/otlichiya-rgb-i-cmyk/","24","24","0.875","1.125","00:00:17"
"https://цифра18.рф/","https://цифра18.рф/catalog/","https://цифра18.рф/catalog/interer/","https://цифра18.рф/catalog/interer/kartiny-na-kholste/","https://цифра18.рф/catalog/interer/kartiny-na-kholste/","23","16","0.08695652173913043","3.652173913043478","00:07:25"
"https://цифра18.рф/","https://цифра18.рф/catalog/","https://цифра18.рф/catalog/poligrafiya/","Не определено","https://цифра18.рф/catalog/poligrafiya/","23","12","0.08695652173913043","4.695652173913044","00:08:41"
"https://цифра18.рф/","https://цифра18.рф/catalog/","https://цифра18.рф/catalog/mobilnye-stendy/","Не определено","https://цифра18.рф/catalog/mobilnye-stendy/","22","18","0.18181818181818182","4.909090909090909","00:07:41"
"https://цифра18.рф/","https://цифра18.рф/catalog/","https://цифра18.рф/catalog/poligrafiya/","https://цифра18.рф/catalog/poligrafiya/pechat-na-samokleyashchikhsya-materialakh/","https://цифра18.рф/catalog/poligrafiya/pechat-na-samokleyashchikhsya-materialakh/figurnye-nakleyki-na-samokleyushcheysya-plenke-belym-tonerom/","22","1","0.0","1.1363636363636365","00:02:45"
"https://цифра18.рф/","https://цифра18.рф/catalog/","https://цифра18.рф/catalog/suvenirnaya-produktsiya/","Не определено","https://цифра18.рф/catalog/suvenirnaya-produktsiya/","22","15","0.22727272727272727","4.7272727272727275","00:06:29"
"http://cifra.salelib3.beget.tech/","http://cifra.salelib3.beget.tech/catalog/","http://cifra.salelib3.beget.tech/catalog/poligrafiya/","http://cifra.salelib3.beget.tech/catalog/poligrafiya/tsifrovaya-pechat/","http://cifra.salelib3.beget.tech/catalog/poligrafiya/tsifrovaya-pechat/","21","1","0.0","10.857142857142858","00:35:55"
"https://цифра18.рф/","https://цифра18.рф/catalog/","https://цифра18.рф/catalog/inzhenernaya-pechat/","https://цифра18.рф/catalog/inzhenernaya-pechat/broshyurovka/","https://цифра18.рф/catalog/inzhenernaya-pechat/broshyurovka/pereplet-na-plastikovuyu-pruzhinu/","21","20","0.2857142857142857","1.2857142857142858","00:01:14"
"https://цифра18.рф/","https://цифра18.рф/catalog/","https://цифра18.рф/catalog/poligrafiya/","https://цифра18.рф/catalog/poligrafiya/lekala-vykroyki/","https://цифра18.рф/catalog/poligrafiya/lekala-vykroyki/","21","9","0.09523809523809523","2.761904761904762","00:06:16"
"https://цифра18.рф/","https://цифра18.рф/catalog/","https://цифра18.рф/catalog/poligrafiya/","https://цифра18.рф/catalog/poligrafiya/bloknoty/","https://цифра18.рф/catalog/poligrafiya/bloknoty/","20","13","0.1","8.55","00:19:57"
"https://цифра18.рф/","https://цифра18.рф/catalog/","https://цифра18.рф/catalog/poligrafiya/","https://цифра18.рф/catalog/poligrafiya/kalendari/","https://цифра18.рф/catalog/poligrafiya/kalendari/kvartalnyy-kalendar-2027-standart-s-1-reklamnym-polem-/","20","13","0.15","2.7","00:06:24"
"https://цифра18.рф/","https://цифра18.рф/catalog/","https://цифра18.рф/catalog/shirokoformatnaya-pechat/","https://цифра18.рф/catalog/shirokoformatnaya-pechat/pechat-na-posternoy-bumage/","https://цифра18.рф/catalog/shirokoformatnaya-pechat/pechat-na-posternoy-bumage/","20","12","0.05","5.15","00:11:54"
"https://цифра18.рф/","https://цифра18.рф/news/","https://цифра18.рф/news/napechataem-na-chekhle-telefona/","Не определено","https://цифра18.рф/news/napechataem-na-chekhle-telefona/","20","17","0.3","1.2","00:01:37"
"https://цифра18.рф/","https://цифра18.рф/catalog/","https://цифра18.рф/catalog/mobilnye-stendy/","https://цифра18.рф/catalog/mobilnye-stendy/roll-up-0-85kh2-m/","https://цифра18.рф/catalog/mobilnye-stendy/roll-up-0-85kh2-m/","19","15","0.15789473684210525","7.2631578947368425","00:14:47"
"https://цифра18.рф/","https://цифра18.рф/catalog/","https://цифра18.рф/catalog/poligrafiya/","https://цифра18.рф/catalog/poligrafiya/korobki-vyrubnye/","https://цифра18.рф/catalog/poligrafiya/korobki-vyrubnye/korobki-samosbornye-kryshka-dno-/","19","16","0.3157894736842105","1.4736842105263157","00:01:57"
"https://цифра18.рф/","https://цифра18.рф/catalog/","https://цифра18.рф/catalog/poligrafiya/","https://цифра18.рф/catalog/poligrafiya/vizitki/","https://цифра18.рф/catalog/poligrafiya/vizitki/tsifrovaya-pechat-standartnykh-vizitok/","19","12","0.2631578947368421","8.105263157894736","00:20:05"
"https://цифра18.рф/","https://цифра18.рф/catalog/","https://цифра18.рф/catalog/inzhenernaya-pechat/","https://цифра18.рф/catalog/inzhenernaya-pechat/pechat-chertezhey-proektnoy-dokumentatsii/","https://цифра18.рф/catalog/inzhenernaya-pechat/pechat-chertezhey-proektnoy-dokumentatsii/","18","15","0.1111111111111111","4.555555555555555","00:08:56"
"https://цифра18.рф/","https://цифра18.рф/catalog/","https://цифра18.рф/catalog/poligrafiya/","https://цифра18.рф/catalog/poligrafiya/kalendari/","https://цифра18.рф/catalog/poligrafiya/kalendari/kvartalnye-3v1/","18","4","0.0","1.0555555555555556","00:00:16"
"https://цифра18.рф/","https://цифра18.рф/catalog/","https://цифра18.рф/catalog/stendy/","https://цифра18.рф/catalog/stendy/karman-pet-ploskiy/","https://цифра18.рф/catalog/stendy/karman-pet-ploskiy/","17","15","0.35294117647058826","1.0588235294117647","00:00:20"
"http://cifra.salelib3.beget.tech/","http://cifra.salelib3.beget.tech/catalog/","http://cifra.salelib3.beget.tech/catalog/suvenirnaya-produktsiya/","http://cifra.salelib3.beget.tech/catalog/suvenirnaya-produktsiya/pechat-na-ruchkakh/","http://cifra.salelib3.beget.tech/catalog/suvenirnaya-produktsiya/pechat-na-ruchkakh/","16","8","0.0","6.5","00:16:35"
"https://цифра18.рф/","https://цифра18.рф/catalog/","https://цифра18.рф/catalog/poligrafiya/","https://цифра18.рф/catalog/poligrafiya/listovki-tsifrovaya-pechat/","https://цифра18.рф/catalog/poligrafiya/listovki-tsifrovaya-pechat/","16","9","0.0625","7.125","00:13:30"
"https://цифра18.рф/","https://цифра18.рф/catalog/","https://цифра18.рф/catalog/suvenirnaya-produktsiya/","https://цифра18.рф/catalog/suvenirnaya-produktsiya/magnity-vinilovye/","https://цифра18.рф/catalog/suvenirnaya-produktsiya/magnity-vinilovye/","16","13","0.0","2.6875","00:05:49"
"https://цифра18.рф/","https://цифра18.рф/kontakty/","Не определено","Не определено","https://цифра18.рф/kontakty/","16","13","0.3125","1.25","00:00:21"
"https://цифра18.рф/","https://цифра18.рф/catalog/","https://цифра18.рф/catalog/poligrafiya/","https://цифра18.рф/catalog/poligrafiya/listovki-ofsetnaya-pechat/","https://цифра18.рф/catalog/poligrafiya/listovki-ofsetnaya-pechat/","15","6","0.13333333333333333","15.133333333333333","00:32:15"
"https://цифра18.рф/","https://цифра18.рф/catalog/","https://цифра18.рф/catalog/poligrafiya/","https://цифра18.рф/catalog/poligrafiya/pakety/","https://цифра18.рф/catalog/poligrafiya/pakety/bumazhnyy-paket-prezentatsionnyy/","15","7","0.0","1.6666666666666667","00:02:36"
"https://цифра18.рф/","https://цифра18.рф/catalog/","https://цифра18.рф/catalog/poligrafiya/","https://цифра18.рф/catalog/poligrafiya/korobki-vyrubnye/","https://цифра18.рф/catalog/poligrafiya/korobki-vyrubnye/","14","10","0.21428571428571427","3.357142857142857","00:09:29"
"https://цифра18.рф/","https://цифра18.рф/catalog/","https://цифра18.рф/catalog/suvenirnaya-produktsiya/","https://цифра18.рф/catalog/suvenirnaya-produktsiya/shokolad/","https://цифра18.рф/catalog/suvenirnaya-produktsiya/shokolad/","14","8","0.07142857142857142","8.642857142857142","00:08:27"
"https://цифра18.рф/","https://цифра18.рф/catalog/","https://цифра18.рф/catalog/poligrafiya/","https://цифра18.рф/catalog/poligrafiya/vizitki/","https://цифра18.рф/catalog/poligrafiya/vizitki/vizitki-na-prozrachnom-plastike/","13","7","0.23076923076923075","1.4615384615384615","00:00:49"
"https://цифра18.рф/","https://цифра18.рф/catalog/","https://цифра18.рф/catalog/poligrafiya/","https://цифра18.рф/catalog/poligrafiya/vysechnaya-produktsiya/","https://цифра18.рф/catalog/poligrafiya/vysechnaya-produktsiya/vysechnaya-produktsiya-kartona/","13","5","0.0","4.153846153846154","00:10:03"
"https://цифра18.рф/","https://цифра18.рф/catalog/","https://цифра18.рф/catalog/shirokoformatnaya-pechat/","https://цифра18.рф/catalog/shirokoformatnaya-pechat/pechat-na-bannere-shirinoy-do-3-2m/","https://цифра18.рф/catalog/shirokoformatnaya-pechat/pechat-na-bannere-shirinoy-do-3-2m/","13","11","0.23076923076923075","2.5384615384615383","00:07:31"
"http://cifra.salelib3.beget.tech/","http://cifra.salelib3.beget.tech/catalog/","http://cifra.salelib3.beget.tech/catalog/poligrafiya/","http://cifra.salelib3.beget.tech/catalog/poligrafiya/pechat-na-samokleyashchikhsya-materialakh/","http://cifra.salelib3.beget.tech/catalog/poligrafiya/pechat-na-samokleyashchikhsya-materialakh/","12","1","0.0","8.0","00:33:10"
"http://cifra.salelib3.beget.tech/","http://cifra.salelib3.beget.tech/catalog/","http://cifra.salelib3.beget.tech/catalog/suvenirnaya-produktsiya/","http://cifra.salelib3.beget.tech/catalog/suvenirnaya-produktsiya/brendirovanie-odezhdy/","http://cifra.salelib3.beget.tech/catalog/suvenirnaya-produktsiya/brendirovanie-odezhdy/dtf-dtf-pechat/?crm=Y&bridge=Y","12","4","0.16666666666666663","7.25","00:25:17"
"https://цифра18.рф/","https://цифра18.рф/catalog/","https://цифра18.рф/catalog/interer/","https://цифра18.рф/catalog/interer/fotopostery-na-penokartone/","https://цифра18.рф/catalog/interer/fotopostery-na-penokartone/","12","5","0.16666666666666663","2.5","00:09:36"
"https://цифра18.рф/","https://цифра18.рф/catalog/","https://цифра18.рф/catalog/inzhenernaya-pechat/","https://цифра18.рф/catalog/inzhenernaya-pechat/pechat-chertezhey7148/","https://цифра18.рф/catalog/inzhenernaya-pechat/pechat-chertezhey7148/","12","1","0.0","6.0","00:04:48"
"https://цифра18.рф/","https://цифра18.рф/catalog/","https://цифра18.рф/catalog/poligrafiya/","https://цифра18.рф/catalog/poligrafiya/korobki-vyrubnye/","https://цифра18.рф/catalog/poligrafiya/korobki-vyrubnye/korobki-samosbornye-s-otkidnoy-kryshkoy/","12","12","0.41666666666666674","1.0","00:00:18"
"https://цифра18.рф/","https://цифра18.рф/catalog/","https://цифра18.рф/catalog/poligrafiya/","https://цифра18.рф/catalog/poligrafiya/pakety/","https://цифра18.рф/catalog/poligrafiya/pakety/pakety-belye-pvd/","12","10","0.33333333333333326","4.0","00:11:51"
"https://цифра18.рф/","https://цифра18.рф/catalog/","https://цифра18.рф/catalog/poligrafiya/","https://цифра18.рф/catalog/poligrafiya/plotternaya-rezka/","https://цифра18.рф/catalog/poligrafiya/plotternaya-rezka/","12","9","0.08333333333333331","3.75","00:07:20"
"https://цифра18.рф/","https://цифра18.рф/catalog/","https://цифра18.рф/catalog/stendy/","https://цифра18.рф/catalog/stendy/stendy/","https://цифра18.рф/catalog/stendy/stendy/","12","11","0.25","3.3333333333333335","00:08:34"
"https://цифра18.рф/","https://цифра18.рф/catalog/","https://цифра18.рф/catalog/suvenirnaya-produktsiya/","https://цифра18.рф/catalog/suvenirnaya-produktsiya/korporativnye-podarki/","https://цифра18.рф/catalog/suvenirnaya-produktsiya/korporativnye-podarki/upakovka-dlya-futbolok/","12","11","0.08333333333333331","1.4166666666666667","00:00:45"
"https://цифра18.рф/","https://цифра18.рф/catalog/","https://цифра18.рф/catalog/suvenirnaya-produktsiya/","https://цифра18.рф/catalog/suvenirnaya-produktsiya/pechat-na-pazlakh/","https://цифра18.рф/catalog/suvenirnaya-produktsiya/pechat-na-pazlakh/","12","11","0.08333333333333331","1.5833333333333333","00:02:08"
"https://цифра18.рф/","https://цифра18.рф/catalog/","https://цифра18.рф/catalog/suvenirnaya-produktsiya/","https://цифра18.рф/catalog/suvenirnaya-produktsiya/znachki-zakatnye9558/","https://цифра18.рф/catalog/suvenirnaya-produktsiya/znachki-zakatnye9558/","12","5","0.16666666666666663","4.583333333333333","00:12:30"
"https://цифра18.рф/","https://цифра18.рф/catalog/","https://цифра18.рф/catalog/suvenirnaya-produktsiya/","https://цифра18.рф/catalog/suvenirnaya-produktsiya/znachki-zakatnye9558/","https://цифра18.рф/catalog/suvenirnaya-produktsiya/znachki-zakatnye9558/zakatnye-znachki-glyantsevye/","12","10","0.08333333333333331","4.75","00:04:43"
"http://cifra.salelib3.beget.tech/","http://cifra.salelib3.beget.tech/catalog/","http://cifra.salelib3.beget.tech/catalog/stendy/","http://cifra.salelib3.beget.tech/catalog/stendy/tablichki/","http://cifra.salelib3.beget.tech/catalog/stendy/tablichki/?crm=Y&bridge=Y","11","4","0.0","6.818181818181818","00:24:59"
"https://цифра18.рф/","https://цифра18.рф/catalog/","https://цифра18.рф/catalog/inzhenernaya-pechat/","https://цифра18.рф/catalog/inzhenernaya-pechat/pereplet-na-plastikovuyu-pruzhinu/","https://цифра18.рф/catalog/inzhenernaya-pechat/pereplet-na-plastikovuyu-pruzhinu/","11","2","0.0","5.636363636363637","00:05:01"
"https://цифра18.рф/","https://цифра18.рф/catalog/","https://цифра18.рф/catalog/poligrafiya/","https://цифра18.рф/catalog/poligrafiya/pechat-na-samokleyashchikhsya-materialakh/","https://цифра18.рф/catalog/poligrafiya/pechat-na-samokleyashchikhsya-materialakh/figurnye-nakleyki-na-golograficheskoy-plenke/","11","9","0.45454545454545453","1.0","00:00:26"
"https://цифра18.рф/","https://цифра18.рф/catalog/","https://цифра18.рф/catalog/suvenirnaya-produktsiya/","https://цифра18.рф/catalog/suvenirnaya-produktsiya/lazernaya-gravirovka-markirovka/","https://цифра18.рф/catalog/suvenirnaya-produktsiya/lazernaya-gravirovka-markirovka/lazernaya-gravirovka/","11","9","0.0","3.5454545454545454","00:05:38"
"https://цифра18.рф/","https://цифра18.рф/catalog/","https://цифра18.рф/catalog/suvenirnaya-produktsiya/","https://цифра18.рф/catalog/suvenirnaya-produktsiya/shokolad/","https://цифра18.рф/catalog/suvenirnaya-produktsiya/shokolad/shokolad-s-logotipom/","11","7","0.36363636363636365","2.090909090909091","00:01:41"
"http://cifra.salelib3.beget.tech/","http://cifra.salelib3.beget.tech/catalog/","http://cifra.salelib3.beget.tech/catalog/poligrafiya/","http://cifra.salelib3.beget.tech/catalog/poligrafiya/lekala-vykroyki/","http://cifra.salelib3.beget.tech/catalog/poligrafiya/lekala-vykroyki/lekala-vykroyki/?crm=Y&bridge=Y","10","4","0.2","8.7","00:07:13"
"http://cifra.salelib3.beget.tech/","http://cifra.salelib3.beget.tech/catalog/","http://cifra.salelib3.beget.tech/catalog/poligrafiya/","http://cifra.salelib3.beget.tech/catalog/poligrafiya/uf-pechat1/","http://cifra.salelib3.beget.tech/catalog/poligrafiya/uf-pechat1/","10","1","0.0","7.8","00:21:20"
"http://cifra.salelib3.beget.tech/","http://cifra.salelib3.beget.tech/catalog/","http://cifra.salelib3.beget.tech/catalog/shirokoformatnaya-pechat/","Не определено","http://cifra.salelib3.beget.tech/catalog/shirokoformatnaya-pechat/","10","3","0.0","6.3","00:10:05"
"http://cifra.salelib3.beget.tech/","http://cifra.salelib3.beget.tech/catalog/","http://cifra.salelib3.beget.tech/catalog/shirokoformatnaya-pechat/","http://cifra.salelib3.beget.tech/catalog/shirokoformatnaya-pechat/pechat-na-samokleyashcheysya-plenke/","http://cifra.salelib3.beget.tech/catalog/shirokoformatnaya-pechat/pechat-na-samokleyashcheysya-plenke/","10","2","0.0","2.6","00:13:57"
"https://цифра18.рф/","https://цифра18.рф/catalog/","https://цифра18.рф/catalog/inzhenernaya-pechat/","https://цифра18.рф/catalog/inzhenernaya-pechat/pechat-chertezhey/","https://цифра18.рф/catalog/inzhenernaya-pechat/pechat-chertezhey/","10","2","0.0","2.6","00:04:28"
"https://цифра18.рф/","https://цифра18.рф/catalog/","https://цифра18.рф/catalog/mobilnye-stendy/","https://цифра18.рф/catalog/mobilnye-stendy/press-voll/","https://цифра18.рф/catalog/mobilnye-stendy/press-voll/","10","8","0.1","5.1","00:11:53"
"https://цифра18.рф/","https://цифра18.рф/catalog/","https://цифра18.рф/catalog/poligrafiya/","https://цифра18.рф/catalog/poligrafiya/beydzhi/","https://цифра18.рф/catalog/poligrafiya/beydzhi/beydzh-laminirovannyy/","10","7","0.2","1.8","00:03:48"
"https://цифра18.рф/","https://цифра18.рф/catalog/","https://цифра18.рф/catalog/poligrafiya/","https://цифра18.рф/catalog/poligrafiya/laminirovanie/","https://цифра18.рф/catalog/poligrafiya/laminirovanie/goryachee-rulonnoe-laminirovanie/","10","8","0.1","8.4","00:27:47"
"https://цифра18.рф/","https://цифра18.рф/catalog/","https://цифра18.рф/catalog/poligrafiya/","https://цифра18.рф/catalog/poligrafiya/pechat-na-samokleyashchikhsya-materialakh/","https://цифра18.рф/catalog/poligrafiya/pechat-na-samokleyashchikhsya-materialakh/figurnye-nakleyki-na-samokleyushcheysya-bumage/","10","4","0.0","3.2","00:05:35"
"https://цифра18.рф/","https://цифра18.рф/catalog/","https://цифра18.рф/catalog/poligrafiya/","https://цифра18.рф/catalog/poligrafiya/uf-pechat1/","https://цифра18.рф/catalog/poligrafiya/uf-pechat1/uf-pechat-do-150sm2/","10","6","0.0","4.4","00:13:56"
"https://цифра18.рф/","https://цифра18.рф/catalog/","https://цифра18.рф/catalog/poligrafiya/","https://цифра18.рф/catalog/poligrafiya/uf-pechat1/","https://цифра18.рф/catalog/poligrafiya/uf-pechat1/uf-pechat-ot-151-sm2-do-300-kh-420-mm-/","10","10","0.2","3.4","00:08:02"
"https://цифра18.рф/","https://цифра18.рф/catalog/","https://цифра18.рф/catalog/poligrafiya/","https://цифра18.рф/catalog/poligrafiya/vizitki/","https://цифра18.рф/catalog/poligrafiya/vizitki/vizitki-na-dizaynerskom-kartone/","10","9","0.1","1.7","00:00:31"
"https://цифра18.рф/","https://цифра18.рф/catalog/","https://цифра18.рф/catalog/shirokoformatnaya-pechat/","https://цифра18.рф/catalog/shirokoformatnaya-pechat/pechat-na-plenke-translyutsentnoy-backlit/","https://цифра18.рф/catalog/shirokoformatnaya-pechat/pechat-na-plenke-translyutsentnoy-backlit/","10","8","0.4","1.1","00:02:34"
"https://цифра18.рф/","https://цифра18.рф/catalog/","https://цифра18.рф/catalog/suvenirnaya-produktsiya/","https://цифра18.рф/catalog/suvenirnaya-produktsiya/brendirovanie-odezhdy/","https://цифра18.рф/catalog/suvenirnaya-produktsiya/brendirovanie-odezhdy/futbolka-kh-b-polo-/","10","1","0.0","1.0","00:00:15"
"http://cifra.salelib3.beget.tech/","http://cifra.salelib3.beget.tech/catalog/","http://cifra.salelib3.beget.tech/catalog/poligrafiya/","http://cifra.salelib3.beget.tech/catalog/poligrafiya/beydzhi/","http://cifra.salelib3.beget.tech/catalog/poligrafiya/beydzhi/beydzh-iz-orgstekla-30kh70mm/?crm=Y&bridge=Y","9","3","0.0","5.222222222222222","00:09:52"
"http://cifra.salelib3.beget.tech/","http://cifra.salelib3.beget.tech/catalog/","http://cifra.salelib3.beget.tech/catalog/poligrafiya/","http://cifra.salelib3.beget.tech/catalog/poligrafiya/pakety/","http://cifra.salelib3.beget.tech/catalog/poligrafiya/pakety/bumazhnyy-paket-prezentatsionnyy/?crm=Y&bridge=Y","9","6","0.33333333333333326","2.888888888888889","00:04:36"
"http://cifra.salelib3.beget.tech/","http://cifra.salelib3.beget.tech/catalog/","http://cifra.salelib3.beget.tech/catalog/poligrafiya/","http://cifra.salelib3.beget.tech/catalog/poligrafiya/uf-pechat1/","http://cifra.salelib3.beget.tech/catalog/poligrafiya/uf-pechat1/uf-pechat-do-600-kh900mm/?crm=Y&bridge=Y","9","5","0.2222222222222222","4.666666666666667","00:08:36"
"http://cifra.salelib3.beget.tech/","http://cifra.salelib3.beget.tech/catalog/","http://cifra.salelib3.beget.tech/catalog/poligrafiya/","http://cifra.salelib3.beget.tech/catalog/poligrafiya/vizitki/","http://cifra.salelib3.beget.tech/catalog/poligrafiya/vizitki/ofsetnaya-pechat-standartnykh-vizitok/?crm=Y&bridge=Y","9","4","0.33333333333333326","11.11111111111111","00:11:53"
"http://cifra.salelib3.beget.tech/","http://cifra.salelib3.beget.tech/catalog/","http://cifra.salelib3.beget.tech/catalog/shirokoformatnaya-pechat/","http://cifra.salelib3.beget.tech/catalog/shirokoformatnaya-pechat/pechat-na-samokleyashcheysya-plenke/","http://cifra.salelib3.beget.tech/catalog/shirokoformatnaya-pechat/pechat-na-samokleyashcheysya-plenke/?crm=Y&bridge=Y","9","3","0.1111111111111111","5.111111111111111","00:12:45"
"https://цифра18.рф/","https://цифра18.рф/catalog/","https://цифра18.рф/catalog/poligrafiya/","https://цифра18.рф/catalog/poligrafiya/kalendari/","https://цифра18.рф/catalog/poligrafiya/kalendari/kvartalnyy-kalendar-premium-1-rekl-pole-s-figurnoy-rezkoy/","9","7","0.5555555555555556","1.6666666666666667","00:00:27"
"https://цифра18.рф/","https://цифра18.рф/catalog/","https://цифра18.рф/catalog/poligrafiya/","https://цифра18.рф/catalog/poligrafiya/konverty-/","https://цифра18.рф/catalog/poligrafiya/konverty-/konverty/","9","4","0.1111111111111111","1.6666666666666667","00:01:28"
"https://цифра18.рф/","https://цифра18.рф/catalog/","https://цифра18.рф/catalog/poligrafiya/","https://цифра18.рф/catalog/poligrafiya/vizitki/","https://цифра18.рф/catalog/poligrafiya/vizitki/vizitki-na-chernom-kartone/","9","8","0.33333333333333326","1.6666666666666667","00:01:51"
"https://цифра18.рф/","https://цифра18.рф/catalog/","https://цифра18.рф/catalog/suvenirnaya-produktsiya/","https://цифра18.рф/catalog/suvenirnaya-produktsiya/kubik-transformer/","https://цифра18.рф/catalog/suvenirnaya-produktsiya/kubik-transformer/","9","9","0.2222222222222222","1.0","00:00:24"
"https://цифра18.рф/","https://цифра18.рф/catalog/","https://цифра18.рф/catalog/suvenirnaya-produktsiya/","https://цифра18.рф/catalog/suvenirnaya-produktsiya/pechat-na-ruchkakh/","https://цифра18.рф/catalog/suvenirnaya-produktsiya/pechat-na-ruchkakh/ruchka-sharikovaya-title-m9103/","9","9","0.33333333333333326","2.4444444444444446","00:03:09"
"http://cifra.salelib3.beget.tech/","http://cifra.salelib3.beget.tech/catalog/","http://cifra.salelib3.beget.tech/catalog/poligrafiya/","http://cifra.salelib3.beget.tech/catalog/poligrafiya/pechat-na-samokleyashchikhsya-materialakh/","http://cifra.salelib3.beget.tech/catalog/poligrafiya/pechat-na-samokleyashchikhsya-materialakh/figurnye-nakleyki-na-samokleyushcheysya-bumage/?crm=Y&bridge=Y","8","2","0.25","5.875","00:09:03"
"http://cifra.salelib3.beget.tech/","http://cifra.salelib3.beget.tech/catalog/","http://cifra.salelib3.beget.tech/catalog/poligrafiya/","http://cifra.salelib3.beget.tech/catalog/poligrafiya/tsifrovaya-pechat/","http://cifra.salelib3.beget.tech/catalog/poligrafiya/tsifrovaya-pechat/tsifrovaya-listovaya-lazernaya-pechat-a4/?crm=Y&bridge=Y","8","4","0.0","5.5","00:29:48"
"http://cifra.salelib3.beget.tech/","http://cifra.salelib3.beget.tech/catalog/","http://cifra.salelib3.beget.tech/catalog/shirokoformatnaya-pechat/","http://cifra.salelib3.beget.tech/catalog/shirokoformatnaya-pechat/pechat-na-bannere-shirinoy-do-1-6m/","http://cifra.salelib3.beget.tech/catalog/shirokoformatnaya-pechat/pechat-na-bannere-shirinoy-do-1-6m/?crm=Y&bridge=Y","8","5","0.0","2.125","00:02:36"
"http://cifra.salelib3.beget.tech/","http://cifra.salelib3.beget.tech/catalog/","http://cifra.salelib3.beget.tech/catalog/suvenirnaya-produktsiya/","http://cifra.salelib3.beget.tech/catalog/suvenirnaya-produktsiya/pechat-na-ruchkakh/","http://cifra.salelib3.beget.tech/catalog/suvenirnaya-produktsiya/pechat-na-ruchkakh/ruchka-sharikovaya-title-m9103/","8","5","0.125","4.125","00:08:49"
"https://цифра18.рф/","https://цифра18.рф/catalog/","Не определено","Не определено","https://цифра18.рф/catalog/","8","7","0.125","2.5","00:02:35"
"https://цифра18.рф/","https://цифра18.рф/catalog/","https://цифра18.рф/catalog/inzhenernaya-pechat/","https://цифра18.рф/catalog/inzhenernaya-pechat/broshyurovka/","https://цифра18.рф/catalog/inzhenernaya-pechat/broshyurovka/","8","7","0.0","7.375","00:25:06"
"https://цифра18.рф/","https://цифра18.рф/catalog/","https://цифра18.рф/catalog/inzhenernaya-pechat/","https://цифра18.рф/catalog/inzhenernaya-pechat/pereplet-na-metallicheskuyu-pruzhinu-3-1/","https://цифра18.рф/catalog/inzhenernaya-pechat/pereplet-na-metallicheskuyu-pruzhinu-3-1/","8","3","0.0","2.5","00:00:29"
"https://цифра18.рф/","https://цифра18.рф/catalog/","https://цифра18.рф/catalog/poligrafiya/","https://цифра18.рф/catalog/poligrafiya/konverty-/","https://цифра18.рф/catalog/poligrafiya/konverty-/konverty-iz-kalki-110gr/","8","8","0.25","1.5","00:00:41"
"https://цифра18.рф/","https://цифра18.рф/catalog/","https://цифра18.рф/catalog/poligrafiya/","https://цифра18.рф/catalog/poligrafiya/papki-/","https://цифра18.рф/catalog/poligrafiya/papki-/","8","6","0.25","4.625","00:01:50"
"https://цифра18.рф/","https://цифра18.рф/catalog/","https://цифра18.рф/catalog/poligrafiya/","https://цифра18.рф/catalog/poligrafiya/vysechnaya-produktsiya/","https://цифра18.рф/catalog/poligrafiya/vysechnaya-produktsiya/","8","5","0.0","12.25","00:40:07"
"https://цифра18.рф/","https://цифра18.рф/catalog/","https://цифра18.рф/catalog/stendy/","Не определено","https://цифра18.рф/catalog/stendy/","8","5","0.0","11.5","00:15:31"
"https://цифра18.рф/","https://цифра18.рф/catalog/","https://цифра18.рф/catalog/suvenirnaya-produktsiya/","https://цифра18.рф/catalog/suvenirnaya-produktsiya/chekhly-dlya-ruchek/","https://цифра18.рф/catalog/suvenirnaya-produktsiya/chekhly-dlya-ruchek/chekhol-dlya-ruchki/","8","7","0.375","1.25","00:00:24"
"https://цифра18.рф/","https://цифра18.рф/catalog/","https://цифра18.рф/catalog/suvenirnaya-produktsiya/","https://цифра18.рф/catalog/suvenirnaya-produktsiya/pechat-na-kraft-ruchkakh/","https://цифра18.рф/catalog/suvenirnaya-produktsiya/pechat-na-kraft-ruchkakh/kraft-ruchki/","8","7","0.25","2.125","00:00:38"
"https://цифра18.рф/","https://цифра18.рф/catalog/","https://цифра18.рф/catalog/suvenirnaya-produktsiya/","https://цифра18.рф/catalog/suvenirnaya-produktsiya/znachki-zakatnye9558/","https://цифра18.рф/catalog/suvenirnaya-produktsiya/znachki-zakatnye9558/zakatnye-znachki-matovye/","8","7","0.25","1.375","00:00:30"
"https://цифра18.рф/","https://цифра18.рф/https:/","https://цифра18.рф/https:/цифра18.рф/","https://цифра18.рф/https:/цифра18.рф/catalog/","https://цифра18.рф/https:/цифра18.рф/catalog/interer/","8","8","1.0","1.0","00:00:00"
"https://цифра18.рф/","https://цифра18.рф/https:/","https://цифра18.рф/https:/цифра18.рф/","https://цифра18.рф/https:/цифра18.рф/kontakty/","https://цифра18.рф/https:/цифра18.рф/kontakty/","8","8","0.875","1.0","00:00:01"
"http://cifra.salelib3.beget.tech/","http://cifra.salelib3.beget.tech/catalog/","http://cifra.salelib3.beget.tech/catalog/inzhenernaya-pechat/","http://cifra.salelib3.beget.tech/catalog/inzhenernaya-pechat/pechat-chertezhey-proektnoy-dokumentatsii/","http://cifra.salelib3.beget.tech/catalog/inzhenernaya-pechat/pechat-chertezhey-proektnoy-dokumentatsii/pechat-chertezhey/?crm=Y&bridge=Y","7","3","0.0","7.0","00:20:37"
"http://cifra.salelib3.beget.tech/","http://cifra.salelib3.beget.tech/catalog/","http://cifra.salelib3.beget.tech/catalog/poligrafiya/","http://cifra.salelib3.beget.tech/catalog/poligrafiya/bloknoty/","http://cifra.salelib3.beget.tech/catalog/poligrafiya/bloknoty/pechat-bloknotov-a5-oblozhka-4-0-0-0/?crm=Y&bridge=Y","7","4","0.0","9.714285714285714","00:14:55"
"http://cifra.salelib3.beget.tech/","http://cifra.salelib3.beget.tech/catalog/","http://cifra.salelib3.beget.tech/catalog/poligrafiya/","http://cifra.salelib3.beget.tech/catalog/poligrafiya/kalendari/","http://cifra.salelib3.beget.tech/catalog/poligrafiya/kalendari/","7","3","0.0","3.5714285714285716","00:12:21"
"http://cifra.salelib3.beget.tech/","http://cifra.salelib3.beget.tech/catalog/","http://cifra.salelib3.beget.tech/catalog/poligrafiya/","http://cifra.salelib3.beget.tech/catalog/poligrafiya/vizitki/","http://cifra.salelib3.beget.tech/catalog/poligrafiya/vizitki/","7","1","0.0","9.428571428571429","00:24:39"
"http://cifra.salelib3.beget.tech/","http://cifra.salelib3.beget.tech/catalog/","http://cifra.salelib3.beget.tech/catalog/poligrafiya/","http://cifra.salelib3.beget.tech/catalog/poligrafiya/vizitki/","http://cifra.salelib3.beget.tech/catalog/poligrafiya/vizitki/tsifrovaya-pechat-standartnykh-vizitok/?crm=Y&bridge=Y","7","3","0.14285714285714285","2.5714285714285716","00:09:20"
"http://cifra.salelib3.beget.tech/","http://cifra.salelib3.beget.tech/catalog/","http://cifra.salelib3.beget.tech/catalog/shirokoformatnaya-pechat/","http://cifra.salelib3.beget.tech/catalog/shirokoformatnaya-pechat/pechat-na-bannere-shirinoy-do-3-2m/","http://cifra.salelib3.beget.tech/catalog/shirokoformatnaya-pechat/pechat-na-bannere-shirinoy-do-3-2m/?crm=Y&bridge=Y","7","3","0.2857142857142857","7.571428571428571","00:20:01"
"http://cifra.salelib3.beget.tech/","http://cifra.salelib3.beget.tech/catalog/","http://cifra.salelib3.beget.tech/catalog/shirokoformatnaya-pechat/","http://cifra.salelib3.beget.tech/catalog/shirokoformatnaya-pechat/pechat-na-posternoy-bumage/","http://cifra.salelib3.beget.tech/catalog/shirokoformatnaya-pechat/pechat-na-posternoy-bumage/?crm=Y&bridge=Y","7","3","0.0","9.714285714285714","00:32:46"
"http://cifra.salelib3.beget.tech/","http://cifra.salelib3.beget.tech/catalog/","http://cifra.salelib3.beget.tech/catalog/stendy/","http://cifra.salelib3.beget.tech/catalog/stendy/stendy/","http://cifra.salelib3.beget.tech/catalog/stendy/stendy/","7","3","0.0","9.428571428571429","00:41:49"
"http://cifra.salelib3.beget.tech/","http://cifra.salelib3.beget.tech/catalog/","http://cifra.salelib3.beget.tech/catalog/suvenirnaya-produktsiya/","http://cifra.salelib3.beget.tech/catalog/suvenirnaya-produktsiya/brendirovanie-odezhdy/","http://cifra.salelib3.beget.tech/catalog/suvenirnaya-produktsiya/brendirovanie-odezhdy/","7","1","0.0","4.0","00:04:46"
"https://цифра18.рф/","https://цифра18.рф/catalog/","https://цифра18.рф/catalog/mobilnye-stendy/","https://цифра18.рф/catalog/mobilnye-stendy/roll-up-1-2x2-m/","https://цифра18.рф/catalog/mobilnye-stendy/roll-up-1-2x2-m/","7","6","0.2857142857142857","2.857142857142857","00:04:12"
"https://цифра18.рф/","https://цифра18.рф/catalog/","https://цифра18.рф/catalog/poligrafiya/","https://цифра18.рф/catalog/poligrafiya/konverty-/","https://цифра18.рф/catalog/poligrafiya/konverty-/konverty-tsvetnye-/","7","4","0.14285714285714285","2.2857142857142856","00:04:54"
"https://цифра18.рф/","https://цифра18.рф/catalog/","https://цифра18.рф/catalog/poligrafiya/","https://цифра18.рф/catalog/poligrafiya/listovki-ofsetnaya-pechat/","https://цифра18.рф/catalog/poligrafiya/listovki-ofsetnaya-pechat/evroflaer-99kh210-mm-ofsetnaya-pechat/","7","7","0.42857142857142855","1.2857142857142858","00:00:10"
"https://цифра18.рф/","https://цифра18.рф/catalog/","https://цифра18.рф/catalog/poligrafiya/","https://цифра18.рф/catalog/poligrafiya/plotternaya-rezka/","https://цифра18.рф/catalog/poligrafiya/plotternaya-rezka/plotternaya-rezka-listami-a31255/","7","5","0.0","6.285714285714286","00:18:39"
"https://цифра18.рф/","https://цифра18.рф/catalog/","https://цифра18.рф/catalog/poligrafiya/","https://цифра18.рф/catalog/poligrafiya/teybl-tent/","https://цифра18.рф/catalog/poligrafiya/teybl-tent/","7","7","0.2857142857142857","1.4285714285714286","00:05:17"
"https://цифра18.рф/","https://цифра18.рф/catalog/","https://цифра18.рф/catalog/poligrafiya/","https://цифра18.рф/catalog/poligrafiya/tsifrovaya-pechat/","https://цифра18.рф/catalog/poligrafiya/tsifrovaya-pechat/tsifrovaya-listovaya-lazernaya-pechat-a4/","7","6","0.0","1.4285714285714286","00:00:26"
"https://цифра18.рф/","https://цифра18.рф/catalog/","https://цифра18.рф/catalog/suvenirnaya-produktsiya/","https://цифра18.рф/catalog/suvenirnaya-produktsiya/ezhednevniki1738/","https://цифра18.рф/catalog/suvenirnaya-produktsiya/ezhednevniki1738/tisnenie-folgoy/","7","7","0.2857142857142857","2.0","00:00:45"
"https://цифра18.рф/","https://цифра18.рф/catalog/","https://цифра18.рф/catalog/suvenirnaya-produktsiya/","https://цифра18.рф/catalog/suvenirnaya-produktsiya/pechat-na-ruchkakh/","https://цифра18.рф/catalog/suvenirnaya-produktsiya/pechat-na-ruchkakh/ruchka-sharikovaya-title-f/","7","6","0.42857142857142855","2.142857142857143","00:06:22"
"http://cifra.salelib3.beget.tech/","http://cifra.salelib3.beget.tech/catalog/","http://cifra.salelib3.beget.tech/catalog/interer/","http://cifra.salelib3.beget.tech/catalog/interer/fotopostery-na-penokartone/","http://cifra.salelib3.beget.tech/catalog/interer/fotopostery-na-penokartone/?crm=Y&bridge=Y","6","2","0.0","7.0","00:22:26"
"http://cifra.salelib3.beget.tech/","http://cifra.salelib3.beget.tech/catalog/","http://cifra.salelib3.beget.tech/catalog/inzhenernaya-pechat/","http://cifra.salelib3.beget.tech/catalog/inzhenernaya-pechat/pechat-chertezhey-proektnoy-dokumentatsii/","http://cifra.salelib3.beget.tech/catalog/inzhenernaya-pechat/pechat-chertezhey-proektnoy-dokumentatsii/pechat-chertezhey7148/?crm=Y&bridge=Y","6","3","0.16666666666666663","6.0","00:19:17"
"http://cifra.salelib3.beget.tech/","http://cifra.salelib3.beget.tech/catalog/","http://cifra.salelib3.beget.tech/catalog/poligrafiya/","http://cifra.salelib3.beget.tech/catalog/poligrafiya/beydzhi/","http://cifra.salelib3.beget.tech/catalog/poligrafiya/beydzhi/beydzh-laminirovannyy/?crm=Y&bridge=Y","6","2","0.0","7.833333333333333","00:10:54"
"http://cifra.salelib3.beget.tech/","http://cifra.salelib3.beget.tech/catalog/","http://cifra.salelib3.beget.tech/catalog/poligrafiya/","http://cifra.salelib3.beget.tech/catalog/poligrafiya/kalendari/","http://cifra.salelib3.beget.tech/catalog/poligrafiya/kalendari/idei-kalendarey-kotorye-my-mozhem-reshit/","6","5","0.16666666666666663","1.3333333333333333","00:01:19"
"http://cifra.salelib3.beget.tech/","http://cifra.salelib3.beget.tech/catalog/","http://cifra.salelib3.beget.tech/catalog/poligrafiya/","http://cifra.salelib3.beget.tech/catalog/poligrafiya/plotternaya-rezka/","http://cifra.salelib3.beget.tech/catalog/poligrafiya/plotternaya-rezka/plotternaya-rezka-listami-a31255/?crm=Y&bridge=Y","6","3","0.0","3.8333333333333335","00:23:52"
"http://cifra.salelib3.beget.tech/","http://cifra.salelib3.beget.tech/catalog/","http://cifra.salelib3.beget.tech/catalog/shirokoformatnaya-pechat/","http://cifra.salelib3.beget.tech/catalog/shirokoformatnaya-pechat/pechat-na-plenke-grey-back/","http://cifra.salelib3.beget.tech/catalog/shirokoformatnaya-pechat/pechat-na-plenke-grey-back/?crm=Y&bridge=Y","6","4","0.0","7.0","00:21:06"
"http://cifra.salelib3.beget.tech/","http://cifra.salelib3.beget.tech/catalog/","http://cifra.salelib3.beget.tech/catalog/stendy/","http://cifra.salelib3.beget.tech/catalog/stendy/stendy/","http://cifra.salelib3.beget.tech/catalog/stendy/stendy/?crm=Y&bridge=Y","6","3","0.16666666666666663","4.0","00:10:42"
"http://cifra.salelib3.beget.tech/","http://cifra.salelib3.beget.tech/catalog/","http://cifra.salelib3.beget.tech/catalog/suvenirnaya-produktsiya/","http://cifra.salelib3.beget.tech/catalog/suvenirnaya-produktsiya/magnity-vinilovye/","http://cifra.salelib3.beget.tech/catalog/suvenirnaya-produktsiya/magnity-vinilovye/vinilovye-magnity-10kh15sm/","6","1","0.0","1.0","00:00:15"
"https://цифра18.рф/","https://цифра18.рф/catalog/","https://цифра18.рф/catalog/interer/","Не определено","https://цифра18.рф/catalog/interer/","6","5","0.0","4.333333333333333","00:02:17"
"https://цифра18.рф/","https://цифра18.рф/catalog/","https://цифра18.рф/catalog/interer/","https://цифра18.рф/catalog/interer/postery/","https://цифра18.рф/catalog/interer/postery/","6","4","0.0","2.3333333333333335","00:02:29"
"https://цифра18.рф/","https://цифра18.рф/catalog/","https://цифра18.рф/catalog/inzhenernaya-pechat/","https://цифра18.рф/catalog/inzhenernaya-pechat/broshyurovka/","https://цифра18.рф/catalog/inzhenernaya-pechat/broshyurovka/pereplet-na-metallicheskuyu-pruzhinu-3-1/","6","6","0.33333333333333326","2.8333333333333335","00:01:55"
"https://цифра18.рф/","https://цифра18.рф/catalog/","https://цифра18.рф/catalog/mobilnye-stendy/","https://цифра18.рф/catalog/mobilnye-stendy/roll-up2950451249975881/","https://цифра18.рф/catalog/mobilnye-stendy/roll-up2950451249975881/","6","6","0.6666666666666665","1.8333333333333333","00:01:06"
"https://цифра18.рф/","https://цифра18.рф/catalog/","https://цифра18.рф/catalog/poligrafiya/","https://цифра18.рф/catalog/poligrafiya/konverty-/","https://цифра18.рф/catalog/poligrafiya/konverty-/konvert-barkhatnyy/","6","2","0.33333333333333326","1.3333333333333333","00:00:37"
"https://цифра18.рф/","https://цифра18.рф/catalog/","https://цифра18.рф/catalog/poligrafiya/","https://цифра18.рф/catalog/poligrafiya/listovki-tsifrovaya-pechat/","https://цифра18.рф/catalog/poligrafiya/listovki-tsifrovaya-pechat/evroflaer-99kh210mm/","6","6","0.6666666666666665","1.1666666666666667","00:00:15"
"https://цифра18.рф/","https://цифра18.рф/catalog/","https://цифра18.рф/catalog/poligrafiya/","https://цифра18.рф/catalog/poligrafiya/listovki-tsifrovaya-pechat/","https://цифра18.рф/catalog/poligrafiya/listovki-tsifrovaya-pechat/pechat-listovok-a5/","6","6","0.0","2.3333333333333335","00:01:43"
"https://цифра18.рф/","https://цифра18.рф/catalog/","https://цифра18.рф/catalog/poligrafiya/","https://цифра18.рф/catalog/poligrafiya/pechat-na-samokleyashchikhsya-materialakh/","https://цифра18.рф/catalog/poligrafiya/pechat-na-samokleyashchikhsya-materialakh/figurnye-nakleyki-na-samokleyushcheysya-plenke/","6","6","0.33333333333333326","2.3333333333333335","00:02:39"
"https://цифра18.рф/","https://цифра18.рф/catalog/","https://цифра18.рф/catalog/poligrafiya/","https://цифра18.рф/catalog/poligrafiya/pechat-na-samokleyashchikhsya-materialakh/","https://цифра18.рф/catalog/poligrafiya/pechat-na-samokleyashchikhsya-materialakh/figurnye-nakleyki-s-folgirovaniem-na-prozrachnoy-plenke/","6","3","0.0","6.5","00:11:38"
"https://цифра18.рф/","https://цифра18.рф/catalog/","https://цифра18.рф/catalog/poligrafiya/","https://цифра18.рф/catalog/poligrafiya/pechat-na-samokleyashchikhsya-materialakh/","https://цифра18.рф/catalog/poligrafiya/pechat-na-samokleyashchikhsya-materialakh/stikerpaki-na-samokleyushcheysya-bumage/","6","4","0.16666666666666663","1.5","00:00:18"
"https://цифра18.рф/","https://цифра18.рф/catalog/","https://цифра18.рф/catalog/suvenirnaya-produktsiya/","https://цифра18.рф/catalog/suvenirnaya-produktsiya/ezhednevniki1738/","https://цифра18.рф/catalog/suvenirnaya-produktsiya/ezhednevniki1738/tisnenie-blintovoe/","6","6","0.16666666666666663","2.1666666666666665","00:01:12"
"https://цифра18.рф/","https://цифра18.рф/news/","https://цифра18.рф/news/brendirovanie-avtomobilya-pechat-i-okleyka-plenkoy-avtomobilya/","Не определено","https://цифра18.рф/news/brendirovanie-avtomobilya-pechat-i-okleyka-plenkoy-avtomobilya/","6","6","0.0","2.0","00:01:33"
"http://cifra.salelib3.beget.tech/","http://cifra.salelib3.beget.tech/catalog/","http://cifra.salelib3.beget.tech/catalog/poligrafiya/","http://cifra.salelib3.beget.tech/catalog/poligrafiya/listovki-ofsetnaya-pechat/","http://cifra.salelib3.beget.tech/catalog/poligrafiya/listovki-ofsetnaya-pechat/pechat-listovok-a6-ofsetnaya-pechat/?crm=Y&bridge=Y","5","4","0.2","3.6","00:10:19"
"http://cifra.salelib3.beget.tech/","http://cifra.salelib3.beget.tech/catalog/","http://cifra.salelib3.beget.tech/catalog/poligrafiya/","http://cifra.salelib3.beget.tech/catalog/poligrafiya/tsifrovaya-pechat/","http://cifra.salelib3.beget.tech/catalog/poligrafiya/tsifrovaya-pechat/tsifrovaya-listovaya-lazernaya-pechat-a3/","5","1","0.0","7.0","00:31:36"
"https://цифра18.рф/","https://цифра18.рф/?yandex-source=desktop-maps","Не определено","Не определено","https://цифра18.рф/?yandex-source=desktop-maps","5","5","0.4","2.8","00:01:29"
"https://цифра18.рф/","https://цифра18.рф/catalog/","https://цифра18.рф/catalog/poligrafiya/","https://цифра18.рф/catalog/poligrafiya/kalendari/","https://цифра18.рф/catalog/poligrafiya/kalendari/kvartalnyy-kalendar-2027-god-biznes-3-shirokikh-reklamnykh-polya/","5","3","0.0","1.6","00:00:43"
"https://цифра18.рф/","https://цифра18.рф/catalog/","https://цифра18.рф/catalog/poligrafiya/","https://цифра18.рф/catalog/poligrafiya/karty-plastikovye/","https://цифра18.рф/catalog/poligrafiya/karty-plastikovye/","5","4","0.0","1.0","00:00:17"
"https://цифра18.рф/","https://цифра18.рф/catalog/","https://цифра18.рф/catalog/poligrafiya/","https://цифра18.рф/catalog/poligrafiya/listovki-tsifrovaya-pechat/","https://цифра18.рф/catalog/poligrafiya/listovki-tsifrovaya-pechat/pechat-listovok-a7/","5","4","0.4","1.0","00:00:09"
"https://цифра18.рф/","https://цифра18.рф/catalog/","https://цифра18.рф/catalog/poligrafiya/","https://цифра18.рф/catalog/poligrafiya/pakety/","https://цифра18.рф/catalog/poligrafiya/pakety/kraft-pakety-podarochnye/","5","3","0.2","1.4","00:00:19"
"https://цифра18.рф/","https://цифра18.рф/catalog/","https://цифра18.рф/catalog/poligrafiya/","https://цифра18.рф/catalog/poligrafiya/papki-/","https://цифра18.рф/catalog/poligrafiya/papki-/pechat-na-papkakh-ugolkakh-i-faylakh/","5","5","0.2","2.8","00:02:46"
"https://цифра18.рф/","https://цифра18.рф/catalog/","https://цифра18.рф/catalog/poligrafiya/","https://цифра18.рф/catalog/poligrafiya/rizografiya/","https://цифра18.рф/catalog/poligrafiya/rizografiya/","5","3","0.4","5.8","00:05:48"
"https://цифра18.рф/","https://цифра18.рф/catalog/","https://цифра18.рф/catalog/poligrafiya/","https://цифра18.рф/catalog/poligrafiya/tsifrovaya-pechat/","https://цифра18.рф/catalog/poligrafiya/tsifrovaya-pechat/tsifrovaya-listovaya-lazernaya-pechat-a3/?crm=Y&bridge=Y","5","4","0.2","4.8","00:11:16"
"https://цифра18.рф/","https://цифра18.рф/catalog/","https://цифра18.рф/catalog/poligrafiya/","https://цифра18.рф/catalog/poligrafiya/uf-pechat1/","https://цифра18.рф/catalog/poligrafiya/uf-pechat1/uf-pechat-do-600-kh900mm/","5","5","0.6","4.8","00:09:41"
"https://цифра18.рф/","https://цифра18.рф/catalog/","https://цифра18.рф/catalog/suvenirnaya-produktsiya/","https://цифра18.рф/catalog/suvenirnaya-produktsiya/braslety-silikonovye/","https://цифра18.рф/catalog/suvenirnaya-produktsiya/braslety-silikonovye/","5","4","0.0","1.2","00:01:27"
"https://цифра18.рф/","https://цифра18.рф/catalog/","https://цифра18.рф/catalog/suvenirnaya-produktsiya/","https://цифра18.рф/catalog/suvenirnaya-produktsiya/brendirovanie-odezhdy/","https://цифра18.рф/catalog/suvenirnaya-produktsiya/brendirovanie-odezhdy/termoplenka-termotransfer-na-odezhdu/","5","5","0.2","1.4","00:00:43"
"https://цифра18.рф/","https://цифра18.рф/catalog/","https://цифра18.рф/catalog/suvenirnaya-produktsiya/","https://цифра18.рф/catalog/suvenirnaya-produktsiya/ezhednevniki1738/","https://цифра18.рф/catalog/suvenirnaya-produktsiya/ezhednevniki1738/","5","5","0.0","6.2","00:04:27"
"https://цифра18.рф/","https://цифра18.рф/catalog/","https://цифра18.рф/catalog/suvenirnaya-produktsiya/","https://цифра18.рф/catalog/suvenirnaya-produktsiya/korporativnye-podarki/","https://цифра18.рф/catalog/suvenirnaya-produktsiya/korporativnye-podarki/","5","5","0.4","1.8","00:00:43"
"https://цифра18.рф/","https://цифра18.рф/catalog/","https://цифра18.рф/catalog/suvenirnaya-produktsiya/","https://цифра18.рф/catalog/suvenirnaya-produktsiya/magnity-vinilovye/","https://цифра18.рф/catalog/suvenirnaya-produktsiya/magnity-vinilovye/figurnye-vinilovye-magnity-/","5","5","0.4","2.0","00:01:29"
"https://цифра18.рф/","https://цифра18.рф/catalog/","https://цифра18.рф/catalog/suvenirnaya-produktsiya/","https://цифра18.рф/catalog/suvenirnaya-produktsiya/medali-kubki-nagradnaya-produktsiya/","https://цифра18.рф/catalog/suvenirnaya-produktsiya/medali-kubki-nagradnaya-produktsiya/","5","4","0.0","11.4","00:19:47"
"https://цифра18.рф/","https://цифра18.рф/catalog/","https://цифра18.рф/catalog/suvenirnaya-produktsiya/","https://цифра18.рф/catalog/suvenirnaya-produktsiya/pechat-na-kraft-ruchkakh/","https://цифра18.рф/catalog/suvenirnaya-produktsiya/pechat-na-kraft-ruchkakh/","5","5","0.0","7.0","00:21:09"
"https://цифра18.рф/","https://цифра18.рф/catalog/","https://цифра18.рф/catalog/suvenirnaya-produktsiya/","https://цифра18.рф/catalog/suvenirnaya-produktsiya/ryukzaki-i-sumki/","https://цифра18.рф/catalog/suvenirnaya-produktsiya/ryukzaki-i-sumki/","5","3","0.0","19.4","00:49:20"
"https://цифра18.рф/","https://цифра18.рф/news/","https://цифра18.рф/news/birki-ofsetnaya-pechat-polezno-2578/","Не определено","https://цифра18.рф/news/birki-ofsetnaya-pechat-polezno-2578/","5","5","0.2","4.4","00:02:33"
"http://cifra.salelib3.beget.tech/","http://cifra.salelib3.beget.tech/?back_url_admin=%2Fbitrix%2Fadmin%2Fsite_checker.php%3Flang%3Dru%26start_test%3DY","Не определено","Не определено","http://cifra.salelib3.beget.tech/?back_url_admin=%2Fbitrix%2Fadmin%2Fsite_checker.php%3Flang%3Dru%26start_test%3DY","4","1","0.0","1.25","00:00:15"
"http://cifra.salelib3.beget.tech/","http://cifra.salelib3.beget.tech/catalog/","http://cifra.salelib3.beget.tech/catalog/poligrafiya/","http://cifra.salelib3.beget.tech/catalog/poligrafiya/bloknoty/","http://cifra.salelib3.beget.tech/catalog/poligrafiya/bloknoty/","4","1","0.0","13.5","00:24:12"
"http://cifra.salelib3.beget.tech/","http://cifra.salelib3.beget.tech/catalog/","http://cifra.salelib3.beget.tech/catalog/poligrafiya/","http://cifra.salelib3.beget.tech/catalog/poligrafiya/laminirovanie/","http://cifra.salelib3.beget.tech/catalog/poligrafiya/laminirovanie/","4","1","0.0","6.5","00:24:54"
"http://cifra.salelib3.beget.tech/","http://cifra.salelib3.beget.tech/catalog/","http://cifra.salelib3.beget.tech/catalog/poligrafiya/","http://cifra.salelib3.beget.tech/catalog/poligrafiya/listovki-tsifrovaya-pechat/","http://cifra.salelib3.beget.tech/catalog/poligrafiya/listovki-tsifrovaya-pechat/","4","1","0.0","6.75","00:17:29"
"http://cifra.salelib3.beget.tech/","http://cifra.salelib3.beget.tech/catalog/","http://cifra.salelib3.beget.tech/catalog/poligrafiya/","http://cifra.salelib3.beget.tech/catalog/poligrafiya/listovki-tsifrovaya-pechat/","http://cifra.salelib3.beget.tech/catalog/poligrafiya/listovki-tsifrovaya-pechat/pechat-listovok-a5/?crm=Y&bridge=Y","4","2","0.5","2.5","00:00:38"
"http://cifra.salelib3.beget.tech/","http://cifra.salelib3.beget.tech/catalog/","http://cifra.salelib3.beget.tech/catalog/poligrafiya/","http://cifra.salelib3.beget.tech/catalog/poligrafiya/vizitki/","http://cifra.salelib3.beget.tech/catalog/poligrafiya/vizitki/vizitki-na-chernom-kartone/?crm=Y&bridge=Y","4","3","0.0","14.25","00:43:07"
"http://cifra.salelib3.beget.tech/","http://cifra.salelib3.beget.tech/catalog/","http://cifra.salelib3.beget.tech/catalog/suvenirnaya-produktsiya/","http://cifra.salelib3.beget.tech/catalog/suvenirnaya-produktsiya/ezhednevniki1738/","http://cifra.salelib3.beget.tech/catalog/suvenirnaya-produktsiya/ezhednevniki1738/","4","1","0.0","8.75","00:21:50"
"http://cifra.salelib3.beget.tech/","http://cifra.salelib3.beget.tech/catalog/","http://cifra.salelib3.beget.tech/catalog/suvenirnaya-produktsiya/","http://cifra.salelib3.beget.tech/catalog/suvenirnaya-produktsiya/pechat-na-kruzhkakh/","http://cifra.salelib3.beget.tech/catalog/suvenirnaya-produktsiya/pechat-na-kruzhkakh/","4","2","0.0","11.5","00:23:32"
"http://cifra.salelib3.beget.tech/","http://cifra.salelib3.beget.tech/catalog/","http://cifra.salelib3.beget.tech/catalog/suvenirnaya-produktsiya/","http://cifra.salelib3.beget.tech/catalog/suvenirnaya-produktsiya/pechat-na-kruzhkakh/","http://cifra.salelib3.beget.tech/catalog/suvenirnaya-produktsiya/pechat-na-kruzhkakh/butylka-dlya-vody-jogger-600ml/","4","2","0.0","4.75","00:07:58"
"https://цифра18.рф/","https://цифра18.рф/catalog/","https://цифра18.рф/catalog/poligrafiya/","https://цифра18.рф/catalog/poligrafiya/beydzhi/","https://цифра18.рф/catalog/poligrafiya/beydzhi/karman-dlya-beydzha/","4","4","0.75","3.5","00:10:13"
"https://цифра18.рф/","https://цифра18.рф/catalog/","https://цифра18.рф/catalog/poligrafiya/","https://цифра18.рф/catalog/poligrafiya/kalendari/","https://цифра18.рф/catalog/poligrafiya/kalendari/kvartalnyy-kalendar-2027-biznes-3-reklamnykh-polya-/","4","4","0.75","1.25","00:00:33"
"https://цифра18.рф/","https://цифра18.рф/catalog/","https://цифра18.рф/catalog/poligrafiya/","https://цифра18.рф/catalog/poligrafiya/kalendari/","https://цифра18.рф/catalog/poligrafiya/kalendari/kvartalnyy-kalendar-premium-1-rekl-pole-neon/","4","2","0.0","7.25","00:03:56"
"https://цифра18.рф/","https://цифра18.рф/catalog/","https://цифра18.рф/catalog/poligrafiya/","https://цифра18.рф/catalog/poligrafiya/kalendari/","https://цифра18.рф/catalog/poligrafiya/kalendari/kvartalnyy-kalendar-premium-3-rekl-polya-prozrachnyy-plastik/","4","3","0.0","2.5","00:06:00"
"https://цифра18.рф/","https://цифра18.рф/catalog/","https://цифра18.рф/catalog/poligrafiya/","https://цифра18.рф/catalog/poligrafiya/listovki-ofsetnaya-pechat/","https://цифра18.рф/catalog/poligrafiya/listovki-ofsetnaya-pechat/pechat-listovok-a7-ofsetnaya-pechat/","4","3","0.25","2.0","00:00:49"
"https://цифра18.рф/","https://цифра18.рф/catalog/","https://цифра18.рф/catalog/poligrafiya/","https://цифра18.рф/catalog/poligrafiya/listovki-tsifrovaya-pechat/","https://цифра18.рф/catalog/poligrafiya/listovki-tsifrovaya-pechat/pechat-listovok-a6/","4","4","0.25","2.25","00:01:45"
"https://цифра18.рф/","https://цифра18.рф/catalog/","https://цифра18.рф/catalog/poligrafiya/","https://цифра18.рф/catalog/poligrafiya/otkrytki-sertifikaty/","https://цифра18.рф/catalog/poligrafiya/otkrytki-sertifikaty/otkrytka-sertifikat-a6-ofsetnaya-pechat/","4","3","0.5","1.75","00:00:43"
"https://цифра18.рф/","https://цифра18.рф/catalog/","https://цифра18.рф/catalog/poligrafiya/","https://цифра18.рф/catalog/poligrafiya/otkrytki-sertifikaty/","https://цифра18.рф/catalog/poligrafiya/otkrytki-sertifikaty/otkrytka-sertifikat-a6-s-folgirovaniem/","4","2","0.25","1.0","00:00:13"
"https://цифра18.рф/","https://цифра18.рф/catalog/","https://цифра18.рф/catalog/poligrafiya/","https://цифра18.рф/catalog/poligrafiya/otkrytki-sertifikaty/","https://цифра18.рф/catalog/poligrafiya/otkrytki-sertifikaty/otkrytka-sertifikat-a6-tsifrovaya-pechat/","4","4","0.25","4.25","00:09:40"
"https://цифра18.рф/","https://цифра18.рф/catalog/","https://цифра18.рф/catalog/poligrafiya/","https://цифра18.рф/catalog/poligrafiya/pechat-belym-tonerom/","https://цифра18.рф/catalog/poligrafiya/pechat-belym-tonerom/","4","3","0.0","2.0","00:05:23"
"https://цифра18.рф/","https://цифра18.рф/catalog/","https://цифра18.рф/catalog/poligrafiya/","https://цифра18.рф/catalog/poligrafiya/pechat-na-samokleyashchikhsya-materialakh/","https://цифра18.рф/catalog/poligrafiya/pechat-na-samokleyashchikhsya-materialakh/figurnye-nakleyki-shirokoformatnaya-pechat-na-plenke-ot-1kv-m/","4","3","0.0","6.25","00:17:47"
"https://цифра18.рф/","https://цифра18.рф/catalog/","https://цифра18.рф/catalog/shirokoformatnaya-pechat/","https://цифра18.рф/catalog/shirokoformatnaya-pechat/pechat-na-posternoy-bumage/","https://цифра18.рф/catalog/shirokoformatnaya-pechat/pechat-na-posternoy-bumage/?crm=Y&bridge=Y","4","3","0.0","2.0","00:08:33"
"https://цифра18.рф/","https://цифра18.рф/catalog/","https://цифра18.рф/catalog/suvenirnaya-produktsiya/","https://цифра18.рф/catalog/suvenirnaya-produktsiya/lazernaya-gravirovka-markirovka/","https://цифра18.рф/catalog/suvenirnaya-produktsiya/lazernaya-gravirovka-markirovka/gravirovka-na-termose/","4","4","0.5","1.0","00:00:17"
"https://цифра18.рф/","https://цифра18.рф/catalog/","https://цифра18.рф/catalog/suvenirnaya-produktsiya/","https://цифра18.рф/catalog/suvenirnaya-produktsiya/magnity-vinilovye/","https://цифра18.рф/catalog/suvenirnaya-produktsiya/magnity-vinilovye/vinilovye-magnity-10kh15sm4903/","4","4","0.5","1.0","00:00:09"
"https://цифра18.рф/","https://цифра18.рф/catalog/","https://цифра18.рф/catalog/suvenirnaya-produktsiya/","https://цифра18.рф/catalog/suvenirnaya-produktsiya/pechat-na-kruzhkakh/","https://цифра18.рф/catalog/suvenirnaya-produktsiya/pechat-na-kruzhkakh/belaya-kruzhka-tsvetnaya-ruchka-dno-330ml/","4","4","0.25","3.5","00:00:53"
"https://цифра18.рф/","https://цифра18.рф/catalog/","https://цифра18.рф/catalog/suvenirnaya-produktsiya/","https://цифра18.рф/catalog/suvenirnaya-produktsiya/pechat-na-kruzhkakh/","https://цифра18.рф/catalog/suvenirnaya-produktsiya/pechat-na-kruzhkakh/butylka-dlya-vody-mystik-700ml/","4","4","0.25","1.0","00:01:48"
"https://цифра18.рф/","https://цифра18.рф/catalog/","https://цифра18.рф/catalog/suvenirnaya-produktsiya/","https://цифра18.рф/catalog/suvenirnaya-produktsiya/pechat-na-ruchkakh/","https://цифра18.рф/catalog/suvenirnaya-produktsiya/pechat-na-ruchkakh/ruchka-metallicheskaya-dallas-touch/","4","4","1.0","1.0","00:00:00"
"https://цифра18.рф/","https://цифра18.рф/catalog/","https://цифра18.рф/catalog/suvenirnaya-produktsiya/","https://цифра18.рф/catalog/suvenirnaya-produktsiya/ruchka-sharikovaya-title-p/","https://цифра18.рф/catalog/suvenirnaya-produktsiya/ruchka-sharikovaya-title-p/","4","4","0.5","1.0","00:00:12"
"https://цифра18.рф/","https://цифра18.рф/catalog/","https://цифра18.рф/catalog/suvenirnaya-produktsiya/","https://цифра18.рф/catalog/suvenirnaya-produktsiya/tubus-brendirovannyy/","https://цифра18.рф/catalog/suvenirnaya-produktsiya/tubus-brendirovannyy/","4","4","0.0","7.5","00:19:13"
"https://цифра18.рф/","https://цифра18.рф/https:/","https://цифра18.рф/https:/цифра18.рф/","https://цифра18.рф/https:/цифра18.рф/catalog/","https://цифра18.рф/https:/цифра18.рф/catalog/shirokoformatnaya-pechat/","4","4","1.0","1.0","00:00:00"
"http://cifra.salelib3.beget.tech/","http://cifra.salelib3.beget.tech/catalog/","Не определено","Не определено","http://cifra.salelib3.beget.tech/catalog/","3","2","0.0","7.666666666666667","00:39:35"
"http://cifra.salelib3.beget.tech/","http://cifra.salelib3.beget.tech/catalog/","http://cifra.salelib3.beget.tech/catalog/mobilnye-stendy/","http://cifra.salelib3.beget.tech/catalog/mobilnye-stendy/kh-banner/","http://cifra.salelib3.beget.tech/catalog/mobilnye-stendy/kh-banner/","3","1","0.0","9.333333333333334","00:26:57"
"http://cifra.salelib3.beget.tech/","http://cifra.salelib3.beget.tech/catalog/","http://cifra.salelib3.beget.tech/catalog/poligrafiya/","http://cifra.salelib3.beget.tech/catalog/poligrafiya/beydzhi/","http://cifra.salelib3.beget.tech/catalog/poligrafiya/beydzhi/","3","1","0.0","3.3333333333333335","00:02:08"
"http://cifra.salelib3.beget.tech/","http://cifra.salelib3.beget.tech/catalog/","http://cifra.salelib3.beget.tech/catalog/poligrafiya/","http://cifra.salelib3.beget.tech/catalog/poligrafiya/beydzhi/","http://cifra.salelib3.beget.tech/catalog/poligrafiya/beydzhi/beydzh-metallicheskiy-40kh70mm/?crm=Y&bridge=Y","3","2","0.0","8.0","00:06:03"
"http://cifra.salelib3.beget.tech/","http://cifra.salelib3.beget.tech/catalog/","http://cifra.salelib3.beget.tech/catalog/poligrafiya/","http://cifra.salelib3.beget.tech/catalog/poligrafiya/beydzhi/","http://cifra.salelib3.beget.tech/catalog/poligrafiya/beydzhi/karman-dlya-beydzha/","3","1","0.0","21.333333333333332","01:01:32"
"http://cifra.salelib3.beget.tech/","http://cifra.salelib3.beget.tech/catalog/","http://cifra.salelib3.beget.tech/catalog/poligrafiya/","http://cifra.salelib3.beget.tech/catalog/poligrafiya/bloknoty/","http://cifra.salelib3.beget.tech/catalog/poligrafiya/bloknoty/pechat-bloknotov-a6-oblozhka-4-0-0-0/?crm=Y&bridge=Y","3","2","0.33333333333333326","1.6666666666666667","00:05:16"
"http://cifra.salelib3.beget.tech/","http://cifra.salelib3.beget.tech/catalog/","http://cifra.salelib3.beget.tech/catalog/poligrafiya/","http://cifra.salelib3.beget.tech/catalog/poligrafiya/listovki-tsifrovaya-pechat/","http://cifra.salelib3.beget.tech/catalog/poligrafiya/listovki-tsifrovaya-pechat/pechat-listovok-a6/","3","1","0.0","2.3333333333333335","00:06:45"
"http://cifra.salelib3.beget.tech/","http://cifra.salelib3.beget.tech/catalog/","http://cifra.salelib3.beget.tech/catalog/poligrafiya/","http://cifra.salelib3.beget.tech/catalog/poligrafiya/pakety/","http://cifra.salelib3.beget.tech/catalog/poligrafiya/pakety/","3","1","0.0","7.333333333333333","00:12:02"
"http://cifra.salelib3.beget.tech/","http://cifra.salelib3.beget.tech/catalog/","http://cifra.salelib3.beget.tech/catalog/poligrafiya/","http://cifra.salelib3.beget.tech/catalog/poligrafiya/plotternaya-rezka/","http://cifra.salelib3.beget.tech/catalog/poligrafiya/plotternaya-rezka/","3","1","0.0","17.0","00:40:55"
"http://cifra.salelib3.beget.tech/","http://cifra.salelib3.beget.tech/catalog/","http://cifra.salelib3.beget.tech/catalog/poligrafiya/","http://cifra.salelib3.beget.tech/catalog/poligrafiya/uf-pechat1/","http://cifra.salelib3.beget.tech/catalog/poligrafiya/uf-pechat1/uf-pechat-do-150sm2/?crm=Y&bridge=Y","3","2","0.0","8.333333333333334","00:37:02"
"http://cifra.salelib3.beget.tech/","http://cifra.salelib3.beget.tech/catalog/","http://cifra.salelib3.beget.tech/catalog/poligrafiya/","http://cifra.salelib3.beget.tech/catalog/poligrafiya/vizitki/","http://cifra.salelib3.beget.tech/catalog/poligrafiya/vizitki/vizitki-na-dizaynerskom-kartone/?crm=Y&bridge=Y","3","2","0.0","5.333333333333333","00:19:09"
"http://cifra.salelib3.beget.tech/","http://cifra.salelib3.beget.tech/catalog/","http://cifra.salelib3.beget.tech/catalog/shirokoformatnaya-pechat/","http://cifra.salelib3.beget.tech/catalog/shirokoformatnaya-pechat/pechat-na-bannere-shirinoy-do-1-6m/","http://cifra.salelib3.beget.tech/catalog/shirokoformatnaya-pechat/pechat-na-bannere-shirinoy-do-1-6m/","3","2","0.33333333333333326","12.0","00:35:27"
"http://cifra.salelib3.beget.tech/","http://cifra.salelib3.beget.tech/catalog/","http://cifra.salelib3.beget.tech/catalog/suvenirnaya-produktsiya/","http://cifra.salelib3.beget.tech/catalog/suvenirnaya-produktsiya/breloki/","http://cifra.salelib3.beget.tech/catalog/suvenirnaya-produktsiya/breloki/","3","2","0.33333333333333326","1.6666666666666667","00:00:13"
"http://cifra.salelib3.beget.tech/","http://cifra.salelib3.beget.tech/catalog/","http://cifra.salelib3.beget.tech/catalog/suvenirnaya-produktsiya/","http://cifra.salelib3.beget.tech/catalog/suvenirnaya-produktsiya/pechat-na-kruzhkakh/","http://cifra.salelib3.beget.tech/catalog/suvenirnaya-produktsiya/pechat-na-kruzhkakh/butylka-dlya-vody-sportes-700ml/","3","3","0.0","4.666666666666667","00:17:44"
"http://cifra.salelib3.beget.tech/","http://cifra.salelib3.beget.tech/catalog/","http://cifra.salelib3.beget.tech/catalog/suvenirnaya-produktsiya/","http://cifra.salelib3.beget.tech/catalog/suvenirnaya-produktsiya/pechat-na-ruchkakh/","http://cifra.salelib3.beget.tech/catalog/suvenirnaya-produktsiya/pechat-na-ruchkakh/ruchka-metallicheskaya-s-pokrytiem-soft-tach-title-rebecca/?crm=Y&bridge=Y","3","3","0.33333333333333326","8.0","00:14:45"
"http://cifra.salelib3.beget.tech/","http://cifra.salelib3.beget.tech/catalog/","http://cifra.salelib3.beget.tech/catalog/suvenirnaya-produktsiya/","http://cifra.salelib3.beget.tech/catalog/suvenirnaya-produktsiya/pechat-na-ruchkakh/","http://cifra.salelib3.beget.tech/catalog/suvenirnaya-produktsiya/pechat-na-ruchkakh/ruchka-sharikovaya-title-p-promo/","3","2","0.0","5.0","00:14:23"
"http://cifra.salelib3.beget.tech/","http://cifra.salelib3.beget.tech/catalog/","http://cifra.salelib3.beget.tech/catalog/suvenirnaya-produktsiya/","http://cifra.salelib3.beget.tech/catalog/suvenirnaya-produktsiya/shokolad/","http://cifra.salelib3.beget.tech/catalog/suvenirnaya-produktsiya/shokolad/","3","2","0.0","14.666666666666666","00:53:19"
"http://cifra.salelib3.beget.tech/","http://cifra.salelib3.beget.tech/catalog/","http://cifra.salelib3.beget.tech/catalog/suvenirnaya-produktsiya/","http://cifra.salelib3.beget.tech/catalog/suvenirnaya-produktsiya/shokolad/","http://cifra.salelib3.beget.tech/catalog/suvenirnaya-produktsiya/shokolad/shokolad-s-logotipom/?crm=Y&bridge=Y","3","2","0.33333333333333326","1.3333333333333333","00:00:41"
"http://cifra.salelib3.beget.tech/","http://cifra.salelib3.beget.tech/catalog/","http://cifra.salelib3.beget.tech/catalog/suvenirnaya-produktsiya/","http://cifra.salelib3.beget.tech/catalog/suvenirnaya-produktsiya/znachki-zakatnye9558/","http://cifra.salelib3.beget.tech/catalog/suvenirnaya-produktsiya/znachki-zakatnye9558/","3","1","0.0","3.6666666666666665","00:02:58"
"http://cifra.salelib3.beget.tech/","http://cifra.salelib3.beget.tech/catalog/","http://cifra.salelib3.beget.tech/catalog/suvenirnaya-produktsiya/","http://cifra.salelib3.beget.tech/catalog/suvenirnaya-produktsiya/znachki-zakatnye9558/","http://cifra.salelib3.beget.tech/catalog/suvenirnaya-produktsiya/znachki-zakatnye9558/zakatnye-znachki-matovye/?crm=Y&bridge=Y","3","3","0.0","6.0","00:45:28"
"http://цифра18.рф/","http://цифра18.рф/cookie-consent/","Не определено","Не определено","http://цифра18.рф/cookie-consent/","3","3","1.0","1.0","00:00:00"
"http://цифра18.рф/","http://цифра18.рф/privacy-policy/","Не определено","Не определено","http://цифра18.рф/privacy-policy/","3","3","1.0","1.0","00:00:00"
"http://цифра18.рф/","http://цифра18.рф/sogl/","Не определено","Не определено","http://цифра18.рф/sogl/","3","3","1.0","1.0","00:00:00"
"https://цифра18.рф/","https://цифра18.рф/?back_url_admin=%2Fbitrix%2Fadmin%2Fiblock_element_admin.php%3FIBLOCK_ID%3D8%26type%3Dcatalog%26lang%3Dru%26find_section_section%3D9","Не определено","Не определено","https://цифра18.рф/?back_url_admin=%2Fbitrix%2Fadmin%2Fiblock_element_admin.php%3FIBLOCK_ID%3D8%26type%3Dcatalog%26lang%3Dru%26find_section_section%3D9","3","1","0.0","5.666666666666667","00:02:13"
"https://цифра18.рф/","https://цифра18.рф/catalog/","https://цифра18.рф/catalog/interer/","https://цифра18.рф/catalog/interer/kartiny-na-kholste6473/","https://цифра18.рф/catalog/interer/kartiny-na-kholste6473/","3","3","0.6666666666666665","1.3333333333333333","00:00:23"
"https://цифра18.рф/","https://цифра18.рф/catalog/","https://цифра18.рф/catalog/inzhenernaya-pechat/","https://цифра18.рф/catalog/inzhenernaya-pechat/faltsovka/","https://цифра18.рф/catalog/inzhenernaya-pechat/faltsovka/faltsovka-do-a3/","3","3","0.6666666666666665","1.0","00:00:05"
"https://цифра18.рф/","https://цифра18.рф/catalog/","https://цифра18.рф/catalog/mobilnye-stendy/","https://цифра18.рф/catalog/mobilnye-stendy/kh-banner/","https://цифра18.рф/catalog/mobilnye-stendy/kh-banner/","3","3","0.0","9.666666666666666","00:50:01"
"https://цифра18.рф/","https://цифра18.рф/catalog/","https://цифра18.рф/catalog/mobilnye-stendy/","https://цифра18.рф/catalog/mobilnye-stendy/roll-up-1x2-m/","https://цифра18.рф/catalog/mobilnye-stendy/roll-up-1x2-m/","3","3","0.33333333333333326","2.0","00:05:33"
"https://цифра18.рф/","https://цифра18.рф/catalog/","https://цифра18.рф/catalog/mobilnye-stendy/","https://цифра18.рф/catalog/mobilnye-stendy/shtender/","https://цифра18.рф/catalog/mobilnye-stendy/shtender/","3","3","0.6666666666666665","1.0","00:00:05"
"https://цифра18.рф/","https://цифра18.рф/catalog/","https://цифра18.рф/catalog/poligrafiya/","https://цифра18.рф/catalog/poligrafiya/beydzhi/","https://цифра18.рф/catalog/poligrafiya/beydzhi/lenta-landyard-dlya-beydzha-s-logotipom-brendirovannaya/","3","3","0.0","3.0","00:02:16"
"https://цифра18.рф/","https://цифра18.рф/catalog/","https://цифра18.рф/catalog/poligrafiya/","https://цифра18.рф/catalog/poligrafiya/birki/","https://цифра18.рф/catalog/poligrafiya/birki/","3","3","0.0","10.333333333333334","00:27:22"
"https://цифра18.рф/","https://цифра18.рф/catalog/","https://цифра18.рф/catalog/poligrafiya/","https://цифра18.рф/catalog/poligrafiya/konverty-/","https://цифра18.рф/catalog/poligrafiya/konverty-/konverty-chernye-/","3","2","0.0","4.333333333333333","00:10:05"
"https://цифра18.рф/","https://цифра18.рф/catalog/","https://цифра18.рф/catalog/poligrafiya/","https://цифра18.рф/catalog/poligrafiya/listovki-ofsetnaya-pechat/","https://цифра18.рф/catalog/poligrafiya/listovki-ofsetnaya-pechat/pechat-listovok-a6-ofsetnaya-pechat/","3","3","0.33333333333333326","1.3333333333333333","00:00:58"
"https://цифра18.рф/","https://цифра18.рф/catalog/","https://цифра18.рф/catalog/poligrafiya/","https://цифра18.рф/catalog/poligrafiya/otkrytki-sertifikaty/","https://цифра18.рф/catalog/poligrafiya/otkrytki-sertifikaty/","3","2","0.0","3.3333333333333335","00:01:14"
"https://цифра18.рф/","https://цифра18.рф/catalog/","https://цифра18.рф/catalog/poligrafiya/","https://цифра18.рф/catalog/poligrafiya/pakety/","https://цифра18.рф/catalog/poligrafiya/pakety/kraft-pakety-s-kruchennymi-ruchkami/","3","3","0.0","15.0","00:59:52"
"https://цифра18.рф/","https://цифра18.рф/catalog/","https://цифра18.рф/catalog/poligrafiya/","https://цифра18.рф/catalog/poligrafiya/pechat-na-samokleyashchikhsya-materialakh/","https://цифра18.рф/catalog/poligrafiya/pechat-na-samokleyashchikhsya-materialakh/figurnye-nakleyki-na-samokleyushcheysya-bumage/?crm=Y&bridge=Y","3","2","0.6666666666666665","2.6666666666666665","00:05:53"
"https://цифра18.рф/","https://цифра18.рф/catalog/","https://цифра18.рф/catalog/poligrafiya/","https://цифра18.рф/catalog/poligrafiya/rizografiya/","https://цифра18.рф/catalog/poligrafiya/rizografiya/rizografiya-a4/","3","3","0.0","1.3333333333333333","00:00:35"
"https://цифра18.рф/","https://цифра18.рф/catalog/","https://цифра18.рф/catalog/poligrafiya/","https://цифра18.рф/catalog/poligrafiya/uf-pechat1/","https://цифра18.рф/catalog/poligrafiya/uf-pechat1/uf-pechat-do-600-kh900mm/?crm=Y&bridge=Y","3","3","0.6666666666666665","1.3333333333333333","00:00:35"
"https://цифра18.рф/","https://цифра18.рф/catalog/","https://цифра18.рф/catalog/poligrafiya/","https://цифра18.рф/catalog/poligrafiya/vizitki/","https://цифра18.рф/catalog/poligrafiya/vizitki/derevyannye-vizitki-/","3","3","0.0","14.666666666666666","00:20:49"
"https://цифра18.рф/","https://цифра18.рф/catalog/","https://цифра18.рф/catalog/poligrafiya/","https://цифра18.рф/catalog/poligrafiya/vizitki/","https://цифра18.рф/catalog/poligrafiya/vizitki/vizitki-premium-klassa/","3","3","0.6666666666666665","1.0","00:00:05"
"https://цифра18.рф/","https://цифра18.рф/catalog/","https://цифра18.рф/catalog/poligrafiya/","https://цифра18.рф/catalog/poligrafiya/vizitki/","https://цифра18.рф/catalog/poligrafiya/vizitki/vizitki-s-laminatsiey-soft-tach/","3","3","0.33333333333333326","3.0","00:10:41"
"https://цифра18.рф/","https://цифра18.рф/catalog/","https://цифра18.рф/catalog/reklama/","https://цифра18.рф/catalog/reklama/shirokoformatnaya-pechat/","https://цифра18.рф/catalog/reklama/shirokoformatnaya-pechat/","3","3","0.0","1.3333333333333333","00:00:37"
"https://цифра18.рф/","https://цифра18.рф/catalog/","https://цифра18.рф/catalog/shirokoformatnaya-pechat/","https://цифра18.рф/catalog/shirokoformatnaya-pechat/pechat-na-plenke-grey-back/","https://цифра18.рф/catalog/shirokoformatnaya-pechat/pechat-na-plenke-grey-back/","3","2","0.0","1.0","00:00:18"
"https://цифра18.рф/","https://цифра18.рф/catalog/","https://цифра18.рф/catalog/stendy/","https://цифра18.рф/catalog/stendy/izdeliya-iz-orgstekla/","https://цифра18.рф/catalog/stendy/izdeliya-iz-orgstekla/","3","3","0.0","3.3333333333333335","00:03:55"
"https://цифра18.рф/","https://цифра18.рф/catalog/","https://цифра18.рф/catalog/suvenirnaya-produktsiya/","https://цифра18.рф/catalog/suvenirnaya-produktsiya/breloki/","https://цифра18.рф/catalog/suvenirnaya-produktsiya/breloki/breloki-akrilovye/","3","3","0.0","1.3333333333333333","00:00:35"
"https://цифра18.рф/","https://цифра18.рф/catalog/","https://цифра18.рф/catalog/suvenirnaya-produktsiya/","https://цифра18.рф/catalog/suvenirnaya-produktsiya/brendirovanie-odezhdy/","https://цифра18.рф/catalog/suvenirnaya-produktsiya/brendirovanie-odezhdy/futbolka-uniseks-chernaya-tsvetnaya/","3","3","0.33333333333333326","2.0","00:00:17"
"https://цифра18.рф/","https://цифра18.рф/catalog/","https://цифра18.рф/catalog/suvenirnaya-produktsiya/","https://цифра18.рф/catalog/suvenirnaya-produktsiya/ezhednevniki1738/","https://цифра18.рф/catalog/suvenirnaya-produktsiya/ezhednevniki1738/uf-pechat-nanesenie-do-50-kv-sm-/","3","3","0.6666666666666665","2.6666666666666665","00:02:05"
"https://цифра18.рф/","https://цифра18.рф/catalog/","https://цифра18.рф/catalog/suvenirnaya-produktsiya/","https://цифра18.рф/catalog/suvenirnaya-produktsiya/lazernaya-gravirovka-markirovka/","https://цифра18.рф/catalog/suvenirnaya-produktsiya/lazernaya-gravirovka-markirovka/","3","1","0.0","15.666666666666666","01:07:23"
"https://цифра18.рф/","https://цифра18.рф/catalog/","https://цифра18.рф/catalog/suvenirnaya-produktsiya/","https://цифра18.рф/catalog/suvenirnaya-produktsiya/lazernaya-gravirovka-markirovka/","https://цифра18.рф/catalog/suvenirnaya-produktsiya/lazernaya-gravirovka-markirovka/gravirovka-na-dereve/","3","3","0.33333333333333326","2.6666666666666665","00:03:33"
"https://цифра18.рф/","https://цифра18.рф/catalog/","https://цифра18.рф/catalog/suvenirnaya-produktsiya/","https://цифра18.рф/catalog/suvenirnaya-produktsiya/lazernaya-gravirovka-markirovka/","https://цифра18.рф/catalog/suvenirnaya-produktsiya/lazernaya-gravirovka-markirovka/lazernaya-gravirovka/?clear_cache=Y","3","3","0.6666666666666665","3.0","00:09:23"
"https://цифра18.рф/","https://цифра18.рф/catalog/","https://цифра18.рф/catalog/suvenirnaya-produktsiya/","https://цифра18.рф/catalog/suvenirnaya-produktsiya/magnity-vinilovye/","https://цифра18.рф/catalog/suvenirnaya-produktsiya/magnity-vinilovye/vinilovye-magnity-5kh7sm/?cfg_product_row_id=0&cfg_row_uid=cfg_1784169264193_d1ce9463f47908&qnt=3530&file_maket=i.jpeg","3","1","0.0","1.0","00:01:56"
"https://цифра18.рф/","https://цифра18.рф/catalog/","https://цифра18.рф/catalog/suvenirnaya-produktsiya/","https://цифра18.рф/catalog/suvenirnaya-produktsiya/pechat-na-kruzhkakh/","https://цифра18.рф/catalog/suvenirnaya-produktsiya/pechat-na-kruzhkakh/butylka-dlya-vody-jogger-600ml/","3","3","0.33333333333333326","1.6666666666666667","00:02:28"
"https://цифра18.рф/","https://цифра18.рф/catalog/","https://цифра18.рф/catalog/suvenirnaya-produktsiya/","https://цифра18.рф/catalog/suvenirnaya-produktsiya/pechat-na-kruzhkakh/","https://цифра18.рф/catalog/suvenirnaya-produktsiya/pechat-na-kruzhkakh/termos-picnic-soft-tach-500ml/","3","3","0.33333333333333326","1.3333333333333333","00:00:15"
"https://цифра18.рф/","https://цифра18.рф/catalog/","https://цифра18.рф/catalog/suvenirnaya-produktsiya/","https://цифра18.рф/catalog/suvenirnaya-produktsiya/pechat-na-kruzhkakh/","https://цифра18.рф/catalog/suvenirnaya-produktsiya/pechat-na-kruzhkakh/tsvetnaya-kruzhka-matovaya-330ml/","3","3","0.33333333333333326","5.0","00:01:21"
"https://цифра18.рф/","https://цифра18.рф/catalog/","https://цифра18.рф/catalog/suvenirnaya-produktsiya/","https://цифра18.рф/catalog/suvenirnaya-produktsiya/pechat-na-usb-ustroystvakh/","https://цифра18.рф/catalog/suvenirnaya-produktsiya/pechat-na-usb-ustroystvakh/","3","3","0.6666666666666665","1.0","00:00:07"
"https://цифра18.рф/","https://цифра18.рф/catalog/","https://цифра18.рф/catalog/suvenirnaya-produktsiya/","https://цифра18.рф/catalog/suvenirnaya-produktsiya/ryukzaki-i-sumki/","https://цифра18.рф/catalog/suvenirnaya-produktsiya/ryukzaki-i-sumki/sumka-shopper-chernyy/","3","2","0.33333333333333326","9.0","00:04:02"
"https://цифра18.рф/","https://цифра18.рф/catalog/","https://цифра18.рф/catalog/suvenirnaya-produktsiya/","https://цифра18.рф/catalog/suvenirnaya-produktsiya/suvenirnye-chasy-na-zakaz/","https://цифра18.рф/catalog/suvenirnaya-produktsiya/suvenirnye-chasy-na-zakaz/","3","3","0.6666666666666665","1.0","00:00:05"
"https://цифра18.рф/","https://цифра18.рф/news/","https://цифра18.рф/news/izgotovlenie-tablichek-iz-plastika-orgstekla-pvkh-metalla/","Не определено","https://цифра18.рф/news/izgotovlenie-tablichek-iz-plastika-orgstekla-pvkh-metalla/","3","3","0.0","2.3333333333333335","00:02:13"
"https://цифра18.рф/","https://цифра18.рф/news/","https://цифра18.рф/news/plotternaya-rezka-listami-sra3-tekhnicheskie-trebovaniya/","Не определено","https://цифра18.рф/news/plotternaya-rezka-listami-sra3-tekhnicheskie-trebovaniya/","3","3","0.0","1.3333333333333333","00:00:11"
"https://цифра18.рф/","https://цифра18.рф/portfolio/","https://цифра18.рф/portfolio/#0","Не определено","https://цифра18.рф/portfolio/#0","3","2","0.0","2.3333333333333335","00:01:13"
"https://цифра18.рф/","https://цифра18.рф/search/","https://цифра18.рф/search/?q=флаг","Не определено","https://цифра18.рф/search/?q=флаг","3","1","0.33333333333333326","1.0","00:00:10"
"http://cifra.salelib3.beget.tech/","http://cifra.salelib3.beget.tech/?back_url_admin=%2Fbitrix%2Fadmin%2Ffileman_admin.php%3Fpath%3D%2F%26lang%3Dru%26site%3Ds1","Не определено","Не определено","http://cifra.salelib3.beget.tech/?back_url_admin=%2Fbitrix%2Fadmin%2Ffileman_admin.php%3Fpath%3D%2F%26lang%3Dru%26site%3Ds1","2","1","0.0","2.0","00:00:35"
"http://cifra.salelib3.beget.tech/","http://cifra.salelib3.beget.tech/catalog/","http://cifra.salelib3.beget.tech/catalog/interer/","Не определено","http://cifra.salelib3.beget.tech/catalog/interer/","2","1","0.0","9.5","00:47:39"
"http://cifra.salelib3.beget.tech/","http://cifra.salelib3.beget.tech/catalog/","http://cifra.salelib3.beget.tech/catalog/interer/","http://cifra.salelib3.beget.tech/catalog/interer/fotooboi/","http://cifra.salelib3.beget.tech/catalog/interer/fotooboi/","2","2","0.0","5.0","00:19:47"
"http://cifra.salelib3.beget.tech/","http://cifra.salelib3.beget.tech/catalog/","http://cifra.salelib3.beget.tech/catalog/interer/","http://cifra.salelib3.beget.tech/catalog/interer/fotooboi/","http://cifra.salelib3.beget.tech/catalog/interer/fotooboi/?crm=Y&bridge=Y","2","1","0.0","5.0","00:42:00"
"http://cifra.salelib3.beget.tech/","http://cifra.salelib3.beget.tech/catalog/","http://cifra.salelib3.beget.tech/catalog/interer/","http://cifra.salelib3.beget.tech/catalog/interer/kartiny-na-kholste/","http://cifra.salelib3.beget.tech/catalog/interer/kartiny-na-kholste/?crm=Y&bridge=Y","2","2","0.0","11.5","00:10:07"
"http://cifra.salelib3.beget.tech/","http://cifra.salelib3.beget.tech/catalog/","http://cifra.salelib3.beget.tech/catalog/inzhenernaya-pechat/","http://cifra.salelib3.beget.tech/catalog/inzhenernaya-pechat/kserokopiya/","http://cifra.salelib3.beget.tech/catalog/inzhenernaya-pechat/kserokopiya/","2","2","0.5","16.5","00:52:15"
"http://cifra.salelib3.beget.tech/","http://cifra.salelib3.beget.tech/catalog/","http://cifra.salelib3.beget.tech/catalog/inzhenernaya-pechat/","http://cifra.salelib3.beget.tech/catalog/inzhenernaya-pechat/skanirovanie/","http://cifra.salelib3.beget.tech/catalog/inzhenernaya-pechat/skanirovanie/ckanirovanie/?crm=Y&bridge=Y","2","2","0.0","8.0","00:02:00"
"http://cifra.salelib3.beget.tech/","http://cifra.salelib3.beget.tech/catalog/","http://cifra.salelib3.beget.tech/catalog/mobilnye-stendy/","http://cifra.salelib3.beget.tech/catalog/mobilnye-stendy/kh-banner/","http://cifra.salelib3.beget.tech/catalog/mobilnye-stendy/kh-banner/?crm=Y&bridge=Y","2","1","0.5","6.0","00:05:12"
"http://cifra.salelib3.beget.tech/","http://cifra.salelib3.beget.tech/catalog/","http://cifra.salelib3.beget.tech/catalog/mobilnye-stendy/","http://cifra.salelib3.beget.tech/catalog/mobilnye-stendy/l-banner/","http://cifra.salelib3.beget.tech/catalog/mobilnye-stendy/l-banner/","2","2","0.5","2.5","00:00:09"
"http://cifra.salelib3.beget.tech/","http://cifra.salelib3.beget.tech/catalog/","http://cifra.salelib3.beget.tech/catalog/poligrafiya/","Не определено","http://cifra.salelib3.beget.tech/catalog/poligrafiya/","2","2","0.0","9.0","00:29:12"
"http://cifra.salelib3.beget.tech/","http://cifra.salelib3.beget.tech/catalog/","http://cifra.salelib3.beget.tech/catalog/poligrafiya/","http://cifra.salelib3.beget.tech/catalog/poligrafiya/beydzhi/","http://cifra.salelib3.beget.tech/catalog/poligrafiya/beydzhi/beydzh-iz-orgstekla-30kh70mm/","2","1","0.0","2.5","00:24:26"
"http://cifra.salelib3.beget.tech/","http://cifra.salelib3.beget.tech/catalog/","http://cifra.salelib3.beget.tech/catalog/poligrafiya/","http://cifra.salelib3.beget.tech/catalog/poligrafiya/beydzhi/","http://cifra.salelib3.beget.tech/catalog/poligrafiya/beydzhi/beydzh-metallicheskiy-51kh76mm/?crm=Y&bridge=Y","2","2","0.0","5.5","00:08:13"
"http://cifra.salelib3.beget.tech/","http://cifra.salelib3.beget.tech/catalog/","http://cifra.salelib3.beget.tech/catalog/poligrafiya/","http://cifra.salelib3.beget.tech/catalog/poligrafiya/birki/","http://cifra.salelib3.beget.tech/catalog/poligrafiya/birki/birki-ofsetnaya-pechat/?crm=Y&bridge=Y","2","2","0.0","13.0","00:29:56"
"http://cifra.salelib3.beget.tech/","http://cifra.salelib3.beget.tech/catalog/","http://cifra.salelib3.beget.tech/catalog/poligrafiya/","http://cifra.salelib3.beget.tech/catalog/poligrafiya/bloknoty/","http://cifra.salelib3.beget.tech/catalog/poligrafiya/bloknoty/pechat-bloknotov-a5-oblozhka-4-0-0-0/","2","1","0.0","13.5","00:39:52"
"http://cifra.salelib3.beget.tech/","http://cifra.salelib3.beget.tech/catalog/","http://cifra.salelib3.beget.tech/catalog/poligrafiya/","http://cifra.salelib3.beget.tech/catalog/poligrafiya/bloknoty/","http://cifra.salelib3.beget.tech/catalog/poligrafiya/bloknoty/pechat-bloknotov-a6-oblozhka-4-0-4-0/?crm=Y&bridge=Y","2","2","0.0","6.5","00:06:58"
"http://cifra.salelib3.beget.tech/","http://cifra.salelib3.beget.tech/catalog/","http://cifra.salelib3.beget.tech/catalog/poligrafiya/","http://cifra.salelib3.beget.tech/catalog/poligrafiya/kalendari/","http://cifra.salelib3.beget.tech/catalog/poligrafiya/kalendari/kvartalnyy-kalendar-premium-prozrachnyy-plastik-s-1-rekl-polem/?crm=Y&bridge=Y","2","2","0.0","7.0","00:14:00"
"http://cifra.salelib3.beget.tech/","http://cifra.salelib3.beget.tech/catalog/","http://cifra.salelib3.beget.tech/catalog/poligrafiya/","http://cifra.salelib3.beget.tech/catalog/poligrafiya/listovki-ofsetnaya-pechat/","http://cifra.salelib3.beget.tech/catalog/poligrafiya/listovki-ofsetnaya-pechat/","2","1","0.0","13.5","00:44:46"
"http://cifra.salelib3.beget.tech/","http://cifra.salelib3.beget.tech/catalog/","http://cifra.salelib3.beget.tech/catalog/poligrafiya/","http://cifra.salelib3.beget.tech/catalog/poligrafiya/listovki-ofsetnaya-pechat/","http://cifra.salelib3.beget.tech/catalog/poligrafiya/listovki-ofsetnaya-pechat/evroflaer-99kh210-mm-ofsetnaya-pechat/?crm=Y&bridge=Y","2","1","0.0","16.5","01:15:13"
"http://cifra.salelib3.beget.tech/","http://cifra.salelib3.beget.tech/catalog/","http://cifra.salelib3.beget.tech/catalog/poligrafiya/","http://cifra.salelib3.beget.tech/catalog/poligrafiya/listovki-ofsetnaya-pechat/","http://cifra.salelib3.beget.tech/catalog/poligrafiya/listovki-ofsetnaya-pechat/pechat-listovok-a7-ofsetnaya-pechat/?crm=Y&bridge=Y","2","2","0.0","2.5","00:18:13"
"http://cifra.salelib3.beget.tech/","http://cifra.salelib3.beget.tech/catalog/","http://cifra.salelib3.beget.tech/catalog/poligrafiya/","http://cifra.salelib3.beget.tech/catalog/poligrafiya/listovki-tsifrovaya-pechat/","http://cifra.salelib3.beget.tech/catalog/poligrafiya/listovki-tsifrovaya-pechat/liflet-a4-2-faltsa/?crm=Y&bridge=Y","2","2","0.0","3.0","00:06:53"
"http://cifra.salelib3.beget.tech/","http://cifra.salelib3.beget.tech/catalog/","http://cifra.salelib3.beget.tech/catalog/poligrafiya/","http://cifra.salelib3.beget.tech/catalog/poligrafiya/otkrytki-sertifikaty/","http://cifra.salelib3.beget.tech/catalog/poligrafiya/otkrytki-sertifikaty/otkrytka-sertifikat-a6-tsifrovaya-pechat/?crm=Y&bridge=Y","2","1","0.0","6.0","00:04:37"
"http://cifra.salelib3.beget.tech/","http://cifra.salelib3.beget.tech/catalog/","http://cifra.salelib3.beget.tech/catalog/poligrafiya/","http://cifra.salelib3.beget.tech/catalog/poligrafiya/pakety/","http://cifra.salelib3.beget.tech/catalog/poligrafiya/pakety/bumazhnyy-paket-prezentatsionnyy-ofsetnaya-pechat/?crm=Y&bridge=Y","2","1","0.0","2.0","00:07:42"
"http://cifra.salelib3.beget.tech/","http://cifra.salelib3.beget.tech/catalog/","http://cifra.salelib3.beget.tech/catalog/poligrafiya/","http://cifra.salelib3.beget.tech/catalog/poligrafiya/pakety/","http://cifra.salelib3.beget.tech/catalog/poligrafiya/pakety/pakety-tsvetnye-pvd/?crm=Y&bridge=Y","2","1","0.5","1.0","00:00:09"
"http://cifra.salelib3.beget.tech/","http://cifra.salelib3.beget.tech/catalog/","http://cifra.salelib3.beget.tech/catalog/poligrafiya/","http://cifra.salelib3.beget.tech/catalog/poligrafiya/papki-/","http://cifra.salelib3.beget.tech/catalog/poligrafiya/papki-/pechat-na-papkakh-ugolkakh-i-faylakh3478/","2","1","0.0","2.0","00:00:21"
"http://cifra.salelib3.beget.tech/","http://cifra.salelib3.beget.tech/catalog/","http://cifra.salelib3.beget.tech/catalog/poligrafiya/","http://cifra.salelib3.beget.tech/catalog/poligrafiya/pechat-na-samokleyashchikhsya-materialakh/","http://cifra.salelib3.beget.tech/catalog/poligrafiya/pechat-na-samokleyashchikhsya-materialakh/figurnye-nakleyki-na-samokleyushcheysya-bumage/","2","1","0.0","4.5","00:14:52"
"http://cifra.salelib3.beget.tech/","http://cifra.salelib3.beget.tech/catalog/","http://cifra.salelib3.beget.tech/catalog/poligrafiya/","http://cifra.salelib3.beget.tech/catalog/poligrafiya/pechat-na-samokleyashchikhsya-materialakh/","http://cifra.salelib3.beget.tech/catalog/poligrafiya/pechat-na-samokleyashchikhsya-materialakh/figurnye-nakleyki-shirokoformatnaya-pechat-na-plenke-ot-1kv-m/","2","1","0.0","18.5","01:12:39"
"http://cifra.salelib3.beget.tech/","http://cifra.salelib3.beget.tech/catalog/","http://cifra.salelib3.beget.tech/catalog/poligrafiya/","http://cifra.salelib3.beget.tech/catalog/poligrafiya/uf-pechat1/","http://cifra.salelib3.beget.tech/catalog/poligrafiya/uf-pechat1/uf-pechat-do-150sm2/","2","1","0.0","15.5","00:52:18"
"http://cifra.salelib3.beget.tech/","http://cifra.salelib3.beget.tech/catalog/","http://cifra.salelib3.beget.tech/catalog/poligrafiya/","http://cifra.salelib3.beget.tech/catalog/poligrafiya/uf-pechat1/","http://cifra.salelib3.beget.tech/catalog/poligrafiya/uf-pechat1/uf-pechat-ot-151-sm2-do-300-kh-420-mm-/?crm=Y&bridge=Y","2","2","0.0","35.0","01:01:02"
"http://cifra.salelib3.beget.tech/","http://cifra.salelib3.beget.tech/catalog/","http://cifra.salelib3.beget.tech/catalog/poligrafiya/","http://cifra.salelib3.beget.tech/catalog/poligrafiya/vizitki/","http://cifra.salelib3.beget.tech/catalog/poligrafiya/vizitki/vizitki-s-laminatsiey-soft-tach/?crm=Y&bridge=Y","2","2","0.5","1.0","00:00:09"
"http://cifra.salelib3.beget.tech/","http://cifra.salelib3.beget.tech/catalog/","http://cifra.salelib3.beget.tech/catalog/shirokoformatnaya-pechat/","http://cifra.salelib3.beget.tech/catalog/shirokoformatnaya-pechat/pechat-na-flazhnoy-tkani/","http://cifra.salelib3.beget.tech/catalog/shirokoformatnaya-pechat/pechat-na-flazhnoy-tkani/","2","2","0.5","4.0","00:01:17"
"http://cifra.salelib3.beget.tech/","http://cifra.salelib3.beget.tech/catalog/","http://cifra.salelib3.beget.tech/catalog/shirokoformatnaya-pechat/","http://cifra.salelib3.beget.tech/catalog/shirokoformatnaya-pechat/pechat-na-plenke-translyutsentnoy-backlit/","http://cifra.salelib3.beget.tech/catalog/shirokoformatnaya-pechat/pechat-na-plenke-translyutsentnoy-backlit/?crm=Y&bridge=Y","2","1","0.5","4.5","00:12:05"
"http://cifra.salelib3.beget.tech/","http://cifra.salelib3.beget.tech/catalog/","http://cifra.salelib3.beget.tech/catalog/stendy/","http://cifra.salelib3.beget.tech/catalog/stendy/tablichki/","http://cifra.salelib3.beget.tech/catalog/stendy/tablichki/","2","1","0.0","11.0","01:00:44"
"http://cifra.salelib3.beget.tech/","http://cifra.salelib3.beget.tech/catalog/","http://cifra.salelib3.beget.tech/catalog/suvenirnaya-produktsiya/","http://cifra.salelib3.beget.tech/catalog/suvenirnaya-produktsiya/braslety-silikonovye/","http://cifra.salelib3.beget.tech/catalog/suvenirnaya-produktsiya/braslety-silikonovye/","2","1","0.0","5.5","00:34:43"
"http://cifra.salelib3.beget.tech/","http://cifra.salelib3.beget.tech/catalog/","http://cifra.salelib3.beget.tech/catalog/suvenirnaya-produktsiya/","http://cifra.salelib3.beget.tech/catalog/suvenirnaya-produktsiya/breloki/","http://cifra.salelib3.beget.tech/catalog/suvenirnaya-produktsiya/breloki/breloki-akrilovye/","2","1","0.0","14.5","00:54:57"
"http://cifra.salelib3.beget.tech/","http://cifra.salelib3.beget.tech/catalog/","http://cifra.salelib3.beget.tech/catalog/suvenirnaya-produktsiya/","http://cifra.salelib3.beget.tech/catalog/suvenirnaya-produktsiya/brendirovanie-odezhdy/","http://cifra.salelib3.beget.tech/catalog/suvenirnaya-produktsiya/brendirovanie-odezhdy/futbolka-belaya-sendvich-revolution-imitatsiya-khlopka/?crm=Y&bridge=Y","2","2","0.0","4.5","00:34:50"
"http://cifra.salelib3.beget.tech/","http://cifra.salelib3.beget.tech/catalog/","http://cifra.salelib3.beget.tech/catalog/suvenirnaya-produktsiya/","http://cifra.salelib3.beget.tech/catalog/suvenirnaya-produktsiya/brendirovanie-odezhdy/","http://cifra.salelib3.beget.tech/catalog/suvenirnaya-produktsiya/brendirovanie-odezhdy/futbolka-uniseks-chernaya-tsvetnaya/?crm=Y&bridge=Y","2","2","0.0","2.0","00:00:24"
"http://cifra.salelib3.beget.tech/","http://cifra.salelib3.beget.tech/catalog/","http://cifra.salelib3.beget.tech/catalog/suvenirnaya-produktsiya/","http://cifra.salelib3.beget.tech/catalog/suvenirnaya-produktsiya/brendirovanie-odezhdy/","http://cifra.salelib3.beget.tech/catalog/suvenirnaya-produktsiya/brendirovanie-odezhdy/korobka-dlya-futbolki/?crm=Y&bridge=Y","2","2","1.0","1.0","00:00:00"
"http://cifra.salelib3.beget.tech/","http://cifra.salelib3.beget.tech/catalog/","http://cifra.salelib3.beget.tech/catalog/suvenirnaya-produktsiya/","http://cifra.salelib3.beget.tech/catalog/suvenirnaya-produktsiya/chekhly-dlya-ruchek/","http://cifra.salelib3.beget.tech/catalog/suvenirnaya-produktsiya/chekhly-dlya-ruchek/","2","2","0.0","5.5","00:09:40"
"http://cifra.salelib3.beget.tech/","http://cifra.salelib3.beget.tech/catalog/","http://cifra.salelib3.beget.tech/catalog/suvenirnaya-produktsiya/","http://cifra.salelib3.beget.tech/catalog/suvenirnaya-produktsiya/lazernaya-gravirovka-markirovka/","http://cifra.salelib3.beget.tech/catalog/suvenirnaya-produktsiya/lazernaya-gravirovka-markirovka/lazernaya-gravirovka/?crm=Y&bridge=Y","2","2","0.5","4.0","00:00:23"
"http://cifra.salelib3.beget.tech/","http://cifra.salelib3.beget.tech/catalog/","http://cifra.salelib3.beget.tech/catalog/suvenirnaya-produktsiya/","http://cifra.salelib3.beget.tech/catalog/suvenirnaya-produktsiya/pechat-na-kruzhkakh/","http://cifra.salelib3.beget.tech/catalog/suvenirnaya-produktsiya/pechat-na-kruzhkakh/belaya-kruzhka-330ml/?crm=Y&bridge=Y","2","1","0.0","4.5","00:13:25"
"http://cifra.salelib3.beget.tech/","http://cifra.salelib3.beget.tech/catalog/","http://cifra.salelib3.beget.tech/catalog/suvenirnaya-produktsiya/","http://cifra.salelib3.beget.tech/catalog/suvenirnaya-produktsiya/pechat-na-kruzhkakh/","http://cifra.salelib3.beget.tech/catalog/suvenirnaya-produktsiya/pechat-na-kruzhkakh/belaya-kruzhka-tsvetnaya-ruchka-dno-330ml/?crm=Y&bridge=Y","2","2","0.0","12.0","00:30:47"
"http://cifra.salelib3.beget.tech/","http://cifra.salelib3.beget.tech/catalog/","http://cifra.salelib3.beget.tech/catalog/suvenirnaya-produktsiya/","http://cifra.salelib3.beget.tech/catalog/suvenirnaya-produktsiya/pechat-na-kruzhkakh/","http://cifra.salelib3.beget.tech/catalog/suvenirnaya-produktsiya/pechat-na-kruzhkakh/butylka-dlya-vody-jogger-600ml/?crm=Y&bridge=Y","2","2","0.5","6.0","00:07:48"
"http://cifra.salelib3.beget.tech/","http://cifra.salelib3.beget.tech/catalog/","http://cifra.salelib3.beget.tech/catalog/suvenirnaya-produktsiya/","http://cifra.salelib3.beget.tech/catalog/suvenirnaya-produktsiya/pechat-na-ruchkakh/","http://cifra.salelib3.beget.tech/catalog/suvenirnaya-produktsiya/pechat-na-ruchkakh/ruchka-metallicheskaya-sharm/","2","2","0.0","1.5","00:00:17"
"http://cifra.salelib3.beget.tech/","http://cifra.salelib3.beget.tech/catalog/","http://cifra.salelib3.beget.tech/catalog/suvenirnaya-produktsiya/","http://cifra.salelib3.beget.tech/catalog/suvenirnaya-produktsiya/pechat-na-ruchkakh/","http://cifra.salelib3.beget.tech/catalog/suvenirnaya-produktsiya/pechat-na-ruchkakh/ruchka-sharikovaya-soft-touch-title-l/","2","2","0.0","4.0","00:11:03"
"http://cifra.salelib3.beget.tech/","http://cifra.salelib3.beget.tech/catalog/","http://cifra.salelib3.beget.tech/catalog/suvenirnaya-produktsiya/","http://cifra.salelib3.beget.tech/catalog/suvenirnaya-produktsiya/pechat-na-ruchkakh/","http://cifra.salelib3.beget.tech/catalog/suvenirnaya-produktsiya/pechat-na-ruchkakh/ruchka-sharikovaya-title-ch/","2","1","0.0","2.5","00:00:39"
"http://cifra.salelib3.beget.tech/","http://cifra.salelib3.beget.tech/catalog/","http://cifra.salelib3.beget.tech/catalog/suvenirnaya-produktsiya/","http://cifra.salelib3.beget.tech/catalog/suvenirnaya-produktsiya/pechat-na-ruchkakh/","http://cifra.salelib3.beget.tech/catalog/suvenirnaya-produktsiya/pechat-na-ruchkakh/ruchka-sharikovaya-title-f/","2","2","0.0","8.5","00:10:47"
"http://cifra.salelib3.beget.tech/","http://cifra.salelib3.beget.tech/catalog/","http://cifra.salelib3.beget.tech/catalog/suvenirnaya-produktsiya/","http://cifra.salelib3.beget.tech/catalog/suvenirnaya-produktsiya/pechat-na-ruchkakh/","http://cifra.salelib3.beget.tech/catalog/suvenirnaya-produktsiya/pechat-na-ruchkakh/ruchka-sharikovaya-title-ts/","2","2","0.0","4.5","00:23:08"
"http://cifra.salelib3.beget.tech/","http://cifra.salelib3.beget.tech/catalog/","http://cifra.salelib3.beget.tech/catalog/suvenirnaya-produktsiya/","http://cifra.salelib3.beget.tech/catalog/suvenirnaya-produktsiya/ryukzaki-i-sumki/","http://cifra.salelib3.beget.tech/catalog/suvenirnaya-produktsiya/ryukzaki-i-sumki/","2","2","0.0","7.5","00:10:30"
"http://cifra.salelib3.beget.tech/","http://cifra.salelib3.beget.tech/catalog/","http://cifra.salelib3.beget.tech/catalog/suvenirnaya-produktsiya/","http://cifra.salelib3.beget.tech/catalog/suvenirnaya-produktsiya/ryukzaki-i-sumki/","http://cifra.salelib3.beget.tech/catalog/suvenirnaya-produktsiya/ryukzaki-i-sumki/sumka-shopper-belyy/?crm=Y&bridge=Y","2","2","0.0","1.5","00:00:22"
"http://cifra.salelib3.beget.tech/","http://cifra.salelib3.beget.tech/catalog/","http://cifra.salelib3.beget.tech/catalog/suvenirnaya-produktsiya/","http://cifra.salelib3.beget.tech/catalog/suvenirnaya-produktsiya/shokolad/","http://cifra.salelib3.beget.tech/catalog/suvenirnaya-produktsiya/shokolad/otkrytka-a6-a5-v-razvorote-s-shokoladom/","2","2","0.5","6.0","00:03:14"
"http://cifra.salelib3.beget.tech/","http://cifra.salelib3.beget.tech/catalog/","http://cifra.salelib3.beget.tech/catalog/suvenirnaya-produktsiya/","http://cifra.salelib3.beget.tech/catalog/suvenirnaya-produktsiya/tablichka-dlya-oplaty-s-qr-kodom/","http://cifra.salelib3.beget.tech/catalog/suvenirnaya-produktsiya/tablichka-dlya-oplaty-s-qr-kodom/tablichka-dlya-oplaty-s-qr-kodom-bez-podstavki/","2","2","0.0","4.5","00:24:34"
"http://цифра18.рф/","http://цифра18.рф/about/","Не определено","Не определено","http://цифра18.рф/about/","2","2","1.0","1.0","00:00:00"
"https://цифра18.рф/","https://цифра18.рф/catalog/","https://цифра18.рф/catalog/interer/","https://цифра18.рф/catalog/interer/fotopostery-na-penokartone/","https://цифра18.рф/catalog/interer/fotopostery-na-penokartone/?crm=Y&bridge=Y","2","2","0.0","9.0","00:30:02"
"https://цифра18.рф/","https://цифра18.рф/catalog/","https://цифра18.рф/catalog/inzhenernaya-pechat/","https://цифра18.рф/catalog/inzhenernaya-pechat/ckanirovanie/","https://цифра18.рф/catalog/inzhenernaya-pechat/ckanirovanie/","2","1","0.0","6.5","00:03:58"
"https://цифра18.рф/","https://цифра18.рф/catalog/","https://цифра18.рф/catalog/inzhenernaya-pechat/","https://цифра18.рф/catalog/inzhenernaya-pechat/ckanirovanie3229/","https://цифра18.рф/catalog/inzhenernaya-pechat/ckanirovanie3229/","2","2","0.5","1.0","00:00:07"
"https://цифра18.рф/","https://цифра18.рф/catalog/","https://цифра18.рф/catalog/inzhenernaya-pechat/","https://цифра18.рф/catalog/inzhenernaya-pechat/faltsovka-do-a3/","https://цифра18.рф/catalog/inzhenernaya-pechat/faltsovka-do-a3/","2","2","0.5","3.0","00:00:25"
"https://цифра18.рф/","https://цифра18.рф/catalog/","https://цифра18.рф/catalog/inzhenernaya-pechat/","https://цифра18.рф/catalog/inzhenernaya-pechat/faltsovka-do-a4/","https://цифра18.рф/catalog/inzhenernaya-pechat/faltsovka-do-a4/","2","1","0.0","3.0","00:00:33"
"https://цифра18.рф/","https://цифра18.рф/catalog/","https://цифра18.рф/catalog/inzhenernaya-pechat/","https://цифра18.рф/catalog/inzhenernaya-pechat/faltsovka/","https://цифра18.рф/catalog/inzhenernaya-pechat/faltsovka/","2","2","0.5","2.0","00:15:17"
"https://цифра18.рф/","https://цифра18.рф/catalog/","https://цифра18.рф/catalog/inzhenernaya-pechat/","https://цифра18.рф/catalog/inzhenernaya-pechat/kserokopiya/","https://цифра18.рф/catalog/inzhenernaya-pechat/kserokopiya/","2","2","0.5","2.0","00:00:18"
"https://цифра18.рф/","https://цифра18.рф/catalog/","https://цифра18.рф/catalog/inzhenernaya-pechat/","https://цифра18.рф/catalog/inzhenernaya-pechat/kserokopiya/","https://цифра18.рф/catalog/inzhenernaya-pechat/kserokopiya/kserokopiya-a2-a0/","2","2","0.0","1.0","00:00:19"
"https://цифра18.рф/","https://цифра18.рф/catalog/","https://цифра18.рф/catalog/inzhenernaya-pechat/","https://цифра18.рф/catalog/inzhenernaya-pechat/pechat-chertezhey-proektnoy-dokumentatsii/","https://цифра18.рф/catalog/inzhenernaya-pechat/pechat-chertezhey-proektnoy-dokumentatsii/pechat-chertezhey7148/?crm=Y&bridge=Y","2","2","0.0","7.0","00:08:05"
"https://цифра18.рф/","https://цифра18.рф/catalog/","https://цифра18.рф/catalog/inzhenernaya-pechat/","https://цифра18.рф/catalog/inzhenernaya-pechat/skanirovanie/","https://цифра18.рф/catalog/inzhenernaya-pechat/skanirovanie/","2","2","0.5","1.5","00:00:12"
"https://цифра18.рф/","https://цифра18.рф/catalog/","https://цифра18.рф/catalog/mobilnye-stendy/","https://цифра18.рф/catalog/mobilnye-stendy/catalog/","https://цифра18.рф/catalog/mobilnye-stendy/catalog/","2","2","0.0","1.0","00:00:35"
"https://цифра18.рф/","https://цифра18.рф/catalog/","https://цифра18.рф/catalog/poligrafiya/","https://цифра18.рф/catalog/poligrafiya/beydzhi/","https://цифра18.рф/catalog/poligrafiya/beydzhi/beydzh-iz-orgstekla-30kh70mm/","2","2","0.5","1.0","00:00:07"
"https://цифра18.рф/","https://цифра18.рф/catalog/","https://цифра18.рф/catalog/poligrafiya/","https://цифра18.рф/catalog/poligrafiya/beydzhi/","https://цифра18.рф/catalog/poligrafiya/beydzhi/beydzh-metallicheskiy-51kh76mm/","2","2","0.5","5.5","00:21:17"
"https://цифра18.рф/","https://цифра18.рф/catalog/","https://цифра18.рф/catalog/poligrafiya/","https://цифра18.рф/catalog/poligrafiya/bloknoty/","https://цифра18.рф/catalog/poligrafiya/bloknoty/pechat-bloknotov-a5-oblozhka-4-0-4-0/","2","1","0.0","21.5","01:20:06"
"https://цифра18.рф/","https://цифра18.рф/catalog/","https://цифра18.рф/catalog/poligrafiya/","https://цифра18.рф/catalog/poligrafiya/bloknoty/","https://цифра18.рф/catalog/poligrafiya/bloknoty/pechat-bloknotov-a6-oblozhka-4-0-4-0/","2","2","1.0","1.0","00:00:00"
"https://цифра18.рф/","https://цифра18.рф/catalog/","https://цифра18.рф/catalog/poligrafiya/","https://цифра18.рф/catalog/poligrafiya/kalendari/","https://цифра18.рф/catalog/poligrafiya/kalendari/kvartalnyy-kalendar-2025-god-standart-1-reklamnoe-pole/","2","2","0.0","1.0","00:00:15"
"https://цифра18.рф/","https://цифра18.рф/catalog/","https://цифра18.рф/catalog/poligrafiya/","https://цифра18.рф/catalog/poligrafiya/kalendari/","https://цифра18.рф/catalog/poligrafiya/kalendari/kvartalnyy-kalendar-premium-prozrachnyy-plastik-s-1-rekl-polem/","2","2","0.5","1.0","00:00:12"
"https://цифра18.рф/","https://цифра18.рф/catalog/","https://цифра18.рф/catalog/poligrafiya/","https://цифра18.рф/catalog/poligrafiya/korobki-vyrubnye/","https://цифра18.рф/catalog/poligrafiya/korobki-vyrubnye/korobki-dlya-shokolada/","2","1","0.0","1.0","00:00:41"
"https://цифра18.рф/","https://цифра18.рф/catalog/","https://цифра18.рф/catalog/poligrafiya/","https://цифра18.рф/catalog/poligrafiya/lekala-vykroyki/","https://цифра18.рф/catalog/poligrafiya/lekala-vykroyki/lekala-vykroyki/?crm=Y&bridge=Y","2","2","0.0","1.5","00:00:11"
"https://цифра18.рф/","https://цифра18.рф/catalog/","https://цифра18.рф/catalog/poligrafiya/","https://цифра18.рф/catalog/poligrafiya/listovki-tsifrovaya-pechat/","https://цифра18.рф/catalog/poligrafiya/listovki-tsifrovaya-pechat/liflet-a4-2-faltsa/","2","2","0.0","5.5","00:17:23"
"https://цифра18.рф/","https://цифра18.рф/catalog/","https://цифра18.рф/catalog/poligrafiya/","https://цифра18.рф/catalog/poligrafiya/pakety/","https://цифра18.рф/catalog/poligrafiya/pakety/bumazhnyy-paket-belyy-/","2","1","0.0","10.5","00:49:27"
"https://цифра18.рф/","https://цифра18.рф/catalog/","https://цифра18.рф/catalog/poligrafiya/","https://цифра18.рф/catalog/poligrafiya/papki-/","https://цифра18.рф/catalog/poligrafiya/papki-/papka-na-rezkinke/","2","2","0.5","3.0","00:01:32"
"https://цифра18.рф/","https://цифра18.рф/catalog/","https://цифра18.рф/catalog/poligrafiya/","https://цифра18.рф/catalog/poligrafiya/pechat-na-papkakh-ugolkakh-i-faylakh/","https://цифра18.рф/catalog/poligrafiya/pechat-na-papkakh-ugolkakh-i-faylakh/","2","2","0.0","2.0","00:00:56"
"https://цифра18.рф/","https://цифра18.рф/catalog/","https://цифра18.рф/catalog/poligrafiya/","https://цифра18.рф/catalog/poligrafiya/pechat-na-samokleyashchikhsya-materialakh/","https://цифра18.рф/catalog/poligrafiya/pechat-na-samokleyashchikhsya-materialakh/figurnye-nakleyki-na-prozrachnoy-plenke-uf-pechat/","2","2","0.5","1.5","00:03:37"
"https://цифра18.рф/","https://цифра18.рф/catalog/","https://цифра18.рф/catalog/poligrafiya/","https://цифра18.рф/catalog/poligrafiya/pechat-na-samokleyashchikhsya-materialakh/","https://цифра18.рф/catalog/poligrafiya/pechat-na-samokleyashchikhsya-materialakh/figurnye-nakleyki-shirokoformatnaya-pechat-na-plenke-ot-1kv-m/?crm=Y&bridge=Y","2","2","0.5","2.0","00:04:50"
"https://цифра18.рф/","https://цифра18.рф/catalog/","https://цифра18.рф/catalog/poligrafiya/","https://цифра18.рф/catalog/poligrafiya/pechat-na-samokleyashchikhsya-materialakh/","https://цифра18.рф/catalog/poligrafiya/pechat-na-samokleyashchikhsya-materialakh/listovaya-pechat-na-samokleyushcheysya-plenke-do-sra3/","2","2","0.5","3.5","00:02:13"
"https://цифра18.рф/","https://цифра18.рф/catalog/","https://цифра18.рф/catalog/poligrafiya/","https://цифра18.рф/catalog/poligrafiya/pechat-na-samokleyashchikhsya-materialakh/","https://цифра18.рф/catalog/poligrafiya/pechat-na-samokleyashchikhsya-materialakh/stikerpaki-na-samokleyushcheysya-bumage/?crm=Y&bridge=Y","2","2","0.5","2.0","00:00:41"
"https://цифра18.рф/","https://цифра18.рф/catalog/","https://цифра18.рф/catalog/poligrafiya/","https://цифра18.рф/catalog/poligrafiya/plotternaya-rezka/","https://цифра18.рф/catalog/poligrafiya/plotternaya-rezka/plotternaya-rezka-listami-sra3/","2","2","0.5","1.5","00:05:56"
"https://цифра18.рф/","https://цифра18.рф/catalog/","https://цифра18.рф/catalog/poligrafiya/","https://цифра18.рф/catalog/poligrafiya/vizitki/","https://цифра18.рф/catalog/poligrafiya/vizitki/vizitki-s-folgirovaniem/","2","2","0.5","2.0","00:00:33"
"https://цифра18.рф/","https://цифра18.рф/catalog/","https://цифра18.рф/catalog/reklama/","Не определено","https://цифра18.рф/catalog/reklama/","2","2","0.5","1.0","00:00:07"
"https://цифра18.рф/","https://цифра18.рф/catalog/","https://цифра18.рф/catalog/shirokoformatnaya-pechat/","https://цифра18.рф/catalog/shirokoformatnaya-pechat/pechat-na-poliesterovoy-tkani/","https://цифра18.рф/catalog/shirokoformatnaya-pechat/pechat-na-poliesterovoy-tkani/","2","2","0.5","62.5","00:39:51"
"https://цифра18.рф/","https://цифра18.рф/catalog/","https://цифра18.рф/catalog/stendy/","https://цифра18.рф/catalog/stendy/karman-pet-s-prozrachnym-skotchem/","https://цифра18.рф/catalog/stendy/karman-pet-s-prozrachnym-skotchem/","2","2","0.0","4.5","00:12:44"
"https://цифра18.рф/","https://цифра18.рф/catalog/","https://цифра18.рф/catalog/stendy/","https://цифра18.рф/catalog/stendy/tablichki/","https://цифра18.рф/catalog/stendy/tablichki/?crm=Y&bridge=Y","2","1","0.0","4.0","00:03:32"
"https://цифра18.рф/","https://цифра18.рф/catalog/","https://цифра18.рф/catalog/suvenirnaya-produktsiya/","https://цифра18.рф/catalog/suvenirnaya-produktsiya/brendirovanie-odezhdy/","https://цифра18.рф/catalog/suvenirnaya-produktsiya/brendirovanie-odezhdy/sublimatsionnaya-pechat/","2","2","0.0","1.0","00:00:18"
"https://цифра18.рф/","https://цифра18.рф/catalog/","https://цифра18.рф/catalog/suvenirnaya-produktsiya/","https://цифра18.рф/catalog/suvenirnaya-produktsiya/chekhly-dlya-ruchek/","https://цифра18.рф/catalog/suvenirnaya-produktsiya/chekhly-dlya-ruchek/","2","2","0.5","2.0","00:00:06"
"https://цифра18.рф/","https://цифра18.рф/catalog/","https://цифра18.рф/catalog/suvenirnaya-produktsiya/","https://цифра18.рф/catalog/suvenirnaya-produktsiya/gravirovka-na-ruchkakh/","https://цифра18.рф/catalog/suvenirnaya-produktsiya/gravirovka-na-ruchkakh/","2","2","0.5","1.0","00:00:13"
"https://цифра18.рф/","https://цифра18.рф/catalog/","https://цифра18.рф/catalog/suvenirnaya-produktsiya/","https://цифра18.рф/catalog/suvenirnaya-produktsiya/igry-i-golovolomki/","https://цифра18.рф/catalog/suvenirnaya-produktsiya/igry-i-golovolomki/domino-numero/","2","2","0.5","1.0","00:00:07"
"https://цифра18.рф/","https://цифра18.рф/catalog/","https://цифра18.рф/catalog/suvenirnaya-produktsiya/","https://цифра18.рф/catalog/suvenirnaya-produktsiya/igry-i-golovolomki/","https://цифра18.рф/catalog/suvenirnaya-produktsiya/igry-i-golovolomki/golovolomka-pyatnashki/","2","2","1.0","1.0","00:00:00"
"https://цифра18.рф/","https://цифра18.рф/catalog/","https://цифра18.рф/catalog/suvenirnaya-produktsiya/","https://цифра18.рф/catalog/suvenirnaya-produktsiya/igry-i-golovolomki/","https://цифра18.рф/catalog/suvenirnaya-produktsiya/igry-i-golovolomki/kartochnaya-igra-memo/","2","2","1.0","1.0","00:00:00"
"https://цифра18.рф/","https://цифра18.рф/catalog/","https://цифра18.рф/catalog/suvenirnaya-produktsiya/","https://цифра18.рф/catalog/suvenirnaya-produktsiya/korporativnye-podarki/","https://цифра18.рф/catalog/suvenirnaya-produktsiya/korporativnye-podarki/korobka-otkrytka-s-shokoladom-5gr4215/","2","1","1.0","1.0","00:00:00"
"https://цифра18.рф/","https://цифра18.рф/catalog/","https://цифра18.рф/catalog/suvenirnaya-produktsiya/","https://цифра18.рф/catalog/suvenirnaya-produktsiya/korporativnye-podarki/","https://цифра18.рф/catalog/suvenirnaya-produktsiya/korporativnye-podarki/upakovka-dlya-alkogolnoy-produktsii/","2","1","1.0","1.0","00:00:00"
"https://цифра18.рф/","https://цифра18.рф/catalog/","https://цифра18.рф/catalog/suvenirnaya-produktsiya/","https://цифра18.рф/catalog/suvenirnaya-produktsiya/lazernaya-gravirovka-markirovka/","https://цифра18.рф/catalog/suvenirnaya-produktsiya/lazernaya-gravirovka-markirovka/gravirovka-na-ruchkakh/","2","2","0.0","6.5","00:10:27"
"https://цифра18.рф/","https://цифра18.рф/catalog/","https://цифра18.рф/catalog/suvenirnaya-produktsiya/","https://цифра18.рф/catalog/suvenirnaya-produktsiya/magnity-vinilovye/","https://цифра18.рф/catalog/suvenirnaya-produktsiya/magnity-vinilovye/vinilovye-magnity-5kh7sm/","2","2","0.5","1.0","00:00:08"
"https://цифра18.рф/","https://цифра18.рф/catalog/","https://цифра18.рф/catalog/suvenirnaya-produktsiya/","https://цифра18.рф/catalog/suvenirnaya-produktsiya/magnity-vinilovye/","https://цифра18.рф/catalog/suvenirnaya-produktsiya/magnity-vinilovye/vinilovye-magnity/","2","2","0.0","2.0","00:01:10"
"https://цифра18.рф/","https://цифра18.рф/catalog/","https://цифра18.рф/catalog/suvenirnaya-produktsiya/","https://цифра18.рф/catalog/suvenirnaya-produktsiya/medali-kubki-nagradnaya-produktsiya/","https://цифра18.рф/catalog/suvenirnaya-produktsiya/medali-kubki-nagradnaya-produktsiya/kubki/","2","2","0.0","1.5","00:03:19"
"https://цифра18.рф/","https://цифра18.рф/catalog/","https://цифра18.рф/catalog/suvenirnaya-produktsiya/","https://цифра18.рф/catalog/suvenirnaya-produktsiya/pechat-na-kruzhkakh/","https://цифра18.рф/catalog/suvenirnaya-produktsiya/pechat-na-kruzhkakh/butylka-dlya-vody-gulp-500ml/","2","2","0.0","1.5","00:10:31"
"https://цифра18.рф/","https://цифра18.рф/catalog/","https://цифра18.рф/catalog/suvenirnaya-produktsiya/","https://цифра18.рф/catalog/suvenirnaya-produktsiya/pechat-na-kruzhkakh/","https://цифра18.рф/catalog/suvenirnaya-produktsiya/pechat-na-kruzhkakh/butylka-dlya-vody-sportes-700ml/","2","2","0.0","1.0","00:00:22"
"https://цифра18.рф/","https://цифра18.рф/catalog/","https://цифра18.рф/catalog/suvenirnaya-produktsiya/","https://цифра18.рф/catalog/suvenirnaya-produktsiya/pechat-na-kruzhkakh/","https://цифра18.рф/catalog/suvenirnaya-produktsiya/pechat-na-kruzhkakh/termokruzhka-miora-soft-tach-500ml/","2","2","0.5","4.5","00:08:33"
"https://цифра18.рф/","https://цифра18.рф/catalog/","https://цифра18.рф/catalog/suvenirnaya-produktsiya/","https://цифра18.рф/catalog/suvenirnaya-produktsiya/pechat-na-kruzhkakh/","https://цифра18.рф/catalog/suvenirnaya-produktsiya/pechat-na-kruzhkakh/termos-bronx-soft-tach-450ml/","2","2","0.5","2.0","00:12:54"
"https://цифра18.рф/","https://цифра18.рф/catalog/","https://цифра18.рф/catalog/suvenirnaya-produktsiya/","https://цифра18.рф/catalog/suvenirnaya-produktsiya/pechat-na-kruzhkakh/","https://цифра18.рф/catalog/suvenirnaya-produktsiya/pechat-na-kruzhkakh/termos-picnic-bright-500ml/","2","1","0.5","3.0","00:32:00"
"https://цифра18.рф/","https://цифра18.рф/catalog/","https://цифра18.рф/catalog/suvenirnaya-produktsiya/","https://цифра18.рф/catalog/suvenirnaya-produktsiya/pechat-na-ruchkakh/","https://цифра18.рф/catalog/suvenirnaya-produktsiya/pechat-na-ruchkakh/ruchka-metallicheskaya-s-pokrytiem-soft-tach-title-rebecca/","2","2","0.0","22.5","00:24:00"
"https://цифра18.рф/","https://цифра18.рф/catalog/","https://цифра18.рф/catalog/suvenirnaya-produktsiya/","https://цифра18.рф/catalog/suvenirnaya-produktsiya/pechat-na-ruchkakh/","https://цифра18.рф/catalog/suvenirnaya-produktsiya/pechat-na-ruchkakh/ruchka-sharikovaya-title-ch/","2","2","0.5","2.5","00:14:47"
"https://цифра18.рф/","https://цифра18.рф/catalog/","https://цифра18.рф/catalog/suvenirnaya-produktsiya/","https://цифра18.рф/catalog/suvenirnaya-produktsiya/pechat-na-usb-ustroystvakh/","https://цифра18.рф/catalog/suvenirnaya-produktsiya/pechat-na-usb-ustroystvakh/pechat-na-fleshkakh/","2","2","1.0","1.0","00:00:00"
"https://цифра18.рф/","https://цифра18.рф/catalog/","https://цифра18.рф/catalog/suvenirnaya-produktsiya/","https://цифра18.рф/catalog/suvenirnaya-produktsiya/pechat-na-usb-ustroystvakh/","https://цифра18.рф/catalog/suvenirnaya-produktsiya/pechat-na-usb-ustroystvakh/pechat-na-pauer-bankakh/","2","2","0.5","2.5","00:04:52"
"https://цифра18.рф/","https://цифра18.рф/catalog/","https://цифра18.рф/catalog/suvenirnaya-produktsiya/","https://цифра18.рф/catalog/suvenirnaya-produktsiya/plaketki/","https://цифра18.рф/catalog/suvenirnaya-produktsiya/plaketki/","2","2","0.0","2.0","00:00:20"
"https://цифра18.рф/","https://цифра18.рф/catalog/","https://цифра18.рф/catalog/suvenirnaya-produktsiya/","https://цифра18.рф/catalog/suvenirnaya-produktsiya/tablichka-dlya-oplaty-s-qr-kodom/","https://цифра18.рф/catalog/suvenirnaya-produktsiya/tablichka-dlya-oplaty-s-qr-kodom/","2","2","0.5","1.5","00:00:12"
"https://цифра18.рф/","https://цифра18.рф/news/","https://цифра18.рф/news/magnitnye-zakladki-dlya-knig-s-individualnym-dizaynom/","Не определено","https://цифра18.рф/news/magnitnye-zakladki-dlya-knig-s-individualnym-dizaynom/","2","2","0.5","1.0","00:00:07"
"https://цифра18.рф/","https://цифра18.рф/portfolio/","Не определено","Не определено","https://цифра18.рф/portfolio/","2","2","0.5","1.0","00:00:07"
"https://цифра18.рф/","https://цифра18.рф/search/","https://цифра18.рф/search/?q=ных","Не определено","https://цифра18.рф/search/?q=ных","2","2","1.0","1.0","00:00:00"
"http://cifra.salelib3.beget.tech/","http://cifra.salelib3.beget.tech/?back_url_admin=%2Fbitrix%2Fadmin%2Fiblock_element_admin.php%3FIBLOCK_ID%3D19%26type%3Dcatalog%26lang%3Dru%26find_el_y%3DY%26clear_filter%3DY%26apply_filter%3DY","Не определено","Не определено","http://cifra.salelib3.beget.tech/?back_url_admin=%2Fbitrix%2Fadmin%2Fiblock_element_admin.php%3FIBLOCK_ID%3D19%26type%3Dcatalog%26lang%3Dru%26find_el_y%3DY%26clear_filter%3DY%26apply_filter%3DY","1","1","0.0","1.0","00:00:15"
"http://cifra.salelib3.beget.tech/","http://cifra.salelib3.beget.tech/catalog./","http://cifra.salelib3.beget.tech/catalog./suvenirnaya-produktsiya/","http://cifra.salelib3.beget.tech/catalog./suvenirnaya-produktsiya/pechat-na-ruchkakh/","http://cifra.salelib3.beget.tech/catalog./suvenirnaya-produktsiya/pechat-na-ruchkakh/ruchka-sharikovaya-title-e/","1","1","1.0","1.0","00:00:00"
"http://cifra.salelib3.beget.tech/","http://cifra.salelib3.beget.tech/catalog/","http://cifra.salelib3.beget.tech/catalog/interer/","http://cifra.salelib3.beget.tech/catalog/interer/fotopostery-na-penokartone/","http://cifra.salelib3.beget.tech/catalog/interer/fotopostery-na-penokartone/","1","1","0.0","21.0","01:15:06"
"http://cifra.salelib3.beget.tech/","http://cifra.salelib3.beget.tech/catalog/","http://cifra.salelib3.beget.tech/catalog/interer/","http://cifra.salelib3.beget.tech/catalog/interer/kartiny-na-kholste6473/","http://cifra.salelib3.beget.tech/catalog/interer/kartiny-na-kholste6473/?crm=Y&bridge=Y","1","1","0.0","7.0","00:56:03"
"http://cifra.salelib3.beget.tech/","http://cifra.salelib3.beget.tech/catalog/","http://cifra.salelib3.beget.tech/catalog/inzhenernaya-pechat/","http://cifra.salelib3.beget.tech/catalog/inzhenernaya-pechat/broshyurovka/","http://cifra.salelib3.beget.tech/catalog/inzhenernaya-pechat/broshyurovka/pereplet-na-metallicheskuyu-pruzhinu-3-1/","1","1","1.0","1.0","00:00:00"
"http://cifra.salelib3.beget.tech/","http://cifra.salelib3.beget.tech/catalog/","http://cifra.salelib3.beget.tech/catalog/inzhenernaya-pechat/","http://cifra.salelib3.beget.tech/catalog/inzhenernaya-pechat/broshyurovka/","http://cifra.salelib3.beget.tech/catalog/inzhenernaya-pechat/broshyurovka/pereplet-na-skobu/?crm=Y&bridge=Y","1","1","0.0","7.0","00:02:03"
"http://cifra.salelib3.beget.tech/","http://cifra.salelib3.beget.tech/catalog/","http://cifra.salelib3.beget.tech/catalog/inzhenernaya-pechat/","http://cifra.salelib3.beget.tech/catalog/inzhenernaya-pechat/kserokopiya/","http://cifra.salelib3.beget.tech/catalog/inzhenernaya-pechat/kserokopiya/kserokopiya-a2-a0/","1","1","1.0","1.0","00:00:00"
"http://cifra.salelib3.beget.tech/","http://cifra.salelib3.beget.tech/catalog/","http://cifra.salelib3.beget.tech/catalog/inzhenernaya-pechat/","http://cifra.salelib3.beget.tech/catalog/inzhenernaya-pechat/kserokopiya/","http://cifra.salelib3.beget.tech/catalog/inzhenernaya-pechat/kserokopiya/kserokopiya-a2-a0/?crm=Y&bridge=Y","1","1","0.0","3.0","00:00:04"
"http://cifra.salelib3.beget.tech/","http://cifra.salelib3.beget.tech/catalog/","http://cifra.salelib3.beget.tech/catalog/inzhenernaya-pechat/","http://cifra.salelib3.beget.tech/catalog/inzhenernaya-pechat/pechat-chertezhey-proektnoy-dokumentatsii/","http://cifra.salelib3.beget.tech/catalog/inzhenernaya-pechat/pechat-chertezhey-proektnoy-dokumentatsii/pechat-chertezhey7148/","1","1","1.0","1.0","00:00:00"
"http://cifra.salelib3.beget.tech/","http://cifra.salelib3.beget.tech/catalog/","http://cifra.salelib3.beget.tech/catalog/inzhenernaya-pechat/","http://cifra.salelib3.beget.tech/catalog/inzhenernaya-pechat/pechat-chertezhey/","http://cifra.salelib3.beget.tech/catalog/inzhenernaya-pechat/pechat-chertezhey/","1","1","1.0","1.0","00:00:00"
"http://cifra.salelib3.beget.tech/","http://cifra.salelib3.beget.tech/catalog/","http://cifra.salelib3.beget.tech/catalog/mobilnye-stendy/","http://cifra.salelib3.beget.tech/catalog/mobilnye-stendy/arenda-press-voll/","http://cifra.salelib3.beget.tech/catalog/mobilnye-stendy/arenda-press-voll/","1","1","1.0","1.0","00:00:00"
"http://cifra.salelib3.beget.tech/","http://cifra.salelib3.beget.tech/catalog/","http://cifra.salelib3.beget.tech/catalog/mobilnye-stendy/","http://cifra.salelib3.beget.tech/catalog/mobilnye-stendy/l-banner/","http://cifra.salelib3.beget.tech/catalog/mobilnye-stendy/l-banner/?crm=Y&bridge=Y","1","1","0.0","3.0","00:13:40"
"http://cifra.salelib3.beget.tech/","http://cifra.salelib3.beget.tech/catalog/","http://cifra.salelib3.beget.tech/catalog/mobilnye-stendy/","http://cifra.salelib3.beget.tech/catalog/mobilnye-stendy/press-voll/","http://cifra.salelib3.beget.tech/catalog/mobilnye-stendy/press-voll/","1","1","1.0","1.0","00:00:00"
"http://cifra.salelib3.beget.tech/","http://cifra.salelib3.beget.tech/catalog/","http://cifra.salelib3.beget.tech/catalog/mobilnye-stendy/","http://cifra.salelib3.beget.tech/catalog/mobilnye-stendy/shtender/","http://cifra.salelib3.beget.tech/catalog/mobilnye-stendy/shtender/","1","1","0.0","5.0","00:47:12"
"http://cifra.salelib3.beget.tech/","http://cifra.salelib3.beget.tech/catalog/","http://cifra.salelib3.beget.tech/catalog/poli/","Не определено","http://cifra.salelib3.beget.tech/catalog/poli/","1","1","1.0","1.0","00:00:00"
"http://cifra.salelib3.beget.tech/","http://cifra.salelib3.beget.tech/catalog/","http://cifra.salelib3.beget.tech/catalog/poligrafiya/","http://cifra.salelib3.beget.tech/catalog/poligrafiya/beydzhi/","http://cifra.salelib3.beget.tech/catalog/poligrafiya/beydzhi/karman-dlya-beydzha/?crm=Y&bridge=Y","1","1","0.0","7.0","00:53:35"
"http://cifra.salelib3.beget.tech/","http://cifra.salelib3.beget.tech/catalog/","http://cifra.salelib3.beget.tech/catalog/poligrafiya/","http://cifra.salelib3.beget.tech/catalog/poligrafiya/bloknoty/","http://cifra.salelib3.beget.tech/catalog/poligrafiya/bloknoty/pechat-bloknotov-a5-oblozhka-4-0-4-0/?crm=Y&bridge=Y","1","1","0.0","17.0","00:25:30"
"http://cifra.salelib3.beget.tech/","http://cifra.salelib3.beget.tech/catalog/","http://cifra.salelib3.beget.tech/catalog/poligrafiya/","http://cifra.salelib3.beget.tech/catalog/poligrafiya/bloknoty/","http://cifra.salelib3.beget.tech/catalog/poligrafiya/bloknoty/pechat-bloknotov-a6-oblozhka-4-0-0-0/","1","1","0.0","1.0","00:00:25"
"http://cifra.salelib3.beget.tech/","http://cifra.salelib3.beget.tech/catalog/","http://cifra.salelib3.beget.tech/catalog/poligrafiya/","http://cifra.salelib3.beget.tech/catalog/poligrafiya/kalendari/","http://cifra.salelib3.beget.tech/catalog/poligrafiya/kalendari/kvartalnyy-kalendar-2027-standart-s-1-reklamnym-polem-/?crm=Y&bridge=Y","1","1","0.0","5.0","00:11:20"
"http://cifra.salelib3.beget.tech/","http://cifra.salelib3.beget.tech/catalog/","http://cifra.salelib3.beget.tech/catalog/poligrafiya/","http://cifra.salelib3.beget.tech/catalog/poligrafiya/katalogi-broshyury/","http://cifra.salelib3.beget.tech/catalog/poligrafiya/katalogi-broshyury/katalogi-broshyury/?crm=Y&bridge=Y","1","1","0.0","13.0","01:02:30"
"http://cifra.salelib3.beget.tech/","http://cifra.salelib3.beget.tech/catalog/","http://cifra.salelib3.beget.tech/catalog/poligrafiya/","http://cifra.salelib3.beget.tech/catalog/poligrafiya/konverty-/","http://cifra.salelib3.beget.tech/catalog/poligrafiya/konverty-/","1","1","0.0","22.0","00:53:20"
"http://cifra.salelib3.beget.tech/","http://cifra.salelib3.beget.tech/catalog/","http://cifra.salelib3.beget.tech/catalog/poligrafiya/","http://cifra.salelib3.beget.tech/catalog/poligrafiya/konverty-/","http://cifra.salelib3.beget.tech/catalog/poligrafiya/konverty-/konverty-tsvetnye-/?crm=Y&bridge=Y","1","1","0.0","4.0","00:16:31"
"http://cifra.salelib3.beget.tech/","http://cifra.salelib3.beget.tech/catalog/","http://cifra.salelib3.beget.tech/catalog/poligrafiya/","http://cifra.salelib3.beget.tech/catalog/poligrafiya/korobki-vyrubnye/","http://cifra.salelib3.beget.tech/catalog/poligrafiya/korobki-vyrubnye/korobki-samosbornye-kryshka-dno-/?crm=Y&bridge=Y","1","1","0.0","18.0","01:04:45"
"http://cifra.salelib3.beget.tech/","http://cifra.salelib3.beget.tech/catalog/","http://cifra.salelib3.beget.tech/catalog/poligrafiya/","http://cifra.salelib3.beget.tech/catalog/poligrafiya/korobki-vyrubnye/","http://cifra.salelib3.beget.tech/catalog/poligrafiya/korobki-vyrubnye/korobki-samosbornye-s-otkidnoy-kryshkoy/?crm=Y&bridge=Y","1","1","0.0","42.0","01:06:24"
"http://cifra.salelib3.beget.tech/","http://cifra.salelib3.beget.tech/catalog/","http://cifra.salelib3.beget.tech/catalog/poligrafiya/","http://cifra.salelib3.beget.tech/catalog/poligrafiya/laminirovanie/","http://cifra.salelib3.beget.tech/catalog/poligrafiya/laminirovanie/goryachee-rulonnoe-laminirovanie/","1","1","0.0","8.0","00:00:57"
"http://cifra.salelib3.beget.tech/","http://cifra.salelib3.beget.tech/catalog/","http://cifra.salelib3.beget.tech/catalog/poligrafiya/","http://cifra.salelib3.beget.tech/catalog/poligrafiya/laminirovanie/","http://cifra.salelib3.beget.tech/catalog/poligrafiya/laminirovanie/goryachee-rulonnoe-laminirovanie/?crm=Y&bridge=Y","1","1","0.0","2.0","00:00:05"
"http://cifra.salelib3.beget.tech/","http://cifra.salelib3.beget.tech/catalog/","http://cifra.salelib3.beget.tech/catalog/poligrafiya/","http://cifra.salelib3.beget.tech/catalog/poligrafiya/lekala-vykroyki/","http://cifra.salelib3.beget.tech/catalog/poligrafiya/lekala-vykroyki/","1","1","0.0","1.0","00:00:16"
"http://cifra.salelib3.beget.tech/","http://cifra.salelib3.beget.tech/catalog/","http://cifra.salelib3.beget.tech/catalog/poligrafiya/","http://cifra.salelib3.beget.tech/catalog/poligrafiya/listovki-ofsetnaya-pechat/","http://cifra.salelib3.beget.tech/catalog/poligrafiya/listovki-ofsetnaya-pechat/pechat-listovok-a5-ofsetnaya-pechat/","1","1","0.0","4.0","00:00:29"
"http://cifra.salelib3.beget.tech/","http://cifra.salelib3.beget.tech/catalog/","http://cifra.salelib3.beget.tech/catalog/poligrafiya/","http://cifra.salelib3.beget.tech/catalog/poligrafiya/listovki-ofsetnaya-pechat/","http://cifra.salelib3.beget.tech/catalog/poligrafiya/listovki-ofsetnaya-pechat/pechat-listovok-a5-ofsetnaya-pechat/?crm=Y&bridge=Y","1","1","0.0","1.0","00:00:16"
"http://cifra.salelib3.beget.tech/","http://cifra.salelib3.beget.tech/catalog/","http://cifra.salelib3.beget.tech/catalog/poligrafiya/","http://cifra.salelib3.beget.tech/catalog/poligrafiya/listovki-ofsetnaya-pechat/","http://cifra.salelib3.beget.tech/catalog/poligrafiya/listovki-ofsetnaya-pechat/pechat-listovok-a6-ofsetnaya-pechat/","1","1","0.0","7.0","00:00:26"
"http://cifra.salelib3.beget.tech/","http://cifra.salelib3.beget.tech/catalog/","http://cifra.salelib3.beget.tech/catalog/poligrafiya/","http://cifra.salelib3.beget.tech/catalog/poligrafiya/listovki-tsifrovaya-pechat/","http://cifra.salelib3.beget.tech/catalog/poligrafiya/listovki-tsifrovaya-pechat/evroflaer-99kh210mm/?crm=Y&bridge=Y","1","1","0.0","18.0","00:15:53"
"http://cifra.salelib3.beget.tech/","http://cifra.salelib3.beget.tech/catalog/","http://cifra.salelib3.beget.tech/catalog/poligrafiya/","http://cifra.salelib3.beget.tech/catalog/poligrafiya/listovki-tsifrovaya-pechat/","http://cifra.salelib3.beget.tech/catalog/poligrafiya/listovki-tsifrovaya-pechat/pechat-listovok-a5/","1","1","0.0","21.0","01:19:28"
"http://cifra.salelib3.beget.tech/","http://cifra.salelib3.beget.tech/catalog/","http://cifra.salelib3.beget.tech/catalog/poligrafiya/","http://cifra.salelib3.beget.tech/catalog/poligrafiya/otkrytki-sertifikaty/","http://cifra.salelib3.beget.tech/catalog/poligrafiya/otkrytki-sertifikaty/","1","1","0.0","5.0","00:26:14"
"http://cifra.salelib3.beget.tech/","http://cifra.salelib3.beget.tech/catalog/","http://cifra.salelib3.beget.tech/catalog/poligrafiya/","http://cifra.salelib3.beget.tech/catalog/poligrafiya/otkrytki-sertifikaty/","http://cifra.salelib3.beget.tech/catalog/poligrafiya/otkrytki-sertifikaty/otkrytka-sertifikat-a6-s-folgirovaniem/?crm=Y&bridge=Y","1","1","0.0","9.0","00:04:46"
"http://cifra.salelib3.beget.tech/","http://cifra.salelib3.beget.tech/catalog/","http://cifra.salelib3.beget.tech/catalog/poligrafiya/","http://cifra.salelib3.beget.tech/catalog/poligrafiya/pakety/","http://cifra.salelib3.beget.tech/catalog/poligrafiya/pakety/bumazhnyy-paket-prezentatsionnyy-ofsetnaya-pechat/","1","1","1.0","1.0","00:00:00"
"http://cifra.salelib3.beget.tech/","http://cifra.salelib3.beget.tech/catalog/","http://cifra.salelib3.beget.tech/catalog/poligrafiya/","http://cifra.salelib3.beget.tech/catalog/poligrafiya/pakety/","http://cifra.salelib3.beget.tech/catalog/poligrafiya/pakety/bumazhnyy-paket-prezentatsionnyy/","1","1","0.0","27.0","02:04:36"
"http://cifra.salelib3.beget.tech/","http://cifra.salelib3.beget.tech/catalog/","http://cifra.salelib3.beget.tech/catalog/poligrafiya/","http://cifra.salelib3.beget.tech/catalog/poligrafiya/papki-/","http://cifra.salelib3.beget.tech/catalog/poligrafiya/papki-/papka-na-knopke/?crm=Y&bridge=Y","1","1","0.0","2.0","00:00:05"
"http://cifra.salelib3.beget.tech/","http://cifra.salelib3.beget.tech/catalog/","http://cifra.salelib3.beget.tech/catalog/poligrafiya/","http://cifra.salelib3.beget.tech/catalog/poligrafiya/papki-/","http://cifra.salelib3.beget.tech/catalog/poligrafiya/papki-/papka-planshet-brendirovannaya/","1","1","0.0","4.0","00:16:17"
"http://cifra.salelib3.beget.tech/","http://cifra.salelib3.beget.tech/catalog/","http://cifra.salelib3.beget.tech/catalog/poligrafiya/","http://cifra.salelib3.beget.tech/catalog/poligrafiya/papki-/","http://cifra.salelib3.beget.tech/catalog/poligrafiya/papki-/papka-planshet-brendirovannaya/?crm=Y&bridge=Y","1","1","0.0","2.0","00:20:38"
"http://cifra.salelib3.beget.tech/","http://cifra.salelib3.beget.tech/catalog/","http://cifra.salelib3.beget.tech/catalog/poligrafiya/","http://cifra.salelib3.beget.tech/catalog/poligrafiya/papki-/","http://cifra.salelib3.beget.tech/catalog/poligrafiya/papki-/pechat-na-papkakh-ugolkakh-i-faylakh/?crm=Y&bridge=Y","1","1","0.0","3.0","00:03:47"
"http://cifra.salelib3.beget.tech/","http://cifra.salelib3.beget.tech/catalog/","http://cifra.salelib3.beget.tech/catalog/poligrafiya/","http://cifra.salelib3.beget.tech/catalog/poligrafiya/pechat-na-samokleyashchikhsya-materialakh/","http://cifra.salelib3.beget.tech/catalog/poligrafiya/pechat-na-samokleyashchikhsya-materialakh/figurnye-nakleyki-na-plenke-zerkalnoe-zoloto/?crm=Y&bridge=Y","1","1","0.0","2.0","00:02:01"
"http://cifra.salelib3.beget.tech/","http://cifra.salelib3.beget.tech/catalog/","http://cifra.salelib3.beget.tech/catalog/poligrafiya/","http://cifra.salelib3.beget.tech/catalog/poligrafiya/pechat-na-samokleyashchikhsya-materialakh/","http://cifra.salelib3.beget.tech/catalog/poligrafiya/pechat-na-samokleyashchikhsya-materialakh/figurnye-nakleyki-na-samokleyushcheysya-plenke-belym-tonerom/?crm=Y&bridge=Y","1","1","0.0","2.0","00:00:21"
"http://cifra.salelib3.beget.tech/","http://cifra.salelib3.beget.tech/catalog/","http://cifra.salelib3.beget.tech/catalog/poligrafiya/","http://cifra.salelib3.beget.tech/catalog/poligrafiya/pechat-na-samokleyashchikhsya-materialakh/","http://cifra.salelib3.beget.tech/catalog/poligrafiya/pechat-na-samokleyashchikhsya-materialakh/figurnye-nakleyki-s-folgirovaniem-na-tsvetnoy-plenke/?crm=Y&bridge=Y","1","1","0.0","1.0","00:00:15"
"http://cifra.salelib3.beget.tech/","http://cifra.salelib3.beget.tech/catalog/","http://cifra.salelib3.beget.tech/catalog/poligrafiya/","http://cifra.salelib3.beget.tech/catalog/poligrafiya/pechat-na-samokleyashchikhsya-materialakh/","http://cifra.salelib3.beget.tech/catalog/poligrafiya/pechat-na-samokleyashchikhsya-materialakh/listovaya-pechat-na-samokleyushcheysya-bumage-a3/?crm=Y&bridge=Y","1","1","0.0","2.0","00:01:57"
"http://cifra.salelib3.beget.tech/","http://cifra.salelib3.beget.tech/catalog/","http://cifra.salelib3.beget.tech/catalog/poligrafiya/","http://cifra.salelib3.beget.tech/catalog/poligrafiya/pechat-na-samokleyashchikhsya-materialakh/","http://cifra.salelib3.beget.tech/catalog/poligrafiya/pechat-na-samokleyashchikhsya-materialakh/listovaya-pechat-na-samokleyushcheysya-plenke-do-sra3/?crm=Y&bridge=Y","1","1","0.0","2.0","00:00:19"
"http://cifra.salelib3.beget.tech/","http://cifra.salelib3.beget.tech/catalog/","http://cifra.salelib3.beget.tech/catalog/poligrafiya/","http://cifra.salelib3.beget.tech/catalog/poligrafiya/pechat-na-samokleyashchikhsya-materialakh/","http://cifra.salelib3.beget.tech/catalog/poligrafiya/pechat-na-samokleyashchikhsya-materialakh/stikerpaki-na-samokleyushcheysya-bumage/","1","1","0.0","3.0","00:00:25"
"http://cifra.salelib3.beget.tech/","http://cifra.salelib3.beget.tech/catalog/","http://cifra.salelib3.beget.tech/catalog/poligrafiya/","http://cifra.salelib3.beget.tech/catalog/poligrafiya/pechat-na-samokleyashchikhsya-materialakh/","http://cifra.salelib3.beget.tech/catalog/poligrafiya/pechat-na-samokleyashchikhsya-materialakh/stikerpaki-na-samokleyushcheysya-bumage/?crm=Y&bridge=Y","1","1","0.0","5.0","00:26:39"
"http://cifra.salelib3.beget.tech/","http://cifra.salelib3.beget.tech/catalog/","http://cifra.salelib3.beget.tech/catalog/poligrafiya/","http://cifra.salelib3.beget.tech/catalog/poligrafiya/pechat-na-samokleyashchikhsya-materialakh/","http://cifra.salelib3.beget.tech/catalog/poligrafiya/pechat-na-samokleyashchikhsya-materialakh/stikerpaki-na-samokleyushcheysya-plenke/?crm=Y&bridge=Y","1","1","1.0","1.0","00:00:00"
"http://cifra.salelib3.beget.tech/","http://cifra.salelib3.beget.tech/catalog/","http://cifra.salelib3.beget.tech/catalog/poligrafiya/","http://cifra.salelib3.beget.tech/catalog/poligrafiya/plotternaya-rezka/","http://cifra.salelib3.beget.tech/catalog/poligrafiya/plotternaya-rezka/plotternaya-rezka-listami-sra3/","1","1","0.0","32.0","02:05:16"
"http://cifra.salelib3.beget.tech/","http://cifra.salelib3.beget.tech/catalog/","http://cifra.salelib3.beget.tech/catalog/poligrafiya/","http://cifra.salelib3.beget.tech/catalog/poligrafiya/rizografiya/","http://cifra.salelib3.beget.tech/catalog/poligrafiya/rizografiya/","1","1","0.0","4.0","00:01:06"
"http://cifra.salelib3.beget.tech/","http://cifra.salelib3.beget.tech/catalog/","http://cifra.salelib3.beget.tech/catalog/poligrafiya/","http://cifra.salelib3.beget.tech/catalog/poligrafiya/rizografiya/","http://cifra.salelib3.beget.tech/catalog/poligrafiya/rizografiya/rizografiya-a41169/?crm=Y&bridge=Y","1","1","0.0","3.0","00:00:45"
"http://cifra.salelib3.beget.tech/","http://cifra.salelib3.beget.tech/catalog/","http://cifra.salelib3.beget.tech/catalog/poligrafiya/","http://cifra.salelib3.beget.tech/catalog/poligrafiya/tsifrovaya-pechat/","http://cifra.salelib3.beget.tech/catalog/poligrafiya/tsifrovaya-pechat/tsifrovaya-listovaya-lazernaya-pechat-a4/","1","1","0.0","3.0","00:00:15"
"http://cifra.salelib3.beget.tech/","http://cifra.salelib3.beget.tech/catalog/","http://cifra.salelib3.beget.tech/catalog/poligrafiya/","http://cifra.salelib3.beget.tech/catalog/poligrafiya/uf-pechat1/","http://cifra.salelib3.beget.tech/catalog/poligrafiya/uf-pechat1/uf-pechat-do-600-kh900mm/","1","1","0.0","1.0","00:00:15"
"http://cifra.salelib3.beget.tech/","http://cifra.salelib3.beget.tech/catalog/","http://cifra.salelib3.beget.tech/catalog/poligrafiya/","http://cifra.salelib3.beget.tech/catalog/poligrafiya/vizitki/","http://cifra.salelib3.beget.tech/catalog/poligrafiya/vizitki/vizitki-na-dizaynerskom-kartone/","1","1","0.0","12.0","00:24:19"
"http://cifra.salelib3.beget.tech/","http://cifra.salelib3.beget.tech/catalog/","http://cifra.salelib3.beget.tech/catalog/poligrafiya/","http://cifra.salelib3.beget.tech/catalog/poligrafiya/vizitki/","http://cifra.salelib3.beget.tech/catalog/poligrafiya/vizitki/vizitki-na-prozrachnom-plastike/?crm=Y&bridge=Y","1","1","0.0","7.0","00:25:08"
"http://cifra.salelib3.beget.tech/","http://cifra.salelib3.beget.tech/catalog/","http://cifra.salelib3.beget.tech/catalog/poligrafiya/","http://cifra.salelib3.beget.tech/catalog/poligrafiya/vizitki/","http://cifra.salelib3.beget.tech/catalog/poligrafiya/vizitki/vizitki-s-folgirovaniem/","1","1","0.0","8.0","00:44:23"
"http://cifra.salelib3.beget.tech/","http://cifra.salelib3.beget.tech/catalog/","http://cifra.salelib3.beget.tech/catalog/poligrafiya/","http://cifra.salelib3.beget.tech/catalog/poligrafiya/vysechnaya-produktsiya/","http://cifra.salelib3.beget.tech/catalog/poligrafiya/vysechnaya-produktsiya/","1","1","0.0","17.0","00:54:09"
"http://cifra.salelib3.beget.tech/","http://cifra.salelib3.beget.tech/catalog/","http://cifra.salelib3.beget.tech/catalog/poligrafiya/","http://cifra.salelib3.beget.tech/catalog/poligrafiya/vysechnaya-produktsiya/","http://cifra.salelib3.beget.tech/catalog/poligrafiya/vysechnaya-produktsiya/vysechnaya-produktsiya-kartona/","1","1","0.0","67.0","03:02:15"
"http://cifra.salelib3.beget.tech/","http://cifra.salelib3.beget.tech/catalog/","http://cifra.salelib3.beget.tech/catalog/poligrafiya/","http://cifra.salelib3.beget.tech/catalog/poligrafiya/vysechnaya-produktsiya/","http://cifra.salelib3.beget.tech/catalog/poligrafiya/vysechnaya-produktsiya/vysechnaya-produktsiya-kartona/?crm=Y&bridge=Y","1","1","0.0","7.0","00:54:18"
"http://cifra.salelib3.beget.tech/","http://cifra.salelib3.beget.tech/catalog/","http://cifra.salelib3.beget.tech/catalog/shirokoformatnaya-pechat/","http://cifra.salelib3.beget.tech/catalog/shirokoformatnaya-pechat/pechat-na-bannere-shirinoy-do-3-2m/","http://cifra.salelib3.beget.tech/catalog/shirokoformatnaya-pechat/pechat-na-bannere-shirinoy-do-3-2m/","1","1","1.0","1.0","00:00:00"
"http://cifra.salelib3.beget.tech/","http://cifra.salelib3.beget.tech/catalog/","http://cifra.salelib3.beget.tech/catalog/shirokoformatnaya-pechat/","http://cifra.salelib3.beget.tech/catalog/shirokoformatnaya-pechat/pechat-na-poliesterovoy-tkani/","http://cifra.salelib3.beget.tech/catalog/shirokoformatnaya-pechat/pechat-na-poliesterovoy-tkani/?crm=Y&bridge=Y","1","1","0.0","5.0","00:00:43"
"http://cifra.salelib3.beget.tech/","http://cifra.salelib3.beget.tech/catalog/","http://cifra.salelib3.beget.tech/catalog/shirokoformatnaya-pechat/","http://cifra.salelib3.beget.tech/catalog/shirokoformatnaya-pechat/pechat-na-posternoy-bumage/","http://cifra.salelib3.beget.tech/catalog/shirokoformatnaya-pechat/pechat-na-posternoy-bumage/","1","1","0.0","1.0","00:00:15"
"http://cifra.salelib3.beget.tech/","http://cifra.salelib3.beget.tech/catalog/","http://cifra.salelib3.beget.tech/catalog/shirokoformatnaya-pechat/","http://cifra.salelib3.beget.tech/catalog/shirokoformatnaya-pechat/pechat-na-posternoy-bumage8706/","http://cifra.salelib3.beget.tech/catalog/shirokoformatnaya-pechat/pechat-na-posternoy-bumage8706/?crm=Y&bridge=Y","1","1","0.0","33.0","00:53:10"
"http://cifra.salelib3.beget.tech/","http://cifra.salelib3.beget.tech/catalog/","http://cifra.salelib3.beget.tech/catalog/stendy/","Не определено","http://cifra.salelib3.beget.tech/catalog/stendy/","1","1","0.0","8.0","00:04:37"
"http://cifra.salelib3.beget.tech/","http://cifra.salelib3.beget.tech/catalog/","http://cifra.salelib3.beget.tech/catalog/stendy/","http://cifra.salelib3.beget.tech/catalog/stendy/izdeliya-iz-orgstekla/","http://cifra.salelib3.beget.tech/catalog/stendy/izdeliya-iz-orgstekla/","1","1","0.0","7.0","00:01:36"
"http://cifra.salelib3.beget.tech/","http://cifra.salelib3.beget.tech/catalog/","http://cifra.salelib3.beget.tech/catalog/stendy/","http://cifra.salelib3.beget.tech/catalog/stendy/izdeliya-iz-orgstekla/","http://cifra.salelib3.beget.tech/catalog/stendy/izdeliya-iz-orgstekla/?crm=Y&bridge=Y","1","1","0.0","2.0","00:01:03"
"http://cifra.salelib3.beget.tech/","http://cifra.salelib3.beget.tech/catalog/","http://cifra.salelib3.beget.tech/catalog/stendy/","http://cifra.salelib3.beget.tech/catalog/stendy/karman-pet-ploskiy/","http://cifra.salelib3.beget.tech/catalog/stendy/karman-pet-ploskiy/","1","1","0.0","7.0","01:00:02"
"http://cifra.salelib3.beget.tech/","http://cifra.salelib3.beget.tech/catalog/","http://cifra.salelib3.beget.tech/catalog/stendy/","http://cifra.salelib3.beget.tech/catalog/stendy/stendy/","http://cifra.salelib3.beget.tech/catalog/stendy/stendy/?back_url_admin=%2Fbitrix%2Fadmin%2Fiblock_element_edit.php%3FIBLOCK_ID%3D8%26type%3Dcatalog%26ID%3D166%26lang%3Dru%26find_section_section%3D72%26WF%3DY","1","1","0.0","11.0","00:39:46"
"http://cifra.salelib3.beget.tech/","http://cifra.salelib3.beget.tech/catalog/","http://cifra.salelib3.beget.tech/catalog/suvenirnaya-produktsiya/","Не определено","http://cifra.salelib3.beget.tech/catalog/suvenirnaya-produktsiya/","1","1","0.0","1.0","00:00:15"
"http://cifra.salelib3.beget.tech/","http://cifra.salelib3.beget.tech/catalog/","http://cifra.salelib3.beget.tech/catalog/suvenirnaya-produktsiya/","http://cifra.salelib3.beget.tech/catalog/suvenirnaya-produktsiya/breloki/","http://cifra.salelib3.beget.tech/catalog/suvenirnaya-produktsiya/breloki/brelok-convert-allyuminievyy-serebro/","1","1","1.0","1.0","00:00:00"
"http://cifra.salelib3.beget.tech/","http://cifra.salelib3.beget.tech/catalog/","http://cifra.salelib3.beget.tech/catalog/suvenirnaya-produktsiya/","http://cifra.salelib3.beget.tech/catalog/suvenirnaya-produktsiya/breloki/","http://cifra.salelib3.beget.tech/catalog/suvenirnaya-produktsiya/breloki/brelok-hors/","1","1","0.0","3.0","00:09:02"
"http://cifra.salelib3.beget.tech/","http://cifra.salelib3.beget.tech/catalog/","http://cifra.salelib3.beget.tech/catalog/suvenirnaya-produktsiya/","http://cifra.salelib3.beget.tech/catalog/suvenirnaya-produktsiya/breloki/","http://cifra.salelib3.beget.tech/catalog/suvenirnaya-produktsiya/breloki/brelok-napoli-derevyannyy/","1","1","0.0","2.0","00:18:03"
"http://cifra.salelib3.beget.tech/","http://cifra.salelib3.beget.tech/catalog/","http://cifra.salelib3.beget.tech/catalog/suvenirnaya-produktsiya/","http://cifra.salelib3.beget.tech/catalog/suvenirnaya-produktsiya/breloki/","http://cifra.salelib3.beget.tech/catalog/suvenirnaya-produktsiya/breloki/brelok-otkryvashka-bavariya/","1","1","1.0","1.0","00:00:00"
"http://cifra.salelib3.beget.tech/","http://cifra.salelib3.beget.tech/catalog/","http://cifra.salelib3.beget.tech/catalog/suvenirnaya-produktsiya/","http://cifra.salelib3.beget.tech/catalog/suvenirnaya-produktsiya/brendirovanie-odezhdy/","http://cifra.salelib3.beget.tech/catalog/suvenirnaya-produktsiya/brendirovanie-odezhdy/brendirovanie-beysbolki-kepki/?crm=Y&bridge=Y","1","1","0.0","6.0","00:01:19"
"http://cifra.salelib3.beget.tech/","http://cifra.salelib3.beget.tech/catalog/","http://cifra.salelib3.beget.tech/catalog/suvenirnaya-produktsiya/","http://cifra.salelib3.beget.tech/catalog/suvenirnaya-produktsiya/brendirovanie-odezhdy/","http://cifra.salelib3.beget.tech/catalog/suvenirnaya-produktsiya/brendirovanie-odezhdy/dtf-dtf-pechat/","1","1","0.0","18.0","00:46:30"
"http://cifra.salelib3.beget.tech/","http://cifra.salelib3.beget.tech/catalog/","http://cifra.salelib3.beget.tech/catalog/suvenirnaya-produktsiya/","http://cifra.salelib3.beget.tech/catalog/suvenirnaya-produktsiya/brendirovanie-odezhdy/","http://cifra.salelib3.beget.tech/catalog/suvenirnaya-produktsiya/brendirovanie-odezhdy/sublimatsionnaya-pechat/?crm=Y&bridge=Y","1","1","0.0","7.0","00:01:30"
"http://cifra.salelib3.beget.tech/","http://cifra.salelib3.beget.tech/catalog/","http://cifra.salelib3.beget.tech/catalog/suvenirnaya-produktsiya/","http://cifra.salelib3.beget.tech/catalog/suvenirnaya-produktsiya/brendirovanie-odezhdy/","http://cifra.salelib3.beget.tech/catalog/suvenirnaya-produktsiya/brendirovanie-odezhdy/termoplenka-termotransfer-na-odezhdu/","1","1","1.0","1.0","00:00:00"
"http://cifra.salelib3.beget.tech/","http://cifra.salelib3.beget.tech/catalog/","http://cifra.salelib3.beget.tech/catalog/suvenirnaya-produktsiya/","http://cifra.salelib3.beget.tech/catalog/suvenirnaya-produktsiya/brendirovanie-odezhdy/","http://cifra.salelib3.beget.tech/catalog/suvenirnaya-produktsiya/brendirovanie-odezhdy/termoplenka-termotransfer-na-odezhdu/?crm=Y&bridge=Y","1","1","0.0","21.0","01:35:18"
"http://cifra.salelib3.beget.tech/","http://cifra.salelib3.beget.tech/catalog/","http://cifra.salelib3.beget.tech/catalog/suvenirnaya-produktsiya/","http://cifra.salelib3.beget.tech/catalog/suvenirnaya-produktsiya/ezhednevniki1738/","http://cifra.salelib3.beget.tech/catalog/suvenirnaya-produktsiya/ezhednevniki1738/tisnenie-blintovoe/","1","1","0.0","1.0","00:00:15"
"http://cifra.salelib3.beget.tech/","http://cifra.salelib3.beget.tech/catalog/","http://cifra.salelib3.beget.tech/catalog/suvenirnaya-produktsiya/","http://cifra.salelib3.beget.tech/catalog/suvenirnaya-produktsiya/igry-i-golovolomki/","http://cifra.salelib3.beget.tech/catalog/suvenirnaya-produktsiya/igry-i-golovolomki/","1","1","1.0","1.0","00:00:00"
"http://cifra.salelib3.beget.tech/","http://cifra.salelib3.beget.tech/catalog/","http://cifra.salelib3.beget.tech/catalog/suvenirnaya-produktsiya/","http://cifra.salelib3.beget.tech/catalog/suvenirnaya-produktsiya/igry-i-golovolomki/","http://cifra.salelib3.beget.tech/catalog/suvenirnaya-produktsiya/igry-i-golovolomki/golovolomka-pyatnashki/","1","1","1.0","1.0","00:00:00"
"http://cifra.salelib3.beget.tech/","http://cifra.salelib3.beget.tech/catalog/","http://cifra.salelib3.beget.tech/catalog/suvenirnaya-produktsiya/","http://cifra.salelib3.beget.tech/catalog/suvenirnaya-produktsiya/igry-i-golovolomki/","http://cifra.salelib3.beget.tech/catalog/suvenirnaya-produktsiya/igry-i-golovolomki/igra-derevyannaya-bashnya-mini/","1","1","1.0","1.0","00:00:00"
"http://cifra.salelib3.beget.tech/","http://cifra.salelib3.beget.tech/catalog/","http://cifra.salelib3.beget.tech/catalog/suvenirnaya-produktsiya/","http://cifra.salelib3.beget.tech/catalog/suvenirnaya-produktsiya/igry-i-golovolomki/","http://cifra.salelib3.beget.tech/catalog/suvenirnaya-produktsiya/igry-i-golovolomki/nabor-igr-tetris-pyatnashki-krestiki-noliki/","1","1","0.0","2.0","00:17:09"
"http://cifra.salelib3.beget.tech/","http://cifra.salelib3.beget.tech/catalog/","http://cifra.salelib3.beget.tech/catalog/suvenirnaya-produktsiya/","http://cifra.salelib3.beget.tech/catalog/suvenirnaya-produktsiya/korporativnye-podarki/","http://cifra.salelib3.beget.tech/catalog/suvenirnaya-produktsiya/korporativnye-podarki/","1","1","1.0","1.0","00:00:00"
"http://cifra.salelib3.beget.tech/","http://cifra.salelib3.beget.tech/catalog/","http://cifra.salelib3.beget.tech/catalog/suvenirnaya-produktsiya/","http://cifra.salelib3.beget.tech/catalog/suvenirnaya-produktsiya/korporativnye-podarki/","http://cifra.salelib3.beget.tech/catalog/suvenirnaya-produktsiya/korporativnye-podarki/shokolad-v-korobke4741/","1","1","1.0","1.0","00:00:00"
"http://cifra.salelib3.beget.tech/","http://cifra.salelib3.beget.tech/catalog/","http://cifra.salelib3.beget.tech/catalog/suvenirnaya-produktsiya/","http://cifra.salelib3.beget.tech/catalog/suvenirnaya-produktsiya/kubik-transformer/","http://cifra.salelib3.beget.tech/catalog/suvenirnaya-produktsiya/kubik-transformer/","1","1","0.0","14.0","01:18:00"
"http://cifra.salelib3.beget.tech/","http://cifra.salelib3.beget.tech/catalog/","http://cifra.salelib3.beget.tech/catalog/suvenirnaya-produktsiya/","http://cifra.salelib3.beget.tech/catalog/suvenirnaya-produktsiya/lazernaya-gravirovka-markirovka/","http://cifra.salelib3.beget.tech/catalog/suvenirnaya-produktsiya/lazernaya-gravirovka-markirovka/gravirovka-na-fleshkakh/","1","1","1.0","1.0","00:00:00"
"http://cifra.salelib3.beget.tech/","http://cifra.salelib3.beget.tech/catalog/","http://cifra.salelib3.beget.tech/catalog/suvenirnaya-produktsiya/","http://cifra.salelib3.beget.tech/catalog/suvenirnaya-produktsiya/lazernaya-gravirovka-markirovka/","http://cifra.salelib3.beget.tech/catalog/suvenirnaya-produktsiya/lazernaya-gravirovka-markirovka/gravirovka-na-termose/","1","1","1.0","1.0","00:00:00"
"http://cifra.salelib3.beget.tech/","http://cifra.salelib3.beget.tech/catalog/","http://cifra.salelib3.beget.tech/catalog/suvenirnaya-produktsiya/","http://cifra.salelib3.beget.tech/catalog/suvenirnaya-produktsiya/lazernaya-gravirovka-markirovka/","http://cifra.salelib3.beget.tech/catalog/suvenirnaya-produktsiya/lazernaya-gravirovka-markirovka/lazernaya-gravirovka/","1","1","0.0","1.0","00:00:15"
"http://cifra.salelib3.beget.tech/","http://cifra.salelib3.beget.tech/catalog/","http://cifra.salelib3.beget.tech/catalog/suvenirnaya-produktsiya/","http://cifra.salelib3.beget.tech/catalog/suvenirnaya-produktsiya/magnity-akrilovye/","http://cifra.salelib3.beget.tech/catalog/suvenirnaya-produktsiya/magnity-akrilovye/","1","1","1.0","1.0","00:00:00"
"http://cifra.salelib3.beget.tech/","http://cifra.salelib3.beget.tech/catalog/","http://cifra.salelib3.beget.tech/catalog/suvenirnaya-produktsiya/","http://cifra.salelib3.beget.tech/catalog/suvenirnaya-produktsiya/magnity-vinilovye/","http://cifra.salelib3.beget.tech/catalog/suvenirnaya-produktsiya/magnity-vinilovye/","1","1","0.0","5.0","00:07:06"
"http://cifra.salelib3.beget.tech/","http://cifra.salelib3.beget.tech/catalog/","http://cifra.salelib3.beget.tech/catalog/suvenirnaya-produktsiya/","http://cifra.salelib3.beget.tech/catalog/suvenirnaya-produktsiya/magnity-vinilovye/","http://cifra.salelib3.beget.tech/catalog/suvenirnaya-produktsiya/magnity-vinilovye/figurnye-vinilovye-magnity-/?crm=Y&bridge=Y","1","1","0.0","5.0","00:39:33"
"http://cifra.salelib3.beget.tech/","http://cifra.salelib3.beget.tech/catalog/","http://cifra.salelib3.beget.tech/catalog/suvenirnaya-produktsiya/","http://cifra.salelib3.beget.tech/catalog/suvenirnaya-produktsiya/magnity-vinilovye/","http://cifra.salelib3.beget.tech/catalog/suvenirnaya-produktsiya/magnity-vinilovye/vinilovye-magnity-21kh30sm/","1","1","0.0","2.0","00:18:13"
"http://cifra.salelib3.beget.tech/","http://cifra.salelib3.beget.tech/catalog/","http://cifra.salelib3.beget.tech/catalog/suvenirnaya-produktsiya/","http://cifra.salelib3.beget.tech/catalog/suvenirnaya-produktsiya/magnity-vinilovye/","http://cifra.salelib3.beget.tech/catalog/suvenirnaya-produktsiya/magnity-vinilovye/vinilovye-magnity-30kh42sm/","1","1","1.0","1.0","00:00:00"
"http://cifra.salelib3.beget.tech/","http://cifra.salelib3.beget.tech/catalog/","http://cifra.salelib3.beget.tech/catalog/suvenirnaya-produktsiya/","http://cifra.salelib3.beget.tech/catalog/suvenirnaya-produktsiya/magnity-vinilovye/","http://cifra.salelib3.beget.tech/catalog/suvenirnaya-produktsiya/magnity-vinilovye/vinilovye-magnity-5kh7sm/?crm=Y&bridge=Y","1","1","0.0","1.0","00:00:15"
"http://cifra.salelib3.beget.tech/","http://cifra.salelib3.beget.tech/catalog/","http://cifra.salelib3.beget.tech/catalog/suvenirnaya-produktsiya/","http://cifra.salelib3.beget.tech/catalog/suvenirnaya-produktsiya/medali-kubki-nagradnaya-produktsiya/","http://cifra.salelib3.beget.tech/catalog/suvenirnaya-produktsiya/medali-kubki-nagradnaya-produktsiya/","1","1","0.0","24.0","00:47:16"
"http://cifra.salelib3.beget.tech/","http://cifra.salelib3.beget.tech/catalog/","http://cifra.salelib3.beget.tech/catalog/suvenirnaya-produktsiya/","http://cifra.salelib3.beget.tech/catalog/suvenirnaya-produktsiya/medali-kubki-nagradnaya-produktsiya/","http://cifra.salelib3.beget.tech/catalog/suvenirnaya-produktsiya/medali-kubki-nagradnaya-produktsiya/medali-iz-orgstekla/","1","1","1.0","1.0","00:00:00"
"http://cifra.salelib3.beget.tech/","http://cifra.salelib3.beget.tech/catalog/","http://cifra.salelib3.beget.tech/catalog/suvenirnaya-produktsiya/","http://cifra.salelib3.beget.tech/catalog/suvenirnaya-produktsiya/medali-kubki-nagradnaya-produktsiya/","http://cifra.salelib3.beget.tech/catalog/suvenirnaya-produktsiya/medali-kubki-nagradnaya-produktsiya/medali-iz-orgstekla/?crm=Y&bridge=Y","1","1","0.0","6.0","00:29:16"
"http://cifra.salelib3.beget.tech/","http://cifra.salelib3.beget.tech/catalog/","http://cifra.salelib3.beget.tech/catalog/suvenirnaya-produktsiya/","http://cifra.salelib3.beget.tech/catalog/suvenirnaya-produktsiya/pechat-na-karandashakh/","http://cifra.salelib3.beget.tech/catalog/suvenirnaya-produktsiya/pechat-na-karandashakh/","1","1","1.0","1.0","00:00:00"
"http://cifra.salelib3.beget.tech/","http://cifra.salelib3.beget.tech/catalog/","http://cifra.salelib3.beget.tech/catalog/suvenirnaya-produktsiya/","http://cifra.salelib3.beget.tech/catalog/suvenirnaya-produktsiya/pechat-na-kruzhkakh/","http://cifra.salelib3.beget.tech/catalog/suvenirnaya-produktsiya/pechat-na-kruzhkakh/butylka-dlya-vody-gulp-500ml/","1","1","0.0","1.0","00:00:20"
"http://cifra.salelib3.beget.tech/","http://cifra.salelib3.beget.tech/catalog/","http://cifra.salelib3.beget.tech/catalog/suvenirnaya-produktsiya/","http://cifra.salelib3.beget.tech/catalog/suvenirnaya-produktsiya/pechat-na-kruzhkakh/","http://cifra.salelib3.beget.tech/catalog/suvenirnaya-produktsiya/pechat-na-kruzhkakh/kruzhka-khameleon-330ml/","1","1","1.0","1.0","00:00:00"
"http://cifra.salelib3.beget.tech/","http://cifra.salelib3.beget.tech/catalog/","http://cifra.salelib3.beget.tech/catalog/suvenirnaya-produktsiya/","http://cifra.salelib3.beget.tech/catalog/suvenirnaya-produktsiya/pechat-na-kruzhkakh/","http://cifra.salelib3.beget.tech/catalog/suvenirnaya-produktsiya/pechat-na-kruzhkakh/kruzhka-latte-350ml/","1","1","1.0","1.0","00:00:00"
"http://cifra.salelib3.beget.tech/","http://cifra.salelib3.beget.tech/catalog/","http://cifra.salelib3.beget.tech/catalog/suvenirnaya-produktsiya/","http://cifra.salelib3.beget.tech/catalog/suvenirnaya-produktsiya/pechat-na-kruzhkakh/","http://cifra.salelib3.beget.tech/catalog/suvenirnaya-produktsiya/pechat-na-kruzhkakh/kruzhka-serebryanaya-zolotaya-330ml/","1","1","1.0","1.0","00:00:00"
"http://cifra.salelib3.beget.tech/","http://cifra.salelib3.beget.tech/catalog/","http://cifra.salelib3.beget.tech/catalog/suvenirnaya-produktsiya/","http://cifra.salelib3.beget.tech/catalog/suvenirnaya-produktsiya/pechat-na-kruzhkakh/","http://cifra.salelib3.beget.tech/catalog/suvenirnaya-produktsiya/pechat-na-kruzhkakh/termos-bronx-soft-tach-450ml/","1","1","0.0","1.0","00:00:15"
"http://cifra.salelib3.beget.tech/","http://cifra.salelib3.beget.tech/catalog/","http://cifra.salelib3.beget.tech/catalog/suvenirnaya-produktsiya/","http://cifra.salelib3.beget.tech/catalog/suvenirnaya-produktsiya/pechat-na-ruchkakh/","http://cifra.salelib3.beget.tech/catalog/suvenirnaya-produktsiya/pechat-na-ruchkakh/chekhol-dlya-ruchki-2/","1","1","1.0","1.0","00:00:00"
"http://cifra.salelib3.beget.tech/","http://cifra.salelib3.beget.tech/catalog/","http://cifra.salelib3.beget.tech/catalog/suvenirnaya-produktsiya/","http://cifra.salelib3.beget.tech/catalog/suvenirnaya-produktsiya/pechat-na-ruchkakh/","http://cifra.salelib3.beget.tech/catalog/suvenirnaya-produktsiya/pechat-na-ruchkakh/chekhol-dlya-ruchki53243861/","1","1","1.0","1.0","00:00:00"
"http://cifra.salelib3.beget.tech/","http://cifra.salelib3.beget.tech/catalog/","http://cifra.salelib3.beget.tech/catalog/suvenirnaya-produktsiya/","http://cifra.salelib3.beget.tech/catalog/suvenirnaya-produktsiya/pechat-na-ruchkakh/","http://cifra.salelib3.beget.tech/catalog/suvenirnaya-produktsiya/pechat-na-ruchkakh/ruchka-metallicheskaya-s-pokrytiem-soft-tach-sanshayn-/","1","1","1.0","1.0","00:00:00"
"http://cifra.salelib3.beget.tech/","http://cifra.salelib3.beget.tech/catalog/","http://cifra.salelib3.beget.tech/catalog/suvenirnaya-produktsiya/","http://cifra.salelib3.beget.tech/catalog/suvenirnaya-produktsiya/pechat-na-ruchkakh/","http://cifra.salelib3.beget.tech/catalog/suvenirnaya-produktsiya/pechat-na-ruchkakh/ruchka-metallicheskaya-s-pokrytiem-soft-tach-title-t-tinny/","1","1","1.0","1.0","00:00:00"
"http://cifra.salelib3.beget.tech/","http://cifra.salelib3.beget.tech/catalog/","http://cifra.salelib3.beget.tech/catalog/suvenirnaya-produktsiya/","http://cifra.salelib3.beget.tech/catalog/suvenirnaya-produktsiya/pechat-na-ruchkakh/","http://cifra.salelib3.beget.tech/catalog/suvenirnaya-produktsiya/pechat-na-ruchkakh/ruchka-sharikovaya-title-f/?crm=Y&bridge=Y","1","1","1.0","1.0","00:00:00"
"http://cifra.salelib3.beget.tech/","http://cifra.salelib3.beget.tech/catalog/","http://cifra.salelib3.beget.tech/catalog/suvenirnaya-produktsiya/","http://cifra.salelib3.beget.tech/catalog/suvenirnaya-produktsiya/pechat-na-ruchkakh/","http://cifra.salelib3.beget.tech/catalog/suvenirnaya-produktsiya/pechat-na-ruchkakh/ruchka-sharikovaya-title-m9103/?crm=Y&bridge=Y","1","1","0.0","1.0","00:00:16"
"http://cifra.salelib3.beget.tech/","http://cifra.salelib3.beget.tech/catalog/","http://cifra.salelib3.beget.tech/catalog/suvenirnaya-produktsiya/","http://cifra.salelib3.beget.tech/catalog/suvenirnaya-produktsiya/pechat-na-ruchkakh/","http://cifra.salelib3.beget.tech/catalog/suvenirnaya-produktsiya/pechat-na-ruchkakh/ruchka-sharikovaya-title-p/","1","1","0.0","3.0","00:39:20"
"http://cifra.salelib3.beget.tech/","http://cifra.salelib3.beget.tech/catalog/","http://cifra.salelib3.beget.tech/catalog/suvenirnaya-produktsiya/","http://cifra.salelib3.beget.tech/catalog/suvenirnaya-produktsiya/pechat-na-usb-ustroystvakh/","http://cifra.salelib3.beget.tech/catalog/suvenirnaya-produktsiya/pechat-na-usb-ustroystvakh/","1","1","0.0","9.0","00:05:01"
"http://cifra.salelib3.beget.tech/","http://cifra.salelib3.beget.tech/catalog/","http://cifra.salelib3.beget.tech/catalog/suvenirnaya-produktsiya/","http://cifra.salelib3.beget.tech/catalog/suvenirnaya-produktsiya/pechat-na-usb-ustroystvakh/","http://cifra.salelib3.beget.tech/catalog/suvenirnaya-produktsiya/pechat-na-usb-ustroystvakh/pechat-na-fleshkakh/","1","1","1.0","1.0","00:00:00"
"http://cifra.salelib3.beget.tech/","http://cifra.salelib3.beget.tech/catalog/","http://cifra.salelib3.beget.tech/catalog/suvenirnaya-produktsiya/","http://cifra.salelib3.beget.tech/catalog/suvenirnaya-produktsiya/pechat-na-usb-ustroystvakh/","http://cifra.salelib3.beget.tech/catalog/suvenirnaya-produktsiya/pechat-na-usb-ustroystvakh/pechat-na-fleshkakh/?crm=Y&bridge=Y","1","1","0.0","3.0","00:01:03"
"http://cifra.salelib3.beget.tech/","http://cifra.salelib3.beget.tech/catalog/","http://cifra.salelib3.beget.tech/catalog/suvenirnaya-produktsiya/","http://cifra.salelib3.beget.tech/catalog/suvenirnaya-produktsiya/ryukzaki-i-sumki/","http://cifra.salelib3.beget.tech/catalog/suvenirnaya-produktsiya/ryukzaki-i-sumki/ryukzak-basis/","1","1","1.0","1.0","00:00:00"
"http://cifra.salelib3.beget.tech/","http://cifra.salelib3.beget.tech/catalog/","http://cifra.salelib3.beget.tech/catalog/suvenirnaya-produktsiya/","http://cifra.salelib3.beget.tech/catalog/suvenirnaya-produktsiya/ryukzaki-i-sumki/","http://cifra.salelib3.beget.tech/catalog/suvenirnaya-produktsiya/ryukzaki-i-sumki/sumka-dlya-obuvi-tip/","1","1","1.0","1.0","00:00:00"
"http://cifra.salelib3.beget.tech/","http://cifra.salelib3.beget.tech/catalog/","http://cifra.salelib3.beget.tech/catalog/suvenirnaya-produktsiya/","http://cifra.salelib3.beget.tech/catalog/suvenirnaya-produktsiya/ryukzaki-i-sumki/","http://cifra.salelib3.beget.tech/catalog/suvenirnaya-produktsiya/ryukzaki-i-sumki/sumka-shopper-belyy/","1","1","0.0","5.0","00:30:32"
"http://cifra.salelib3.beget.tech/","http://cifra.salelib3.beget.tech/catalog/","http://cifra.salelib3.beget.tech/catalog/suvenirnaya-produktsiya/","http://cifra.salelib3.beget.tech/catalog/suvenirnaya-produktsiya/ryukzaki-i-sumki/","http://cifra.salelib3.beget.tech/catalog/suvenirnaya-produktsiya/ryukzaki-i-sumki/sumka-shopper-bezhevyy/?crm=Y&bridge=Y","1","1","1.0","1.0","00:00:00"
"http://cifra.salelib3.beget.tech/","http://cifra.salelib3.beget.tech/catalog/","http://cifra.salelib3.beget.tech/catalog/suvenirnaya-produktsiya/","http://cifra.salelib3.beget.tech/catalog/suvenirnaya-produktsiya/ryukzaki-i-sumki/","http://cifra.salelib3.beget.tech/catalog/suvenirnaya-produktsiya/ryukzaki-i-sumki/sumka-shopper-chernyy/","1","1","0.0","3.0","00:21:25"
"http://cifra.salelib3.beget.tech/","http://cifra.salelib3.beget.tech/catalog/","http://cifra.salelib3.beget.tech/catalog/suvenirnaya-produktsiya/","http://cifra.salelib3.beget.tech/catalog/suvenirnaya-produktsiya/shokolad/","http://cifra.salelib3.beget.tech/catalog/suvenirnaya-produktsiya/shokolad/otkrytka-a6-a5-v-razvorote-s-shokoladom/?crm=Y&bridge=Y","1","1","0.0","6.0","00:05:48"
"http://cifra.salelib3.beget.tech/","http://cifra.salelib3.beget.tech/catalog/","http://cifra.salelib3.beget.tech/catalog/suvenirnaya-produktsiya/","http://cifra.salelib3.beget.tech/catalog/suvenirnaya-produktsiya/shokolad/","http://cifra.salelib3.beget.tech/catalog/suvenirnaya-produktsiya/shokolad/shokolad-5gr-v-korobke-24sht-v-korobke/","1","1","1.0","1.0","00:00:00"
"http://cifra.salelib3.beget.tech/","http://cifra.salelib3.beget.tech/catalog/","http://cifra.salelib3.beget.tech/catalog/suvenirnaya-produktsiya/","http://cifra.salelib3.beget.tech/catalog/suvenirnaya-produktsiya/shokolad/","http://cifra.salelib3.beget.tech/catalog/suvenirnaya-produktsiya/shokolad/shokolad-v-korobke/","1","1","1.0","1.0","00:00:00"
"http://cifra.salelib3.beget.tech/","http://cifra.salelib3.beget.tech/catalog/","http://cifra.salelib3.beget.tech/catalog/suvenirnaya-produktsiya/","http://cifra.salelib3.beget.tech/catalog/suvenirnaya-produktsiya/tablichka-dlya-oplaty-s-qr-kodom/","http://cifra.salelib3.beget.tech/catalog/suvenirnaya-produktsiya/tablichka-dlya-oplaty-s-qr-kodom/","1","1","0.0","2.0","00:00:19"
"http://cifra.salelib3.beget.tech/","http://cifra.salelib3.beget.tech/catalog/","http://cifra.salelib3.beget.tech/catalog/suvenirnaya-produktsiya/","http://cifra.salelib3.beget.tech/catalog/suvenirnaya-produktsiya/tablichka-dlya-oplaty-s-qr-kodom/","http://cifra.salelib3.beget.tech/catalog/suvenirnaya-produktsiya/tablichka-dlya-oplaty-s-qr-kodom/tablichka-dlya-oplaty-s-qr-kodom-bez-podstavki/?crm=Y&bridge=Y","1","1","0.0","13.0","00:19:55"
"http://cifra.salelib3.beget.tech/","http://cifra.salelib3.beget.tech/catalog/","http://cifra.salelib3.beget.tech/catalog/suvenirnaya-produktsiya/","http://cifra.salelib3.beget.tech/catalog/suvenirnaya-produktsiya/tablichka-dlya-oplaty-s-qr-kodom/","http://cifra.salelib3.beget.tech/catalog/suvenirnaya-produktsiya/tablichka-dlya-oplaty-s-qr-kodom/tablichka-dlya-oplaty-s-qr-kodom-na-bruske/","1","1","0.0","1.0","00:00:26"
"http://cifra.salelib3.beget.tech/","http://cifra.salelib3.beget.tech/catalog/","http://cifra.salelib3.beget.tech/catalog/suvenirnaya-produktsiya/","http://cifra.salelib3.beget.tech/catalog/suvenirnaya-produktsiya/znachki-zakatnye9558/","http://cifra.salelib3.beget.tech/catalog/suvenirnaya-produktsiya/znachki-zakatnye9558/zakatnye-znachki-matovye/","1","1","0.0","2.0","00:02:52"
"http://cifra.salelib3.beget.tech/","http://cifra.salelib3.beget.tech/news/","Не определено","Не определено","http://cifra.salelib3.beget.tech/news/","1","1","0.0","26.0","02:10:14"
"http://cifra.salelib3.beget.tech/","http://cifra.salelib3.beget.tech/search/","http://cifra.salelib3.beget.tech/search/?q=браслет","Не определено","http://cifra.salelib3.beget.tech/search/?q=браслет","1","1","0.0","2.0","00:00:18"
"http://цифра18.рф/","http://цифра18.рф/catalog/","http://цифра18.рф/catalog/inzhenernaya-pechat/","http://цифра18.рф/catalog/inzhenernaya-pechat/faltsovka-do-a3/","http://цифра18.рф/catalog/inzhenernaya-pechat/faltsovka-do-a3/","1","1","1.0","1.0","00:00:00"
"http://цифра18.рф/","http://цифра18.рф/catalog/","http://цифра18.рф/catalog/poligrafiya/","http://цифра18.рф/catalog/poligrafiya/bloki-dlya-zapisey-kubariki/","http://цифра18.рф/catalog/poligrafiya/bloki-dlya-zapisey-kubariki/bloki-dlya-zapisey-1-0-50-100-listov/","1","1","1.0","1.0","00:00:00"
"http://цифра18.рф/","http://цифра18.рф/catalog/","http://цифра18.рф/catalog/poligrafiya/","http://цифра18.рф/catalog/poligrafiya/laminirovanie/","http://цифра18.рф/catalog/poligrafiya/laminirovanie/","1","1","0.0","1.0","00:00:16"
"http://цифра18.рф/","http://цифра18.рф/catalog/","http://цифра18.рф/catalog/poligrafiya/","http://цифра18.рф/catalog/poligrafiya/vizitki/","http://цифра18.рф/catalog/poligrafiya/vizitki/ofsetnaya-pechat-standartnykh-vizitok/","1","1","1.0","1.0","00:00:00"
"http://цифра18.рф/","http://цифра18.рф/catalog/","http://цифра18.рф/catalog/suvenirnaya-produktsiya/","http://цифра18.рф/catalog/suvenirnaya-produktsiya/breloki/","http://цифра18.рф/catalog/suvenirnaya-produktsiya/breloki/brelok-otkryvashka-bavariya/","1","1","1.0","1.0","00:00:00"
"http://цифра18.рф/","http://цифра18.рф/catalog/","http://цифра18.рф/catalog/suvenirnaya-produktsiya/","http://цифра18.рф/catalog/suvenirnaya-produktsiya/brendirovanie-odezhdy/","http://цифра18.рф/catalog/suvenirnaya-produktsiya/brendirovanie-odezhdy/korobka-dlya-futbolok/","1","1","1.0","1.0","00:00:00"
"http://цифра18.рф/","http://цифра18.рф/catalog/","http://цифра18.рф/catalog/suvenirnaya-produktsiya/","http://цифра18.рф/catalog/suvenirnaya-produktsiya/korporativnye-podarki/","http://цифра18.рф/catalog/suvenirnaya-produktsiya/korporativnye-podarki/","1","1","1.0","1.0","00:00:03"
"http://цифра18.рф/","http://цифра18.рф/catalog/","http://цифра18.рф/catalog/suvenirnaya-produktsiya/","http://цифра18.рф/catalog/suvenirnaya-produktsiya/pechat-na-kruzhkakh/","http://цифра18.рф/catalog/suvenirnaya-produktsiya/pechat-na-kruzhkakh/kruzhka-serebryanaya-zolotaya-330ml/","1","1","1.0","1.0","00:00:00"
"http://цифра18.рф/","http://цифра18.рф/catalog/","http://цифра18.рф/catalog/suvenirnaya-produktsiya/","http://цифра18.рф/catalog/suvenirnaya-produktsiya/pechat-na-kruzhkakh/","http://цифра18.рф/catalog/suvenirnaya-produktsiya/pechat-na-kruzhkakh/tsvetnaya-kruzhka-matovaya-330ml/","1","1","1.0","1.0","00:00:00"
"http://цифра18.рф/","http://цифра18.рф/catalog/","http://цифра18.рф/catalog/suvenirnaya-produktsiya/","http://цифра18.рф/catalog/suvenirnaya-produktsiya/pechat-na-ruchkakh/","http://цифра18.рф/catalog/suvenirnaya-produktsiya/pechat-na-ruchkakh/ruchka-sharikovaya-title-d/","1","1","1.0","1.0","00:00:00"
"http://цифра18.рф/","http://цифра18.рф/catalog/","http://цифра18.рф/catalog/suvenirnaya-produktsiya/","http://цифра18.рф/catalog/suvenirnaya-produktsiya/ryukzaki-i-sumki/","http://цифра18.рф/catalog/suvenirnaya-produktsiya/ryukzaki-i-sumki/sumka-dlya-obuvi-tip6932/","1","1","0.0","1.0","00:00:16"
"https://yandexwebcache.net/","https://yandexwebcache.net/yandbtm?","https://yandexwebcache.net/yandbtm?fmode=inject&tm=1788158868&tld=ru&lang=ru&la=1781774080&text=Типография Ижевский электромеханический завод Купол работает или нет&url=https:/","https://yandexwebcache.net/yandbtm?fmode=inject&tm=1788158868&tld=ru&lang=ru&la=1781774080&text=Типография Ижевский электромеханический завод Купол работает или нет&url=https://xn--18-6kc5a3bxam.xn--p1ai/","https://yandexwebcache.net/yandbtm?fmode=inject&tm=1788158868&tld=ru&lang=ru&la=1781774080&text=Типография Ижевский электромеханический завод Купол работает или нет&url=https://xn--18-6kc5a3bxam.xn--p1ai/catalog/inzhenernaya-pechat/kserokopiya/kserokopiya-a2-a0/&l10n=ru&mime=html&sign=5d2f5f073ed58c104e6c799efe2be05f&keyno=0","1","1","0.0","3.0","00:01:35"
"https://цифра18.рф/","https://цифра18.рф/#video-3628","Не определено","Не определено","https://цифра18.рф/#video-3628","1","1","1.0","1.0","00:00:00"
"https://цифра18.рф/","https://цифра18.рф/?attachment_id=423","Не определено","Не определено","https://цифра18.рф/?attachment_id=423","1","1","1.0","1.0","00:00:00"
"https://цифра18.рф/","https://цифра18.рф/?back_url_admin=%2Fbitrix%2Fadmin%2Ffileman_admin.php%3Flang%3Dru%26site%3Ds1%26path%3D%2Flocal%2Fadmin","Не определено","Не определено","https://цифра18.рф/?back_url_admin=%2Fbitrix%2Fadmin%2Ffileman_admin.php%3Flang%3Dru%26site%3Ds1%26path%3D%2Flocal%2Fadmin","1","1","1.0","1.0","00:00:00"
"https://цифра18.рф/","https://цифра18.рф/?back_url_admin=%2Fbitrix%2Fadmin%2Ffileman_admin.php%3Flang%3Dru%26site%3Ds1%26path%3D%2Flocal%2Fjs","Не определено","Не определено","https://цифра18.рф/?back_url_admin=%2Fbitrix%2Fadmin%2Ffileman_admin.php%3Flang%3Dru%26site%3Ds1%26path%3D%2Flocal%2Fjs","1","1","0.0","4.0","00:09:27"
"https://цифра18.рф/","https://цифра18.рф/?back_url_admin=%2Fbitrix%2Fadmin%2Ffileman_admin.php%3Flang%3Dru%26site%3Ds1%26path%3D%2Flocal%2Ftemplates%2Fcifra_new%2Fcomponents%2Fbitrix%2Fcatalog.element%2Ffrom_rsm","Не определено","Не определено","https://цифра18.рф/?back_url_admin=%2Fbitrix%2Fadmin%2Ffileman_admin.php%3Flang%3Dru%26site%3Ds1%26path%3D%2Flocal%2Ftemplates%2Fcifra_new%2Fcomponents%2Fbitrix%2Fcatalog.element%2Ffrom_rsm","1","1","0.0","1.0","00:00:16"
"https://цифра18.рф/","https://цифра18.рф/?back_url_admin=%2Fbitrix%2Fadmin%2Ffileman_admin.php%3Fpath%3D%2F%26lang%3Dru%26site%3Ds1","Не определено","Не определено","https://цифра18.рф/?back_url_admin=%2Fbitrix%2Fadmin%2Ffileman_admin.php%3Fpath%3D%2F%26lang%3Dru%26site%3Ds1","1","1","0.0","3.0","00:25:54"
"https://цифра18.рф/","https://цифра18.рф/?back_url_admin=%2Fbitrix%2Fadmin%2Fiblock_element_admin.php%3FIBLOCK_ID%3D19%26type%3Dcatalog%26lang%3Dru%26find_el_y%3DY%26clear_filter%3DY%26apply_filter%3DY","Не определено","Не определено","https://цифра18.рф/?back_url_admin=%2Fbitrix%2Fadmin%2Fiblock_element_admin.php%3FIBLOCK_ID%3D19%26type%3Dcatalog%26lang%3Dru%26find_el_y%3DY%26clear_filter%3DY%26apply_filter%3DY","1","1","0.0","9.0","00:21:40"
"https://цифра18.рф/","https://цифра18.рф/?back_url_admin=%2Fbitrix%2Fadmin%2Fiblock_element_admin.php%3FIBLOCK_ID%3D4%26type%3Dcatalog%26lang%3Dru%26find_section_section%3D128","Не определено","Не определено","https://цифра18.рф/?back_url_admin=%2Fbitrix%2Fadmin%2Fiblock_element_admin.php%3FIBLOCK_ID%3D4%26type%3Dcatalog%26lang%3Dru%26find_section_section%3D128","1","1","0.0","3.0","00:00:25"
"https://цифра18.рф/","https://цифра18.рф/?back_url_admin=%2Fbitrix%2Fadmin%2Fiblock_element_admin.php%3FIBLOCK_ID%3D4%26type%3Dcatalog%26lang%3Dru%26find_section_section%3D63%26SECTION_ID%3D63%26apply_filter%3DY","Не определено","Не определено","https://цифра18.рф/?back_url_admin=%2Fbitrix%2Fadmin%2Fiblock_element_admin.php%3FIBLOCK_ID%3D4%26type%3Dcatalog%26lang%3Dru%26find_section_section%3D63%26SECTION_ID%3D63%26apply_filter%3DY","1","1","0.0","3.0","00:00:25"
"https://цифра18.рф/","https://цифра18.рф/?back_url_admin=%2Fbitrix%2Fadmin%2Fiblock_element_edit.php%3FIBLOCK_ID%3D3%26type%3Dyenisite_market%26lang%3Dru%26ID%3D3626%26find_section_section%3D-1%26WF%3DY","Не определено","Не определено","https://цифра18.рф/?back_url_admin=%2Fbitrix%2Fadmin%2Fiblock_element_edit.php%3FIBLOCK_ID%3D3%26type%3Dyenisite_market%26lang%3Dru%26ID%3D3626%26find_section_section%3D-1%26WF%3DY","1","1","0.0","18.0","00:24:14"
"https://цифра18.рф/","https://цифра18.рф/?back_url_admin=%2Fbitrix%2Fadmin%2Fiblock_element_edit.php%3FIBLOCK_ID%3D8%26type%3Dcatalog%26ID%3D3457%26lang%3Dru%26find_section_section%3D91%26WF%3DY","Не определено","Не определено","https://цифра18.рф/?back_url_admin=%2Fbitrix%2Fadmin%2Fiblock_element_edit.php%3FIBLOCK_ID%3D8%26type%3Dcatalog%26ID%3D3457%26lang%3Dru%26find_section_section%3D91%26WF%3DY","1","1","0.0","19.0","00:23:22"
"https://цифра18.рф/","https://цифра18.рф/?back_url_admin=%2Fbitrix%2Fadmin%2Fiblock_section_edit.php%3FIBLOCK_ID%3D4%26type%3Dcatalog%26lang%3Dru%26ID%3D154%26find_section_section%3D11%26from%3Diblock_section_admin","Не определено","Не определено","https://цифра18.рф/?back_url_admin=%2Fbitrix%2Fadmin%2Fiblock_section_edit.php%3FIBLOCK_ID%3D4%26type%3Dcatalog%26lang%3Dru%26ID%3D154%26find_section_section%3D11%26from%3Diblock_section_admin","1","1","0.0","14.0","00:02:46"
"https://цифра18.рф/","https://цифра18.рф/?back_url_admin=%2Fbitrix%2Fadmin%2Fuser_edit.php%3Flang%3Dru%26ID%3D3","Не определено","Не определено","https://цифра18.рф/?back_url_admin=%2Fbitrix%2Fadmin%2Fuser_edit.php%3Flang%3Dru%26ID%3D3","1","1","0.0","2.0","00:00:27"
"https://цифра18.рф/","https://цифра18.рф/?clear_cache=Y","Не определено","Не определено","https://цифра18.рф/?clear_cache=Y","1","1","0.0","1.0","00:00:25"
"https://цифра18.рф/","https://цифра18.рф/?utm_referrer=yell.ru","Не определено","Не определено","https://цифра18.рф/?utm_referrer=yell.ru","1","1","0.0","1.0","00:00:29"
"https://цифра18.рф/","https://цифра18.рф/?ved=2ahUKEwju0qT7yoSWAxWJPxAIHYkWI3UQgU96BAgeEAg","Не определено","Не определено","https://цифра18.рф/?ved=2ahUKEwju0qT7yoSWAxWJPxAIHYkWI3UQgU96BAgeEAg","1","1","0.0","3.0","00:26:21"
"https://цифра18.рф/","https://цифра18.рф/account/","https://цифра18.рф/account/cart/","Не определено","https://цифра18.рф/account/cart/","1","1","0.0","1.0","00:00:15"
"https://цифра18.рф/","https://цифра18.рф/account/","https://цифра18.рф/account/cart/","https://цифра18.рф/account/cart/thank_you.php?","https://цифра18.рф/account/cart/thank_you.php?id=3619&back_url_admin=%2Fbitrix%2Fadmin%2F%3Flang%3Dru","1","1","0.0","18.0","00:46:36"
"https://цифра18.рф/","https://цифра18.рф/brendirovanie-okon-vitrin-magazina-ili-torgovogo-centra/","Не определено","Не определено","https://цифра18.рф/brendirovanie-okon-vitrin-magazina-ili-torgovogo-centra/","1","1","1.0","1.0","00:00:00"
"https://цифра18.рф/","https://цифра18.рф/catalog/","https://цифра18.рф/catalog/inzhenernaya-pechat/","https://цифра18.рф/catalog/inzhenernaya-pechat/kserokopiya/","https://цифра18.рф/catalog/inzhenernaya-pechat/kserokopiya/kserokopiya-a4-a3/","1","1","0.0","2.0","00:00:28"
"https://цифра18.рф/","https://цифра18.рф/catalog/","https://цифра18.рф/catalog/inzhenernaya-pechat/","https://цифра18.рф/catalog/inzhenernaya-pechat/pechat-chertezhey-proektnoy-dokumentatsii/","https://цифра18.рф/catalog/inzhenernaya-pechat/pechat-chertezhey-proektnoy-dokumentatsii/pechat-chertezhey/?crm=Y&bridge=Y","1","1","0.0","7.0","00:05:31"
"https://цифра18.рф/","https://цифра18.рф/catalog/","https://цифра18.рф/catalog/inzhenernaya-pechat/","https://цифра18.рф/catalog/inzhenernaya-pechat/pechat-chertezhey-proektnoy-dokumentatsii/","https://цифра18.рф/catalog/inzhenernaya-pechat/pechat-chertezhey-proektnoy-dokumentatsii/pechat-chertezhey7148/","1","1","0.0","3.0","00:02:19"
"https://цифра18.рф/","https://цифра18.рф/catalog/","https://цифра18.рф/catalog/inzhenernaya-pechat/","https://цифра18.рф/catalog/inzhenernaya-pechat/pereplet-na-skobu/","https://цифра18.рф/catalog/inzhenernaya-pechat/pereplet-na-skobu/","1","1","1.0","1.0","00:00:00"
"https://цифра18.рф/","https://цифра18.рф/catalog/","https://цифра18.рф/catalog/inzhenernaya-pechat/","https://цифра18.рф/catalog/inzhenernaya-pechat/skanirovanie/","https://цифра18.рф/catalog/inzhenernaya-pechat/skanirovanie/ckanirovanie3229/?crm=Y&bridge=Y","1","1","0.0","7.0","00:13:29"
"https://цифра18.рф/","https://цифра18.рф/catalog/","https://цифра18.рф/catalog/mobilnye-stendy/","https://цифра18.рф/catalog/mobilnye-stendy/l-banner/","https://цифра18.рф/catalog/mobilnye-stendy/l-banner/","1","1","0.0","1.0","00:00:16"
"https://цифра18.рф/","https://цифра18.рф/catalog/","https://цифра18.рф/catalog/mobilnye-stendy/","https://цифра18.рф/catalog/mobilnye-stendy/roll-up-0-85kh2-m/","https://цифра18.рф/catalog/mobilnye-stendy/roll-up-0-85kh2-m/?crm=Y&bridge=Y","1","1","1.0","1.0","00:00:00"
"https://цифра18.рф/","https://цифра18.рф/catalog/","https://цифра18.рф/catalog/p oligrafiya/","https://цифра18.рф/catalog/p oligrafiya/pakety/","https://цифра18.рф/catalog/p oligrafiya/pakety/bumazhnyy- paket-prezentatsionnyy/","1","1","0.0","2.0","00:00:36"
"https://цифра18.рф/","https://цифра18.рф/catalog/","https://цифра18.рф/catalog/p/","Не определено","https://цифра18.рф/catalog/p/","1","1","1.0","1.0","00:00:00"
"https://цифра18.рф/","https://цифра18.рф/catalog/","https://цифра18.рф/catalog/poligrafiya/","https://цифра18.рф/catalog/poligrafiya/beydzhi/","https://цифра18.рф/catalog/poligrafiya/beydzhi/beydzh-iz-orgstekla-30kh70mm/?crm=Y&bridge=Y","1","1","0.0","3.0","00:14:21"
"https://цифра18.рф/","https://цифра18.рф/catalog/","https://цифра18.рф/catalog/poligrafiya/","https://цифра18.рф/catalog/poligrafiya/beydzhi/","https://цифра18.рф/catalog/poligrafiya/beydzhi/beydzh-laminirovannyy/?crm=Y&bridge=Y","1","1","0.0","1.0","00:00:13"
"https://цифра18.рф/","https://цифра18.рф/catalog/","https://цифра18.рф/catalog/poligrafiya/","https://цифра18.рф/catalog/poligrafiya/beydzhi/","https://цифра18.рф/catalog/poligrafiya/beydzhi/beydzh-metallicheskiy-51kh76mm/?crm=Y&bridge=Y","1","1","0.0","18.0","01:55:23"
"https://цифра18.рф/","https://цифра18.рф/catalog/","https://цифра18.рф/catalog/poligrafiya/","https://цифра18.рф/catalog/poligrafiya/beydzhi/","https://цифра18.рф/catalog/poligrafiya/beydzhi/lenta-landyard-dlya-beydzha-s-logotipom-brendirovannaya/?crm=Y&bridge=Y","1","1","1.0","1.0","00:00:00"
"https://цифра18.рф/","https://цифра18.рф/catalog/","https://цифра18.рф/catalog/poligrafiya/","https://цифра18.рф/catalog/poligrafiya/birki/","https://цифра18.рф/catalog/poligrafiya/birki/birki-so-sgibom/","1","1","1.0","1.0","00:00:00"
"https://цифра18.рф/","https://цифра18.рф/catalog/","https://цифра18.рф/catalog/poligrafiya/","https://цифра18.рф/catalog/poligrafiya/bloki-dlya-zapisey-kubariki/","https://цифра18.рф/catalog/poligrafiya/bloki-dlya-zapisey-kubariki/bloki-dlya-zapisey-1-0-50-100-listov/","1","1","1.0","1.0","00:00:00"
"https://цифра18.рф/","https://цифра18.рф/catalog/","https://цифра18.рф/catalog/poligrafiya/","https://цифра18.рф/catalog/poligrafiya/bloki-dlya-zapisey-kubariki/","https://цифра18.рф/catalog/poligrafiya/bloki-dlya-zapisey-kubariki/bloki-dlya-zapisey-4-0-50-100-listov/","1","1","1.0","1.0","00:00:00"
"https://цифра18.рф/","https://цифра18.рф/catalog/","https://цифра18.рф/catalog/poligrafiya/","https://цифра18.рф/catalog/poligrafiya/bloknoty/","https://цифра18.рф/catalog/poligrafiya/bloknoty/pechat-bloknotov-a6-oblozhka-4-0-0-0/","1","1","1.0","1.0","00:00:00"
"https://цифра18.рф/","https://цифра18.рф/catalog/","https://цифра18.рф/catalog/poligrafiya/","https://цифра18.рф/catalog/poligrafiya/bumazhnyy-paket-belyy-/","https://цифра18.рф/catalog/poligrafiya/bumazhnyy-paket-belyy-/","1","1","0.0","1.0","00:00:15"
"https://цифра18.рф/","https://цифра18.рф/catalog/","https://цифра18.рф/catalog/poligrafiya/","https://цифра18.рф/catalog/poligrafiya/folgirovanie/","https://цифра18.рф/catalog/poligrafiya/folgirovanie/","1","1","0.0","7.0","00:10:53"
"https://цифра18.рф/","https://цифра18.рф/catalog/","https://цифра18.рф/catalog/poligrafiya/","https://цифра18.рф/catalog/poligrafiya/folgirovanie/","https://цифра18.рф/catalog/poligrafiya/folgirovanie/tsifrovoe-folgirovanie/","1","1","0.0","3.0","00:00:24"
"https://цифра18.рф/","https://цифра18.рф/catalog/","https://цифра18.рф/catalog/poligrafiya/","https://цифра18.рф/catalog/poligrafiya/kalendari/","https://цифра18.рф/catalog/poligrafiya/kalendari/kalendar-domik-samosbornyy/","1","1","0.0","1.0","00:00:15"
"https://цифра18.рф/","https://цифра18.рф/catalog/","https://цифра18.рф/catalog/poligrafiya/","https://цифра18.рф/catalog/poligrafiya/kalendari/","https://цифра18.рф/catalog/poligrafiya/kalendari/kalendar-domik-samosbornyy/?crm=Y&bridge=Y","1","1","1.0","1.0","00:00:00"
"https://цифра18.рф/","https://цифра18.рф/catalog/","https://цифра18.рф/catalog/poligrafiya/","https://цифра18.рф/catalog/poligrafiya/kalendari/","https://цифра18.рф/catalog/poligrafiya/kalendari/kalendar-karmannyy/","1","1","0.0","1.0","00:00:15"
"https://цифра18.рф/","https://цифра18.рф/catalog/","https://цифра18.рф/catalog/poligrafiya/","https://цифра18.рф/catalog/poligrafiya/kalendari/","https://цифра18.рф/catalog/poligrafiya/kalendari/korobka-dlya-kalendarya/","1","1","1.0","1.0","00:00:00"
"https://цифра18.рф/","https://цифра18.рф/catalog/","https://цифра18.рф/catalog/poligrafiya/","https://цифра18.рф/catalog/poligrafiya/kalendari/","https://цифра18.рф/catalog/poligrafiya/kalendari/kvartalnyy-kalendar-2027-biznes-3-reklamnykh-polya-/?crm=Y&bridge=Y","1","1","0.0","23.0","00:18:22"
"https://цифра18.рф/","https://цифра18.рф/catalog/","https://цифра18.рф/catalog/poligrafiya/","https://цифра18.рф/catalog/poligrafiya/kalendari/","https://цифра18.рф/catalog/poligrafiya/kalendari/kvartalnyy-kalendar-2027-standart-s-1-reklamnym-polem-/?crm=Y&bridge=Y","1","1","0.0","7.0","00:18:15"
"https://цифра18.рф/","https://цифра18.рф/catalog/","https://цифра18.рф/catalog/poligrafiya/","https://цифра18.рф/catalog/poligrafiya/kalendari/","https://цифра18.рф/catalog/poligrafiya/kalendari/kvartalnyy-kalendar-premium-1-rekl-pole-svetodiodnyy/","1","1","1.0","1.0","00:00:00"
"https://цифра18.рф/","https://цифра18.рф/catalog/","https://цифра18.рф/catalog/poligrafiya/","https://цифра18.рф/catalog/poligrafiya/kalendari/","https://цифра18.рф/catalog/poligrafiya/kalendari/kvartalnyy-kalendar-premium-prozrachnyy-plastik/","1","1","0.0","2.0","00:00:36"
"https://цифра18.рф/","https://цифра18.рф/catalog/","https://цифра18.рф/catalog/poligrafiya/","https://цифра18.рф/catalog/poligrafiya/kalendari/","https://цифра18.рф/catalog/poligrafiya/kalendari/nastennyy-kalendar-s-perekidnymi-listami/","1","1","0.0","19.0","00:53:16"
"https://цифра18.рф/","https://цифра18.рф/catalog/","https://цифра18.рф/catalog/poligrafiya/","https://цифра18.рф/catalog/poligrafiya/konverty-/","https://цифра18.рф/catalog/poligrafiya/konverty-/konvert-mini-pod-kartu-vizitku-sertifikat-6-9sm-120gr/","1","1","0.0","2.0","00:00:18"
"https://цифра18.рф/","https://цифра18.рф/catalog/","https://цифра18.рф/catalog/poligrafiya/","https://цифра18.рф/catalog/poligrafiya/konverty-/","https://цифра18.рф/catalog/poligrafiya/konverty-/konverty-chernye-/?crm=Y&bridge=Y","1","1","0.0","38.0","01:12:25"
"https://цифра18.рф/","https://цифра18.рф/catalog/","https://цифра18.рф/catalog/poligrafiya/","https://цифра18.рф/catalog/poligrafiya/kvartalnyy-kalendar-premium-3-rekl-polya-prozrachnyy-plastik/","https://цифра18.рф/catalog/poligrafiya/kvartalnyy-kalendar-premium-3-rekl-polya-prozrachnyy-plastik/","1","1","1.0","1.0","00:00:00"
"https://цифра18.рф/","https://цифра18.рф/catalog/","https://цифра18.рф/catalog/poligrafiya/","https://цифра18.рф/catalog/poligrafiya/kvartalnyy-kalendar-premium/","https://цифра18.рф/catalog/poligrafiya/kvartalnyy-kalendar-premium/","1","1","0.0","1.0","00:00:15"
"https://цифра18.рф/","https://цифра18.рф/catalog/","https://цифра18.рф/catalog/poligrafiya/","https://цифра18.рф/catalog/poligrafiya/laminirovanie/","https://цифра18.рф/catalog/poligrafiya/laminirovanie/laminirovanie-teploe-shtrokoformatnoe/","1","1","0.0","7.0","00:17:46"
"https://цифра18.рф/","https://цифра18.рф/catalog/","https://цифра18.рф/catalog/poligrafiya/","https://цифра18.рф/catalog/poligrafiya/laminirovanie/","https://цифра18.рф/catalog/poligrafiya/laminirovanie/shirokoformatnoe-teploe-laminirovanie/","1","1","1.0","1.0","00:00:00"
"https://цифра18.рф/","https://цифра18.рф/catalog/","https://цифра18.рф/catalog/poligrafiya/","https://цифра18.рф/catalog/poligrafiya/listovaya-pechat-na-samokleyushcheysya-plenke-do-sra3/","https://цифра18.рф/catalog/poligrafiya/listovaya-pechat-na-samokleyushcheysya-plenke-do-sra3/","1","1","1.0","1.0","00:00:00"
"https://цифра18.рф/","https://цифра18.рф/catalog/","https://цифра18.рф/catalog/poligrafiya/","https://цифра18.рф/catalog/poligrafiya/listovki-ofsetnaya-pechat/","https://цифра18.рф/catalog/poligrafiya/listovki-ofsetnaya-pechat/evrobuklet-99kh210-mm-ofsetnaya-pechat/","1","1","0.0","1.0","00:00:23"
"https://цифра18.рф/","https://цифра18.рф/catalog/","https://цифра18.рф/catalog/poligrafiya/","https://цифра18.рф/catalog/poligrafiya/listovki-ofsetnaya-pechat/","https://цифра18.рф/catalog/poligrafiya/listovki-ofsetnaya-pechat/liflet-2-faltsa-ofsetnaya-pechat/","1","1","0.0","1.0","00:00:22"
"https://цифра18.рф/","https://цифра18.рф/catalog/","https://цифра18.рф/catalog/poligrafiya/","https://цифра18.рф/catalog/poligrafiya/listovki-ofsetnaya-pechat/","https://цифра18.рф/catalog/poligrafiya/listovki-ofsetnaya-pechat/pechat-listovok-a5-ofsetnaya-pechat/","1","1","0.0","1.0","00:00:46"
"https://цифра18.рф/","https://цифра18.рф/catalog/","https://цифра18.рф/catalog/poligrafiya/","https://цифра18.рф/catalog/poligrafiya/listovki-tsifrovaya-pechat/","https://цифра18.рф/catalog/poligrafiya/listovki-tsifrovaya-pechat/pechat-listovok-a6/?clear_cache=Y","1","1","0.0","4.0","00:03:45"
"https://цифра18.рф/","https://цифра18.рф/catalog/","https://цифра18.рф/catalog/poligrafiya/","https://цифра18.рф/catalog/poligrafiya/otkrytka-sertifikat-a6-tsifrovaya-pechat/","https://цифра18.рф/catalog/poligrafiya/otkrytka-sertifikat-a6-tsifrovaya-pechat/","1","1","0.0","1.0","00:00:15"
"https://цифра18.рф/","https://цифра18.рф/catalog/","https://цифра18.рф/catalog/poligrafiya/","https://цифра18.рф/catalog/poligrafiya/otkrytki-sertifikaty/","https://цифра18.рф/catalog/poligrafiya/otkrytki-sertifikaty/otkrytki-i-sertifikaty/","1","1","1.0","1.0","00:00:00"
"https://цифра18.рф/","https://цифра18.рф/catalog/","https://цифра18.рф/catalog/poligrafiya/","https://цифра18.рф/catalog/poligrafiya/pakety/","https://цифра18.рф/catalog/poligrafiya/pakety/pakety-tsvetnye-pvd/","1","1","0.0","1.0","00:00:20"
"https://цифра18.рф/","https://цифра18.рф/catalog/","https://цифра18.рф/catalog/poligrafiya/","https://цифра18.рф/catalog/poligrafiya/papki-/","https://цифра18.рф/catalog/poligrafiya/papki-/katalog-na-boltakh/","1","1","1.0","1.0","00:00:00"
"https://цифра18.рф/","https://цифра18.рф/catalog/","https://цифра18.рф/catalog/poligrafiya/","https://цифра18.рф/catalog/poligrafiya/papki-/","https://цифра18.рф/catalog/poligrafiya/papki-/papki-na-koltsakh/","1","1","1.0","1.0","00:00:00"
"https://цифра18.рф/","https://цифра18.рф/catalog/","https://цифра18.рф/catalog/poligrafiya/","https://цифра18.рф/catalog/poligrafiya/papki-kartonnye-vyrubnye/","https://цифра18.рф/catalog/poligrafiya/papki-kartonnye-vyrubnye/","1","1","1.0","1.0","00:00:00"
"https://цифра18.рф/","https://цифра18.рф/catalog/","https://цифра18.рф/catalog/poligrafiya/","https://цифра18.рф/catalog/poligrafiya/pechat-bloknotov-a6-oblozhka-4-0-4-0/","https://цифра18.рф/catalog/poligrafiya/pechat-bloknotov-a6-oblozhka-4-0-4-0/","1","1","1.0","1.0","00:00:00"
"https://цифра18.рф/","https://цифра18.рф/catalog/","https://цифра18.рф/catalog/poligrafiya/","https://цифра18.рф/catalog/poligrafiya/pechat-bloknotov-a6/","https://цифра18.рф/catalog/poligrafiya/pechat-bloknotov-a6/","1","1","0.0","3.0","00:01:01"
"https://цифра18.рф/","https://цифра18.рф/catalog/","https://цифра18.рф/catalog/poligrafiya/","https://цифра18.рф/catalog/poligrafiya/pechat-na-samokleyashchikhsya-materialakh/","https://цифра18.рф/catalog/poligrafiya/pechat-na-samokleyashchikhsya-materialakh/figurnye-nakleyki-na-golograficheskoy-plenke-uf-pechat/","1","1","0.0","4.0","00:02:06"
"https://цифра18.рф/","https://цифра18.рф/catalog/","https://цифра18.рф/catalog/poligrafiya/","https://цифра18.рф/catalog/poligrafiya/pechat-na-samokleyashchikhsya-materialakh/","https://цифра18.рф/catalog/poligrafiya/pechat-na-samokleyashchikhsya-materialakh/figurnye-nakleyki-na-samokleyushcheysya-plenke-zerkalnoe-serebro/","1","1","0.0","1.0","00:00:15"
"https://цифра18.рф/","https://цифра18.рф/catalog/","https://цифра18.рф/catalog/poligrafiya/","https://цифра18.рф/catalog/poligrafiya/pechat-na-samokleyashchikhsya-materialakh/","https://цифра18.рф/catalog/poligrafiya/pechat-na-samokleyashchikhsya-materialakh/figurnye-nakleyki-s-folgirovaniem-na-beloy-plenke/","1","1","0.0","1.0","00:00:17"
"https://цифра18.рф/","https://цифра18.рф/catalog/","https://цифра18.рф/catalog/poligrafiya/","https://цифра18.рф/catalog/poligrafiya/pechat-na-samokleyashchikhsya-materialakh/","https://цифра18.рф/catalog/poligrafiya/pechat-na-samokleyashchikhsya-materialakh/listovaya-pechat-na-samokleyushcheysya-bumage-a3/?crm=Y&bridge=Y","1","1","0.0","11.0","00:11:03"
"https://цифра18.рф/","https://цифра18.рф/catalog/","https://цифра18.рф/catalog/poligrafiya/","https://цифра18.рф/catalog/poligrafiya/pechat-na-samokleyashchikhsya-materialakh/","https://цифра18.рф/catalog/poligrafiya/pechat-na-samokleyashchikhsya-materialakh/stikerpaki-na-samokleyushcheysya-plenke/","1","1","0.0","1.0","00:00:33"
"https://цифра18.рф/","https://цифра18.рф/catalog/","https://цифра18.рф/catalog/poligrafiya/","https://цифра18.рф/catalog/poligrafiya/plotternaya-rezka-listami-a31255/","https://цифра18.рф/catalog/poligrafiya/plotternaya-rezka-listami-a31255/","1","1","1.0","1.0","00:00:00"
"https://цифра18.рф/","https://цифра18.рф/catalog/","https://цифра18.рф/catalog/poligrafiya/","https://цифра18.рф/catalog/poligrafiya/plotternaya-rezka/","https://цифра18.рф/catalog/poligrafiya/plotternaya-rezka/plotternaya-rezka-listami-a31255/?crm=Y&bridge=Y","1","1","0.0","19.0","02:13:13"
"https://цифра18.рф/","https://цифра18.рф/catalog/","https://цифра18.рф/catalog/poligrafiya/","https://цифра18.рф/catalog/poligrafiya/postpechatnye-raboty/","https://цифра18.рф/catalog/poligrafiya/postpechatnye-raboty/","1","1","0.0","1.0","00:00:16"
"https://цифра18.рф/","https://цифра18.рф/catalog/","https://цифра18.рф/catalog/poligrafiya/","https://цифра18.рф/catalog/poligrafiya/postpechatnye-raboty/","https://цифра18.рф/catalog/poligrafiya/postpechatnye-raboty/postpechatnye-raboty/","1","1","0.0","19.0","00:43:27"
"https://цифра18.рф/","https://цифра18.рф/catalog/","https://цифра18.рф/catalog/poligrafiya/","https://цифра18.рф/catalog/poligrafiya/rizografiya/","https://цифра18.рф/catalog/poligrafiya/rizografiya/rizografiya-a41169/","1","1","0.0","2.0","00:00:41"
"https://цифра18.рф/","https://цифра18.рф/catalog/","https://цифра18.рф/catalog/poligrafiya/","https://цифра18.рф/catalog/poligrafiya/tsifrovaya-listovaya-lazernaya-pechat-a4/","https://цифра18.рф/catalog/poligrafiya/tsifrovaya-listovaya-lazernaya-pechat-a4/","1","1","0.0","1.0","00:00:15"
"https://цифра18.рф/","https://цифра18.рф/catalog/","https://цифра18.рф/catalog/poligrafiya/","https://цифра18.рф/catalog/poligrafiya/tsifrovaya-pechat-standartnykh-vizitok/","https://цифра18.рф/catalog/poligrafiya/tsifrovaya-pechat-standartnykh-vizitok/","1","1","1.0","1.0","00:00:00"
"https://цифра18.рф/","https://цифра18.рф/catalog/","https://цифра18.рф/catalog/poligrafiya/","https://цифра18.рф/catalog/poligrafiya/uf-pechat1/","https://цифра18.рф/catalog/poligrafiya/uf-pechat1/uf-pechat-do-150sm2/?crm=Y&bridge=Y","1","1","0.0","15.0","00:04:14"
"https://цифра18.рф/","https://цифра18.рф/catalog/","https://цифра18.рф/catalog/poligrafiya/","https://цифра18.рф/catalog/poligrafiya/uf-pechat1/","https://цифра18.рф/catalog/poligrafiya/uf-pechat1/uf-pechat-ot-151-sm2-do-300-kh-420-mm-/?crm=Y&bridge=Y","1","1","0.0","2.0","00:00:37"
"https://цифра18.рф/","https://цифра18.рф/catalog/","https://цифра18.рф/catalog/poligrafiya/","https://цифра18.рф/catalog/poligrafiya/vizitki/","https://цифра18.рф/catalog/poligrafiya/vizitki/ofsetnaya-pechat-standartnykh-vizitok/","1","1","0.0","3.0","00:00:51"
"https://цифра18.рф/","https://цифра18.рф/catalog/","https://цифра18.рф/catalog/poligrafiya/","https://цифра18.рф/catalog/poligrafiya/vizitki/","https://цифра18.рф/catalog/poligrafiya/vizitki/ofsetnaya-pechat-standartnykh-vizitok/?crm=Y&bridge=Y","1","1","0.0","5.0","00:02:06"
"https://цифра18.рф/","https://цифра18.рф/catalog/","https://цифра18.рф/catalog/poligrafiya/","https://цифра18.рф/catalog/poligrafiya/vizitki/","https://цифра18.рф/catalog/poligrafiya/vizitki/tsifrovaya-pechat-standartnykh-vizitok/?crm=Y&bridge=Y","1","1","0.0","15.0","00:44:41"
"https://цифра18.рф/","https://цифра18.рф/catalog/","https://цифра18.рф/catalog/poligrafiya/","https://цифра18.рф/catalog/poligrafiya/vizitki/","https://цифра18.рф/catalog/poligrafiya/vizitki/vizitki-na-tsvetnom-plastike/?crm=Y&bridge=Y","1","1","0.0","2.0","00:15:43"
"https://цифра18.рф/","https://цифра18.рф/catalog/","https://цифра18.рф/catalog/poligrafiya/","https://цифра18.рф/catalog/poligrafiya/vizitki/","https://цифра18.рф/catalog/poligrafiya/vizitki/vizitki-plastikovye/","1","1","0.0","1.0","00:00:15"
"https://цифра18.рф/","https://цифра18.рф/catalog/","https://цифра18.рф/catalog/poligrafiya/","https://цифра18.рф/catalog/poligrafiya/vizitki/","https://цифра18.рф/catalog/poligrafiya/vizitki/vizitki-premium-klassa/?crm=Y&bridge=Y","1","1","0.0","1.0","00:00:27"
"https://цифра18.рф/","https://цифра18.рф/catalog/","https://цифра18.рф/catalog/reklama/","https://цифра18.рф/catalog/reklama/shirokoformatnaya-pechat/","https://цифра18.рф/catalog/reklama/shirokoformatnaya-pechat/pechat-na-flazhnoy-tkani/","1","1","0.0","1.0","00:00:15"
"https://цифра18.рф/","https://цифра18.рф/catalog/","https://цифра18.рф/catalog/reklama/","https://цифра18.рф/catalog/reklama/shirokoformatnaya-pechat/","https://цифра18.рф/catalog/reklama/shirokoformatnaya-pechat/pechat-na-plenke/","1","1","1.0","1.0","00:00:00"
"https://цифра18.рф/","https://цифра18.рф/catalog/","https://цифра18.рф/catalog/s uvenirnaya-produktsiya/","https://цифра18.рф/catalog/s uvenirnaya-produktsiya/tubus- brendirovannyy/","https://цифра18.рф/catalog/s uvenirnaya-produktsiya/tubus- brendirovannyy/","1","1","1.0","1.0","00:00:00"
"https://цифра18.рф/","https://цифра18.рф/catalog/","https://цифра18.рф/catalog/shirokoformatnaya-pechat/","https://цифра18.рф/catalog/shirokoformatnaya-pechat/pechat-na-bannere-shirinoy-do-1-6m/","https://цифра18.рф/catalog/shirokoformatnaya-pechat/pechat-na-bannere-shirinoy-do-1-6m/?crm=Y&bridge=Y","1","1","0.0","1.0","00:00:20"
"https://цифра18.рф/","https://цифра18.рф/catalog/","https://цифра18.рф/catalog/shirokoformatnaya-pechat/","https://цифра18.рф/catalog/shirokoformatnaya-pechat/pechat-na-bannere-shirinoy-do-3-2m/","https://цифра18.рф/catalog/shirokoformatnaya-pechat/pechat-na-bannere-shirinoy-do-3-2m/?crm=Y&bridge=Y","1","1","0.0","3.0","00:13:42"
"https://цифра18.рф/","https://цифра18.рф/catalog/","https://цифра18.рф/catalog/shirokoformatnaya-pechat/","https://цифра18.рф/catalog/shirokoformatnaya-pechat/pechat-na-posternoy-bumage-blue-back/","https://цифра18.рф/catalog/shirokoformatnaya-pechat/pechat-na-posternoy-bumage-blue-back/","1","1","0.0","6.0","00:34:08"
"https://цифра18.рф/","https://цифра18.рф/catalog/","https://цифра18.рф/catalog/shirokoformatnaya-pechat/","https://цифра18.рф/catalog/shirokoformatnaya-pechat/pechat-na-samokleyashcheysya-plenke/","https://цифра18.рф/catalog/shirokoformatnaya-pechat/pechat-na-samokleyashcheysya-plenke/?crm=Y&bridge=Y","1","1","0.0","11.0","00:31:37"
"https://цифра18.рф/","https://цифра18.рф/catalog/","https://цифра18.рф/catalog/stendy/","https://цифра18.рф/catalog/stendy/stendy/","https://цифра18.рф/catalog/stendy/stendy/?back_url_admin=%2Fbitrix%2Fadmin%2F%3Flang%3Dru","1","1","1.0","1.0","00:00:00"
"https://цифра18.рф/","https://цифра18.рф/catalog/","https://цифра18.рф/catalog/suvenirnaya-produktsiya/","https://цифра18.рф/catalog/suvenirnaya-produktsiya/akrilovye-magnity/","https://цифра18.рф/catalog/suvenirnaya-produktsiya/akrilovye-magnity/","1","1","1.0","1.0","00:00:00"
"https://цифра18.рф/","https://цифра18.рф/catalog/","https://цифра18.рф/catalog/suvenirnaya-produktsiya/","https://цифра18.рф/catalog/suvenirnaya-produktsiya/belaya-kruzhka-tsvetnaya-ruchka-dno-330ml/","https://цифра18.рф/catalog/suvenirnaya-produktsiya/belaya-kruzhka-tsvetnaya-ruchka-dno-330ml/","1","1","1.0","1.0","00:00:00"
"https://цифра18.рф/","https://цифра18.рф/catalog/","https://цифра18.рф/catalog/suvenirnaya-produktsiya/","https://цифра18.рф/catalog/suvenirnaya-produktsiya/beysbolki-kepki/","https://цифра18.рф/catalog/suvenirnaya-produktsiya/beysbolki-kepki/#modal-order","1","1","1.0","1.0","00:00:00"
"https://цифра18.рф/","https://цифра18.рф/catalog/","https://цифра18.рф/catalog/suvenirnaya-produktsiya/","https://цифра18.рф/catalog/suvenirnaya-produktsiya/brelok-nobel-metallicheskiy/","https://цифра18.рф/catalog/suvenirnaya-produktsiya/brelok-nobel-metallicheskiy/","1","1","1.0","1.0","00:00:00"
"https://цифра18.рф/","https://цифра18.рф/catalog/","https://цифра18.рф/catalog/suvenirnaya-produktsiya/","https://цифра18.рф/catalog/suvenirnaya-produktsiya/breloki-akrilovye/","https://цифра18.рф/catalog/suvenirnaya-produktsiya/breloki-akrilovye/","1","1","0.0","1.0","00:00:15"
"https://цифра18.рф/","https://цифра18.рф/catalog/","https://цифра18.рф/catalog/suvenirnaya-produktsiya/","https://цифра18.рф/catalog/suvenirnaya-produktsiya/breloki/","https://цифра18.рф/catalog/suvenirnaya-produktsiya/breloki/","1","1","1.0","1.0","00:00:00"
"https://цифра18.рф/","https://цифра18.рф/catalog/","https://цифра18.рф/catalog/suvenirnaya-produktsiya/","https://цифра18.рф/catalog/suvenirnaya-produktsiya/breloki/","https://цифра18.рф/catalog/suvenirnaya-produktsiya/breloki/brelok-layn-kozhannyy/","1","1","1.0","1.0","00:00:00"
"https://цифра18.рф/","https://цифра18.рф/catalog/","https://цифра18.рф/catalog/suvenirnaya-produktsiya/","https://цифра18.рф/catalog/suvenirnaya-produktsiya/breloki/","https://цифра18.рф/catalog/suvenirnaya-produktsiya/breloki/brelok-otkryvashka-bavariya/","1","1","1.0","1.0","00:00:00"
"https://цифра18.рф/","https://цифра18.рф/catalog/","https://цифра18.рф/catalog/suvenirnaya-produktsiya/","https://цифра18.рф/catalog/suvenirnaya-produktsiya/breloki/","https://цифра18.рф/catalog/suvenirnaya-produktsiya/breloki/brelok-ruletka-etti/","1","1","1.0","1.0","00:00:00"
"https://цифра18.рф/","https://цифра18.рф/catalog/","https://цифра18.рф/catalog/suvenirnaya-produktsiya/","https://цифра18.рф/catalog/suvenirnaya-produktsiya/brendirovanie-odezhdy/","https://цифра18.рф/catalog/suvenirnaya-produktsiya/brendirovanie-odezhdy/brendirovanie-beysbolki-kepki/","1","1","0.0","1.0","00:02:58"
"https://цифра18.рф/","https://цифра18.рф/catalog/","https://цифра18.рф/catalog/suvenirnaya-produktsiya/","https://цифра18.рф/catalog/suvenirnaya-produktsiya/brendirovanie-odezhdy/","https://цифра18.рф/catalog/suvenirnaya-produktsiya/brendirovanie-odezhdy/dtf-dtf-pechat/?crm=Y&bridge=Y","1","1","0.0","3.0","00:29:25"
"https://цифра18.рф/","https://цифра18.рф/catalog/","https://цифра18.рф/catalog/suvenirnaya-produktsiya/","https://цифра18.рф/catalog/suvenirnaya-produktsiya/brendirovanie-odezhdy/","https://цифра18.рф/catalog/suvenirnaya-produktsiya/brendirovanie-odezhdy/futbolka-uniseks-chernaya-tsvetnaya/?crm=Y&bridge=Y","1","1","0.0","28.0","01:46:53"
"https://цифра18.рф/","https://цифра18.рф/catalog/","https://цифра18.рф/catalog/suvenirnaya-produktsiya/","https://цифра18.рф/catalog/suvenirnaya-produktsiya/ezhednevniki/","https://цифра18.рф/catalog/suvenirnaya-produktsiya/ezhednevniki/","1","1","1.0","1.0","00:00:00"
"https://цифра18.рф/","https://цифра18.рф/catalog/","https://цифра18.рф/catalog/suvenirnaya-produktsiya/","https://цифра18.рф/catalog/suvenirnaya-produktsiya/ezhednevniki1738/","https://цифра18.рф/catalog/suvenirnaya-produktsiya/ezhednevniki1738/uf-pechat-nanesenie-do-50-kv-sm-/?crm=Y&bridge=Y","1","1","0.0","1.0","00:00:15"
"https://цифра18.рф/","https://цифра18.рф/catalog/","https://цифра18.рф/catalog/suvenirnaya-produktsiya/","https://цифра18.рф/catalog/suvenirnaya-produktsiya/futbolka-belaya-sendvich-revolution-imitatsiya-khlopka/","https://цифра18.рф/catalog/suvenirnaya-produktsiya/futbolka-belaya-sendvich-revolution-imitatsiya-khlopka/#modal-order","1","1","1.0","1.0","00:00:00"
"https://цифра18.рф/","https://цифра18.рф/catalog/","https://цифра18.рф/catalog/suvenirnaya-produktsiya/","https://цифра18.рф/catalog/suvenirnaya-produktsiya/futbolki/","https://цифра18.рф/catalog/suvenirnaya-produktsiya/futbolki/korobka-dlya-futbolki/","1","1","1.0","1.0","00:00:00"
"https://цифра18.рф/","https://цифра18.рф/catalog/","https://цифра18.рф/catalog/suvenirnaya-produktsiya/","https://цифра18.рф/catalog/suvenirnaya-produktsiya/igry-i-golovolomki/","https://цифра18.рф/catalog/suvenirnaya-produktsiya/igry-i-golovolomki/","1","1","1.0","1.0","00:00:00"
"https://цифра18.рф/","https://цифра18.рф/catalog/","https://цифра18.рф/catalog/suvenirnaya-produktsiya/","https://цифра18.рф/catalog/suvenirnaya-produktsiya/igry-i-golovolomki/","https://цифра18.рф/catalog/suvenirnaya-produktsiya/igry-i-golovolomki/karty-igralnye/","1","1","1.0","1.0","00:00:00"
"https://цифра18.рф/","https://цифра18.рф/catalog/","https://цифра18.рф/catalog/suvenirnaya-produktsiya/","https://цифра18.рф/catalog/suvenirnaya-produktsiya/korporativnye-podarki/","https://цифра18.рф/catalog/suvenirnaya-produktsiya/korporativnye-podarki/kruzhka-v-korobke-s-dvoynym-bortom/","1","1","0.0","1.0","00:01:51"
"https://цифра18.рф/","https://цифра18.рф/catalog/","https://цифра18.рф/catalog/suvenirnaya-produktsiya/","https://цифра18.рф/catalog/suvenirnaya-produktsiya/kubki/","https://цифра18.рф/catalog/suvenirnaya-produktsiya/kubki/","1","1","1.0","1.0","00:00:00"
"https://цифра18.рф/","https://цифра18.рф/catalog/","https://цифра18.рф/catalog/suvenirnaya-produktsiya/","https://цифра18.рф/catalog/suvenirnaya-produktsiya/lazernaya-gravirovka-markirovka/","https://цифра18.рф/catalog/suvenirnaya-produktsiya/lazernaya-gravirovka-markirovka/gravirovka-na-fleshkakh/","1","1","0.0","1.0","00:00:15"
"https://цифра18.рф/","https://цифра18.рф/catalog/","https://цифра18.рф/catalog/suvenirnaya-produktsiya/","https://цифра18.рф/catalog/suvenirnaya-produktsiya/lazernaya-gravirovka-markirovka/","https://цифра18.рф/catalog/suvenirnaya-produktsiya/lazernaya-gravirovka-markirovka/gravirovka-na-kruzhkakh-s-pokrytiem-soft-tach/","1","1","0.0","4.0","00:01:14"
"https://цифра18.рф/","https://цифра18.рф/catalog/","https://цифра18.рф/catalog/suvenirnaya-produktsiya/","https://цифра18.рф/catalog/suvenirnaya-produktsiya/magnity-akrilovye/","https://цифра18.рф/catalog/suvenirnaya-produktsiya/magnity-akrilovye/","1","1","0.0","3.0","00:15:17"
"https://цифра18.рф/","https://цифра18.рф/catalog/","https://цифра18.рф/catalog/suvenirnaya-produktsiya/","https://цифра18.рф/catalog/suvenirnaya-produktsiya/magnity-vinilovye/","https://цифра18.рф/catalog/suvenirnaya-produktsiya/magnity-vinilovye/vinilovye-magnity-30kh42sm/","1","1","1.0","1.0","00:00:00"
"https://цифра18.рф/","https://цифра18.рф/catalog/","https://цифра18.рф/catalog/suvenirnaya-produktsiya/","https://цифра18.рф/catalog/suvenirnaya-produktsiya/magnity-vinilovye/","https://цифра18.рф/catalog/suvenirnaya-produktsiya/magnity-vinilovye/vinilovye-magnity-5kh5sm/","1","1","1.0","1.0","00:00:03"
"https://цифра18.рф/","https://цифра18.рф/catalog/","https://цифра18.рф/catalog/suvenirnaya-produktsiya/","https://цифра18.рф/catalog/suvenirnaya-produktsiya/medali-iz-orgstekla/","https://цифра18.рф/catalog/suvenirnaya-produktsiya/medali-iz-orgstekla/","1","1","1.0","1.0","00:00:00"
"https://цифра18.рф/","https://цифра18.рф/catalog/","https://цифра18.рф/catalog/suvenirnaya-produktsiya/","https://цифра18.рф/catalog/suvenirnaya-produktsiya/medali-kubki-nagradnaya-produktsiya/","https://цифра18.рф/catalog/suvenirnaya-produktsiya/medali-kubki-nagradnaya-produktsiya/medal-pod-nanesenie-d-5-sm-s-lentoy/","1","1","0.0","4.0","00:11:38"
"https://цифра18.рф/","https://цифра18.рф/catalog/","https://цифра18.рф/catalog/suvenirnaya-produktsiya/","https://цифра18.рф/catalog/suvenirnaya-produktsiya/medali-kubki-nagradnaya-produktsiya/","https://цифра18.рф/catalog/suvenirnaya-produktsiya/medali-kubki-nagradnaya-produktsiya/medali-iz-orgstekla/","1","1","1.0","1.0","00:00:00"
"https://цифра18.рф/","https://цифра18.рф/catalog/","https://цифра18.рф/catalog/suvenirnaya-produktsiya/","https://цифра18.рф/catalog/suvenirnaya-produktsiya/medali-kubki-nagradnaya-produktsiya/","https://цифра18.рф/catalog/suvenirnaya-produktsiya/medali-kubki-nagradnaya-produktsiya/nagradnye-stely-stela-tribute/","1","1","1.0","1.0","00:00:00"
"https://цифра18.рф/","https://цифра18.рф/catalog/","https://цифра18.рф/catalog/suvenirnaya-produktsiya/","https://цифра18.рф/catalog/suvenirnaya-produktsiya/medali-kubki-nagradnaya-produktsiya/","https://цифра18.рф/catalog/suvenirnaya-produktsiya/medali-kubki-nagradnaya-produktsiya/stela-staklar/","1","1","0.0","1.0","00:00:15"
"https://цифра18.рф/","https://цифра18.рф/catalog/","https://цифра18.рф/catalog/suvenirnaya-produktsiya/","https://цифра18.рф/catalog/suvenirnaya-produktsiya/pechat-na-karandashakh/","https://цифра18.рф/catalog/suvenirnaya-produktsiya/pechat-na-karandashakh/pechat-na-karandashakh/","1","1","1.0","1.0","00:00:00"
"https://цифра18.рф/","https://цифра18.рф/catalog/","https://цифра18.рф/catalog/suvenirnaya-produktsiya/","https://цифра18.рф/catalog/suvenirnaya-produktsiya/pechat-na-kruzhkakh/","https://цифра18.рф/catalog/suvenirnaya-produktsiya/pechat-na-kruzhkakh/]печать/","1","1","1.0","1.0","00:00:00"
"https://цифра18.рф/","https://цифра18.рф/catalog/","https://цифра18.рф/catalog/suvenirnaya-produktsiya/","https://цифра18.рф/catalog/suvenirnaya-produktsiya/pechat-na-kruzhkakh/","https://цифра18.рф/catalog/suvenirnaya-produktsiya/pechat-na-kruzhkakh/belaya-kruzhka-tsvetnaya-ruchka-dno-330ml/?crm=Y&bridge=Y","1","1","0.0","2.0","00:03:06"
"https://цифра18.рф/","https://цифра18.рф/catalog/","https://цифра18.рф/catalog/suvenirnaya-produktsiya/","https://цифра18.рф/catalog/suvenirnaya-produktsiya/pechat-na-kruzhkakh/","https://цифра18.рф/catalog/suvenirnaya-produktsiya/pechat-na-kruzhkakh/kruzhka-avtomobilnaya-400ml/","1","1","1.0","1.0","00:00:00"
"https://цифра18.рф/","https://цифра18.рф/catalog/","https://цифра18.рф/catalog/suvenirnaya-produktsiya/","https://цифра18.рф/catalog/suvenirnaya-produktsiya/pechat-na-kruzhkakh/","https://цифра18.рф/catalog/suvenirnaya-produktsiya/pechat-na-kruzhkakh/kruzhka-khameleon-330ml/","1","1","1.0","1.0","00:00:00"
"https://цифра18.рф/","https://цифра18.рф/catalog/","https://цифра18.рф/catalog/suvenirnaya-produktsiya/","https://цифра18.рф/catalog/suvenirnaya-produktsiya/pechat-na-kruzhkakh/","https://цифра18.рф/catalog/suvenirnaya-produktsiya/pechat-na-kruzhkakh/kruzhka-latte-350ml/","1","1","0.0","26.0","02:36:29"
"https://цифра18.рф/","https://цифра18.рф/catalog/","https://цифра18.рф/catalog/suvenirnaya-produktsiya/","https://цифра18.рф/catalog/suvenirnaya-produktsiya/pechat-na-kruzhkakh/","https://цифра18.рф/catalog/suvenirnaya-produktsiya/pechat-na-kruzhkakh/kruzhka-spring-soft-tach-350ml/","1","1","1.0","1.0","00:00:00"
"https://цифра18.рф/","https://цифра18.рф/catalog/","https://цифра18.рф/catalog/suvenirnaya-produktsiya/","https://цифра18.рф/catalog/suvenirnaya-produktsiya/pechat-na-kruzhkakh/","https://цифра18.рф/catalog/suvenirnaya-produktsiya/pechat-na-kruzhkakh/termobutylka-germetichnaya-vakuumnaya-olivia-480ml/","1","1","0.0","1.0","00:00:16"
"https://цифра18.рф/","https://цифра18.рф/catalog/","https://цифра18.рф/catalog/suvenirnaya-produktsiya/","https://цифра18.рф/catalog/suvenirnaya-produktsiya/pechat-na-kruzhkakh/","https://цифра18.рф/catalog/suvenirnaya-produktsiya/pechat-na-kruzhkakh/termokruzhka-gamma-soft-tach-420ml/","1","1","0.0","1.0","00:00:24"
"https://цифра18.рф/","https://цифра18.рф/catalog/","https://цифра18.рф/catalog/suvenirnaya-produktsiya/","https://цифра18.рф/catalog/suvenirnaya-produktsiya/pechat-na-kruzhkakh/","https://цифра18.рф/catalog/suvenirnaya-produktsiya/pechat-na-kruzhkakh/termos-perfecto-soft-tach-500ml/","1","1","0.0","6.0","00:03:07"
"https://цифра18.рф/","https://цифра18.рф/catalog/","https://цифра18.рф/catalog/suvenirnaya-produktsiya/","https://цифра18.рф/catalog/suvenirnaya-produktsiya/pechat-na-kruzhkakh/","https://цифра18.рф/catalog/suvenirnaya-produktsiya/pechat-na-kruzhkakh/termos-picnic-silver-serebristyy/","1","1","0.0","1.0","00:00:15"
"https://цифра18.рф/","https://цифра18.рф/catalog/","https://цифра18.рф/catalog/suvenirnaya-produktsiya/","https://цифра18.рф/catalog/suvenirnaya-produktsiya/pechat-na-kruzhkakh/","https://цифра18.рф/catalog/suvenirnaya-produktsiya/pechat-na-kruzhkakh/termostakan/","1","1","0.0","1.0","00:00:16"
"https://цифра18.рф/","https://цифра18.рф/catalog/","https://цифра18.рф/catalog/suvenirnaya-produktsiya/","https://цифра18.рф/catalog/suvenirnaya-produktsiya/pechat-na-pazlakh/","https://цифра18.рф/catalog/suvenirnaya-produktsiya/pechat-na-pazlakh/pechat-na-pazlakh/","1","1","0.0","1.0","00:00:15"
"https://цифра18.рф/","https://цифра18.рф/catalog/","https://цифра18.рф/catalog/suvenirnaya-produktsiya/","https://цифра18.рф/catalog/suvenirnaya-produktsiya/pechat-na-ruchkakh/","https://цифра18.рф/catalog/suvenirnaya-produktsiya/pechat-na-ruchkakh/chekhol-dlya-ruchki53243861/","1","1","0.0","1.0","00:00:15"
"https://цифра18.рф/","https://цифра18.рф/catalog/","https://цифра18.рф/catalog/suvenirnaya-produktsiya/","https://цифра18.рф/catalog/suvenirnaya-produktsiya/pechat-na-ruchkakh/","https://цифра18.рф/catalog/suvenirnaya-produktsiya/pechat-na-ruchkakh/ruchka-metallicheskaya-dallas-touch/?crm=Y&bridge=Y","1","1","0.0","17.0","00:16:50"
"https://цифра18.рф/","https://цифра18.рф/catalog/","https://цифра18.рф/catalog/suvenirnaya-produktsiya/","https://цифра18.рф/catalog/suvenirnaya-produktsiya/pechat-na-ruchkakh/","https://цифра18.рф/catalog/suvenirnaya-produktsiya/pechat-na-ruchkakh/ruchka-metallicheskaya-s-pokrytiem-soft-tach-title-t-tinny/","1","1","1.0","1.0","00:00:00"
"https://цифра18.рф/","https://цифра18.рф/catalog/","https://цифра18.рф/catalog/suvenirnaya-produktsiya/","https://цифра18.рф/catalog/suvenirnaya-produktsiya/pechat-na-ruchkakh/","https://цифра18.рф/catalog/suvenirnaya-produktsiya/pechat-na-ruchkakh/ruchka-sharikovaya-title-f/?crm=Y&bridge=Y","1","1","0.0","3.0","00:30:00"
"https://цифра18.рф/","https://цифра18.рф/catalog/","https://цифра18.рф/catalog/suvenirnaya-produktsiya/","https://цифра18.рф/catalog/suvenirnaya-produktsiya/pechat-na-ruchkakh/","https://цифра18.рф/catalog/suvenirnaya-produktsiya/pechat-na-ruchkakh/ruchka-sharikovaya-title-p-promo/","1","1","0.0","1.0","00:00:15"
"https://цифра18.рф/","https://цифра18.рф/catalog/","https://цифра18.рф/catalog/suvenirnaya-produktsiya/","https://цифра18.рф/catalog/suvenirnaya-produktsiya/pechat-na-ruchkakh/","https://цифра18.рф/catalog/suvenirnaya-produktsiya/pechat-na-ruchkakh/ruchka-sharikovaya-title-p/","1","1","0.0","21.0","00:47:10"
"https://цифра18.рф/","https://цифра18.рф/catalog/","https://цифра18.рф/catalog/suvenirnaya-produktsiya/","https://цифра18.рф/catalog/suvenirnaya-produktsiya/popsokety/","https://цифра18.рф/catalog/suvenirnaya-produktsiya/popsokety/","1","1","0.0","1.0","00:00:18"
"https://цифра18.рф/","https://цифра18.рф/catalog/","https://цифра18.рф/catalog/suvenirnaya-produktsiya/","https://цифра18.рф/catalog/suvenirnaya-produktsiya/ryukzaki-i-sumki/","https://цифра18.рф/catalog/suvenirnaya-produktsiya/ryukzaki-i-sumki/sumka-shopper-belyy/","1","1","1.0","1.0","00:00:00"
"https://цифра18.рф/","https://цифра18.рф/catalog/","https://цифра18.рф/catalog/suvenirnaya-produktsiya/","https://цифра18.рф/catalog/suvenirnaya-produktsiya/ryukzaki-i-sumki/","https://цифра18.рф/catalog/suvenirnaya-produktsiya/ryukzaki-i-sumki/sumka-shopper-bezhevyy/?crm=Y&bridge=Y","1","1","0.0","23.0","01:46:07"
"https://цифра18.рф/","https://цифра18.рф/catalog/","https://цифра18.рф/catalog/suvenirnaya-produktsiya/","https://цифра18.рф/catalog/suvenirnaya-produktsiya/shokolad-s-logotipom/","https://цифра18.рф/catalog/suvenirnaya-produktsiya/shokolad-s-logotipom/","1","1","0.0","2.0","00:00:40"
"https://цифра18.рф/","https://цифра18.рф/catalog/","https://цифра18.рф/catalog/suvenirnaya-produktsiya/","https://цифра18.рф/catalog/suvenirnaya-produktsiya/tablichka-dlya-oplaty-s-qr-kodom/","https://цифра18.рф/catalog/suvenirnaya-produktsiya/tablichka-dlya-oplaty-s-qr-kodom/tablichka-dlya-oplaty-s-qr-kodom-na-bruske/","1","1","1.0","1.0","00:00:00"
"https://цифра18.рф/","https://цифра18.рф/catalog/","https://цифра18.рф/catalog/suvenirnaya-produktsiya/","https://цифра18.рф/catalog/suvenirnaya-produktsiya/vinilovye-magnity-5kh5sm/","https://цифра18.рф/catalog/suvenirnaya-produktsiya/vinilovye-magnity-5kh5sm/","1","1","0.0","1.0","00:00:15"
"https://цифра18.рф/","https://цифра18.рф/catalog/","https://цифра18.рф/catalog/suvenirnaya-produktsiya/","https://цифра18.рф/catalog/suvenirnaya-produktsiya/vinilovye-magnity-7kh10sm/","https://цифра18.рф/catalog/suvenirnaya-produktsiya/vinilovye-magnity-7kh10sm/","1","1","0.0","1.0","00:00:18"
"https://цифра18.рф/","https://цифра18.рф/catalog/","https://цифра18.рф/catalog/suvenirnaya-produktsiya/","https://цифра18.рф/catalog/suvenirnaya-produktsiya/vinilovye-magnity/","https://цифра18.рф/catalog/suvenirnaya-produktsiya/vinilovye-magnity/","1","1","1.0","1.0","00:00:00"
"https://цифра18.рф/","https://цифра18.рф/catalog/","https://цифра18.рф/catalog/suvenirnaya-produktsiya/","https://цифра18.рф/catalog/suvenirnaya-produktsiya/znachki-zakatnye9558/","https://цифра18.рф/catalog/suvenirnaya-produktsiya/znachki-zakatnye9558/zakatnye-znachki-glyantsevye/?crm=Y&bridge=Y","1","1","0.0","3.0","00:04:59"
"https://цифра18.рф/","https://цифра18.рф/local/","https://цифра18.рф/local/admin/","https://цифра18.рф/local/admin/operations_catalog.ph/","https://цифра18.рф/local/admin/operations_catalog.ph/","1","1","1.0","1.0","00:00:00"
"https://цифра18.рф/","https://цифра18.рф/local/","https://цифра18.рф/local/admin/","https://цифра18.рф/local/admin/pt_generate_missing_tasks.php","https://цифра18.рф/local/admin/pt_generate_missing_tasks.php","1","1","0.0","4.0","00:05:21"
"https://цифра18.рф/","https://цифра18.рф/news/","https://цифра18.рф/news/abonementy-i-dnevniki-dlya-kluba-khudozhestvennoy-gimnastiki-/","Не определено","https://цифра18.рф/news/abonementy-i-dnevniki-dlya-kluba-khudozhestvennoy-gimnastiki-/","1","1","1.0","1.0","00:00:00"
"https://цифра18.рф/","https://цифра18.рф/news/","https://цифра18.рф/news/chto-takoe-press-voll-kak-ego-zakazat-i-napechatat/","Не определено","https://цифра18.рф/news/chto-takoe-press-voll-kak-ego-zakazat-i-napechatat/","1","1","1.0","1.0","00:00:00"
"https://цифра18.рф/","https://цифра18.рф/news/","https://цифра18.рф/news/est-vopros-nuzhno-li-kleit-znak-shipy-na-avtomobil-etoy-zimoy/","Не определено","https://цифра18.рф/news/est-vopros-nuzhno-li-kleit-znak-shipy-na-avtomobil-etoy-zimoy/","1","1","1.0","1.0","00:00:00"
"https://цифра18.рф/","https://цифра18.рф/news/","https://цифра18.рф/news/evroflaer-99h210mm-polezno-190/","Не определено","https://цифра18.рф/news/evroflaer-99h210mm-polezno-190/","1","1","0.0","1.0","00:00:15"
"https://цифра18.рф/","https://цифра18.рф/news/","https://цифра18.рф/news/kalendar-v-biznese-eto-ne-prosto-sposob-napomnit-sebe-eshche-raz/","Не определено","https://цифра18.рф/news/kalendar-v-biznese-eto-ne-prosto-sposob-napomnit-sebe-eshche-raz/","1","1","1.0","1.0","00:00:00"
"https://цифра18.рф/","https://цифра18.рф/news/","https://цифра18.рф/news/pechat-korporativnykh-otkrytok-s-logotipom-kompanii/","Не определено","https://цифра18.рф/news/pechat-korporativnykh-otkrytok-s-logotipom-kompanii/","1","1","1.0","1.0","00:00:00"
"https://цифра18.рф/","https://цифра18.рф/news/","https://цифра18.рф/news/pechat-na-bumazhnykh-paketakh-kraft/","Не определено","https://цифра18.рф/news/pechat-na-bumazhnykh-paketakh-kraft/","1","1","1.0","1.0","00:00:00"
"https://цифра18.рф/","https://цифра18.рф/news/","https://цифра18.рф/news/podarochnye-pazly-v-korobkedlya-ao-/","Не определено","https://цифра18.рф/news/podarochnye-pazly-v-korobkedlya-ao-/","1","1","1.0","1.0","00:00:00"
"https://цифра18.рф/","https://цифра18.рф/news/","https://цифра18.рф/news/ramki-iz-alyuminievogo-profilya-anodirovannogo-alyuminiya/","Не определено","https://цифра18.рф/news/ramki-iz-alyuminievogo-profilya-anodirovannogo-alyuminiya/","1","1","0.0","1.0","00:00:24"
"https://цифра18.рф/","https://цифра18.рф/news/","https://цифра18.рф/news/roll-ap-rollap-roll-up-rolap-mobilnyy-razdvizhnoy-reklamnyy-stend-s-bannerom-ili-ego-analogom-smatyv/","Не определено","https://цифра18.рф/news/roll-ap-rollap-roll-up-rolap-mobilnyy-razdvizhnoy-reklamnyy-stend-s-bannerom-ili-ego-analogom-smatyv/","1","1","1.0","1.0","00:00:00"
"https://цифра18.рф/","https://цифра18.рф/news/","https://цифра18.рф/news/sezonnoe-oformlenie-magazinov-eto-odna-iz-/","Не определено","https://цифра18.рф/news/sezonnoe-oformlenie-magazinov-eto-odna-iz-/","1","1","1.0","1.0","00:00:00"
"https://цифра18.рф/","https://цифра18.рф/news/","https://цифра18.рф/news/trebuetsya-menedzher-tipografii-po-rabote-s-klientami/","Не определено","https://цифра18.рф/news/trebuetsya-menedzher-tipografii-po-rabote-s-klientami/","1","1","0.0","1.0","00:00:15"
"https://цифра18.рф/","https://цифра18.рф/passwd/","Не определено","Не определено","https://цифра18.рф/passwd/","1","1","0.0","1.0","00:00:16"
"https://цифра18.рф/","https://цифра18.рф/product/","https://цифра18.рф/product/pechat-chertezhej/","Не определено","https://цифра18.рф/product/pechat-chertezhej/","1","1","1.0","1.0","00:00:00"
"https://цифра18.рф/","https://цифра18.рф/product/","https://цифра18.рф/product/pechat-na-kraft-ruchkah/","Не определено","https://цифра18.рф/product/pechat-na-kraft-ruchkah/","1","1","1.0","1.0","00:00:00"
"https://цифра18.рф/","https://цифра18.рф/product/","https://цифра18.рф/product/pechat-na-sotovom-i-jacheistom-kartone/","Не определено","https://цифра18.рф/product/pechat-na-sotovom-i-jacheistom-kartone/","1","1","1.0","1.0","00:00:00"
"https://цифра18.рф/","https://цифра18.рф/search/","https://цифра18.рф/search/?q=Печать&PAGEN_1=4","Не определено","https://цифра18.рф/search/?q=Печать&PAGEN_1=4","1","1","1.0","1.0","00:00:00"
"https://цифра18.рф/","https://цифра18.рф/search/","https://цифра18.рф/search/?q=Табличка","Не определено","https://цифра18.рф/search/?q=Табличка","1","1","1.0","1.0","00:00:00"
"https://цифра18.рф/","https://цифра18.рф/shop/","https://цифра18.рф/shop/sitemap-hot-4020969.xml/","Не определено","https://цифра18.рф/shop/sitemap-hot-4020969.xml/","1","1","1.0","1.0","00:00:00"
"https://цифра18.рф/","https://цифра18.рф/shop/","https://цифра18.рф/shop/sitemap-hot-4030969.xml/","Не определено","https://цифра18.рф/shop/sitemap-hot-4030969.xml/","1","1","1.0","1.0","00:00:00"
"https://цифра18.рф/","https://цифра18.рф/shop/","https://цифра18.рф/shop/sitemap-hot-4038969.xml/","Не определено","https://цифра18.рф/shop/sitemap-hot-4038969.xml/","1","1","1.0","1.0","00:00:00"
"https://цифра18.рф/","https://цифра18.рф/shop/","https://цифра18.рф/shop/sitemap-hot-4040969.xml/","Не определено","https://цифра18.рф/shop/sitemap-hot-4040969.xml/","1","1","1.0","1.0","00:00:00"
"https://цифра18.рф/","https://цифра18.рф/shop/","https://цифра18.рф/shop/sitemap.xml/","Не определено","https://цифра18.рф/shop/sitemap.xml/","1","1","1.0","1.0","00:00:00"
"https://цифра18.рф/","https://цифра18.рф/sogl/","Не определено","Не определено","https://цифра18.рф/sogl/","1","1","1.0","1.0","00:00:00"
"https://цифра18.рф/","https://цифра18.рф/termos-s-individualnoj-pechatju-prekrasnyj-podarok-dlja-klientov-i-druzej/","Не определено","Не определено","https://цифра18.рф/termos-s-individualnoj-pechatju-prekrasnyj-podarok-dlja-klientov-i-druzej/","1","1","1.0","1.0","00:00:00"
"https://цифра18.рф/","https://цифра18.рф/v-nashem-pechatnom-salone-predstavlen-bolshoj-vybor-nakleek-k-9-maja/","Не определено","Не определено","https://цифра18.рф/v-nashem-pechatnom-salone-predstavlen-bolshoj-vybor-nakleek-k-9-maja/","1","1","1.0","1.0","00:00:00"
